phi,theta,psi
-0.212399023285668,0.843320717203505,0.0473703272658583
-0.212375104885765,0.843146425800063,0.0473958049309651
-0.212352241801681,0.842980459586276,0.0474205663136416
-0.212331034432276,0.842827213592333,0.0474439811814165
-0.212312083176413,0.842691082848419,0.04746541930182
-0.212295988432954,0.842576462384721,0.0474842504423811
-0.212283350600759,0.842487747231426,0.04749984437063
-0.212274770078691,0.842429332418721,0.0475115708540963
-0.212270847265611,0.842405612976791,0.0475187996603097
-0.212272182560382,0.842420983935824,0.0475209005567998
-0.212279376361864,0.842479840326006,0.0475172433110958
-0.212293029068919,0.842586577177524,0.0475071976907275
-0.21231374108041,0.842745589520565,0.0474901334632252
-0.212342112795197,0.842961272385314,0.0474654203961185
-0.212378744612142,0.843238020801959,0.0474324282569358
-0.212424235401874,0.843580185071448,0.0473905268132078
-0.212478308712668,0.843987762176243,0.047339172108408
-0.212538349069595,0.844452811289099,0.0472796682282983
-0.212601354478347,0.844966547815004,0.0472150946056797
-0.212664322944615,0.845520187158949,0.0471486024029035
-0.212724252474091,0.846104944725921,0.0470833427823216
-0.212778141072466,0.84671203592091,0.0470224669062858
-0.212822986745433,0.847332676148904,0.0469691259371479
-0.212855787498684,0.847958080814893,0.0469264710372592
-0.212873541337908,0.848579465323864,0.0468976533689716
-0.2128732462688,0.849188045080808,0.0468858240946375
-0.21285190029705,0.849775035490713,0.0468941343766081
-0.212806501428349,0.850331651958567,0.0469257353772352
-0.212734047668391,0.85084910988936,0.0469837782588707
-0.212631537022865,0.851318624688081,0.0470714141838668
-0.212495967497465,0.851731411759718,0.0471917943145745
-0.212324515388083,0.85207929359702,0.0473480698133459
-0.212118175990692,0.852361541599835,0.0475423752239283
-0.211881613375777,0.852582425598169,0.047771248609795
-0.211619639843749,0.852746307830036,0.0480293125143498
-0.211337067695021,0.852857550533451,0.0483111877986175
-0.211038709230002,0.852920515946426,0.0486114953236221
-0.210729376749102,0.852939566306978,0.0489248559503877
-0.210413882552733,0.85291906385312,0.0492458905399384
-0.210097038941305,0.852863370822865,0.0495692199532989
-0.209783658215228,0.852776849454229,0.0498894650514925
-0.209478552674914,0.852663861985226,0.0502012466955442
-0.209186534620772,0.852528770653869,0.0504991857464783
-0.208912416353214,0.852375937698173,0.0507779030653188
-0.20866101017265,0.852209725356152,0.0510320195130891
-0.20843712837949,0.85203449586582,0.0512561559508149
-0.208245583274146,0.851854611465988,0.0514449332395195
-0.208090249356296,0.851674464319604,0.0515930080584937
-0.207969838537341,0.851498555744062,0.0516985231361984
-0.207881295717815,0.851331411938239,0.0517659776381443
-0.207821564246305,0.85117755910101,0.051800546401962
-0.2077875874714,0.851041523431252,0.0518074042652801
-0.207776308741686,0.85092783112784,0.0517917260657281
-0.207784671405752,0.850841008389651,0.0517586866409363
-0.207809618812186,0.850785581415563,0.0517134608285332
-0.207848094309574,0.850766076404449,0.0516612234661493
-0.207897041246506,0.850787019555188,0.0516071493914134
-0.207953402971568,0.850852937066655,0.0515564134419555
-0.208014122833348,0.850968355137726,0.0515141904554044
-0.208076144180435,0.851137799967278,0.0514856552693905
-0.208136410361415,0.851365797754187,0.0514759827215423
-0.208191864724877,0.85165687469733,0.0514903476494901
-0.208239463772754,0.852015398897892,0.0515339248908633
-0.208277444169609,0.852439927530775,0.0516115519801217
-0.208306376819372,0.852921657517863,0.0517239277750183
-0.208327080749319,0.853451312381559,0.0518689739626153
-0.208340374986729,0.854019615644265,0.0520445608872913
-0.208347078558877,0.854617290828385,0.0522485588934272
-0.208348010493043,0.85523506145632,0.0524788383254016
-0.208343989816503,0.855863651050473,0.0527332695275946
-0.208335835556535,0.856493783133247,0.053009722844386
-0.208324366740416,0.857116181227045,0.0533060686201554
-0.208310402395424,0.857721568854268,0.0536201771992821
-0.208294761548836,0.858300669537321,0.0539499189261463
-0.20827826322793,0.858844206798605,0.0542931641451274
-0.208261726459983,0.859342904160522,0.0546477832006047
-0.208245970272272,0.859787485145477,0.0550116464369583
-0.208231813692076,0.86016867327587,0.0553826241985675
-0.208220027792041,0.86047845626971,0.0557585868243682
-0.208210795246217,0.860718519290697,0.0561371999091755
-0.208203903896333,0.860895036522049,0.0565153822016133
-0.20819913428469,0.861014206563436,0.0568898822085722
-0.208196266953593,0.861082228014528,0.057257448436943
-0.208195082445342,0.861105299474993,0.057614829393617
-0.208195361302241,0.861089619544501,0.057958773585485
-0.208196884066591,0.861041386822722,0.0582860295194378
-0.208199431280695,0.860966799909326,0.0585933457023669
-0.208202783486856,0.860872057403981,0.0588774706411626
-0.208206721227377,0.860763357906357,0.0591351528427162
-0.208211025044558,0.860646900016124,0.0593631408139184
-0.208215475480704,0.860528882332951,0.0595581830616607
-0.208219853078116,0.860415503456508,0.0597170280928336
-0.208223938379096,0.860312961986463,0.0598364244143281
-0.208227511927298,0.860227449868313,0.0599131205330354
-0.208230405051222,0.860162925490841,0.0599440000211851
-0.208232634327526,0.860117881944615,0.0599309108165587
-0.208234258559721,0.860089991864477,0.0598819888366438
-0.208235336551322,0.860076927885268,0.0598057744315359
-0.208235927105839,0.860076362641829,0.05971080795133
-0.208236089026787,0.860085968769003,0.0596056297461223
-0.208235881117679,0.860103418901629,0.0594987801660079
-0.208235362182025,0.86012638567455,0.0593987995610825
-0.208234591023342,0.860152541722606,0.0593142282814414
-0.20823362644514,0.86017955968064,0.0592536066771812
-0.208232527250933,0.860205112183493,0.0592254750983963
-0.208231352244232,0.860226871866005,0.0592383738951827
-0.208230160228553,0.860242511363018,0.0593008434176368
-0.208229010007406,0.860249703309373,0.0594214240158524
-0.208227960384305,0.860246120339912,0.0596086560399267
-0.208227069308745,0.860229582740237,0.0598710798399544
-0.208226363340517,0.860200670300211,0.0602156293328424
-0.208225829280499,0.860162409148223,0.0606369157390994
-0.208225451372334,0.860117910145237,0.0611238460117045
-0.208225213859671,0.86007028415222,0.0616652960772661
-0.208225100986154,0.860022642030136,0.0622501418623944
-0.20822509699543,0.859978094639951,0.0628672592936981
-0.208225186131147,0.859939752842629,0.0635055242977876
-0.208225352636949,0.859910727499137,0.064153812801272
-0.208225580756482,0.859894129470438,0.0648010007307607
-0.208225854733394,0.859893069617499,0.0654359640128643
-0.20822615881133,0.859910658801284,0.0660475785741907
-0.208226477233936,0.85995000788276,0.0666247203413506
-0.20822679424486,0.86001422772289,0.0671562652409539
-0.208227094087746,0.860106429182641,0.0676310891996086
-0.208227361006242,0.860229723122977,0.0680380681439254
-0.208227580876064,0.860386345649696,0.0683660941551814
-0.208227752092289,0.860574147671549,0.0686094818303611
-0.208227878845298,0.860789608854215,0.0687758141402814
-0.208227965356992,0.861029208396951,0.068874665916566
-0.208228015849274,0.861289425499016,0.0689156119908363
-0.208228034544047,0.86156673935967,0.0689082271947148
-0.208228025663213,0.86185762917817,0.0688620863598244
-0.208227993428673,0.862158574153777,0.0687867643177882
-0.208227942062331,0.862466053485747,0.0686918359002269
-0.208227875786088,0.86277654637334,0.0685868759387644
-0.208227798821847,0.863086532015816,0.0684814592650229
-0.20822771539151,0.863392489612431,0.0683851607106245
-0.208227629716979,0.863690898362446,0.0683075551071921
-0.208227546020156,0.863978237465119,0.0682582172863484
-0.208227468522945,0.864250986119709,0.0682467220797154
-0.208227401443069,0.864505660447673,0.0682826443189153
-0.208227347595879,0.864741546510296,0.0683750982470486
-0.208227306365257,0.864962577264084,0.0685245899836404
-0.208227276619946,0.865173129773076,0.0687239944281437
-0.208227257228692,0.865377581101309,0.0689659221613417
-0.208227247060239,0.865580308312825,0.0692429837640185
-0.208227244983332,0.86578568847166,0.0695477898169568
-0.208227249866716,0.865998098641855,0.0698729509009399
-0.208227260579134,0.866221915887449,0.0702110775967513
-0.208227275989334,0.866461517272479,0.0705547804851745
-0.208227294966057,0.866721279860985,0.0708966701469926
-0.20822731637805,0.867005580717006,0.0712293571629892
-0.208227339094057,0.867318796904581,0.0715454521139478
-0.208227361982823,0.867665305487749,0.0718375655806511
-0.208227383913092,0.868049483530548,0.0720983081438829
-0.20822740375361,0.868475708097018,0.0723202903844267
-0.208227420412064,0.868947732147236,0.0724961228830652
-0.208227433523985,0.86946245950123,0.0726202868713164
-0.208227443370142,0.870012560653317,0.0726966412584391
-0.208227450253654,0.870590643426045,0.072731977336326
-0.20822745447764,0.871189315641959,0.0727330873943
-0.20822745634522,0.871801185123606,0.0727067637216832
-0.208227456159512,0.872418859693534,0.0726597986077977
-0.208227454223634,0.873034947174287,0.0725989843419659
-0.208227450840707,0.873642055388414,0.0725311132135105
-0.208227446313849,0.87423279215846,0.0724629775117529
-0.208227440946178,0.874799765306972,0.0724013695260157
-0.208227435040814,0.875335582656497,0.072353081545621
-0.208227428900876,0.875832852029581,0.0723249058598916
-0.208227422829483,0.876284181248771,0.0723236347581491
-0.208227417129754,0.876682178136613,0.072356060529716
-0.208227412104807,0.877019451012532,0.0724289754639147
-0.208227408007065,0.877291157659202,0.0725491092922277
-0.208227404834804,0.877500940890553,0.0727184985952936
-0.208227402506833,0.877654206518474,0.0729313066490569
-0.20822740094193,0.87775636035486,0.0731809442713662
-0.208227400058875,0.877812808211601,0.0734608222800712
-0.208227399776447,0.87782895590059,0.0737643514930226
-0.208227400013426,0.877810209233718,0.074084942728069
-0.208227400688592,0.877761974022878,0.0744160068030593
-0.208227401720722,0.877689656079962,0.0747509545358447
-0.208227403028599,0.877598661216863,0.0750831967442736
-0.208227404531001,0.877494395245471,0.0754061442461957
-0.208227406146707,0.877382263977679,0.0757132078594607
-0.208227407794496,0.877267673225379,0.0759977984019182
-0.20822740939315,0.877156028800464,0.076253326691418
-0.208227410861446,0.877052736514825,0.0764732035458087
-0.208227412118646,0.876963110425186,0.0766508397829411
-0.20822741312013,0.876889620994044,0.0767803336311941
-0.208227413881869,0.876831416007557,0.0768633272079236
-0.208227414425626,0.876787454951529,0.0769061253675456
-0.208227414773165,0.87675669731177,0.0769151019934176
-0.208227414946247,0.876738102574086,0.0768966309688974
-0.208227414966637,0.876730630224284,0.076857086177343
-0.208227414856097,0.87673323974817,0.0768028415021123
-0.208227414636391,0.876744890631554,0.0767402708265619
-0.20822741432928,0.87676454236024,0.0766757480340501
-0.208227413956529,0.876791154420037,0.0766156470079349
-0.208227413539899,0.876823686296751,0.0765663416315736
-0.208227413101154,0.87686109747619,0.0765342057883236
-0.208227412662058,0.87690234744416,0.0765256133615435
-0.208227412244372,0.876946395686469,0.07654693823459
-0.20822741186986,0.876992201688924,0.0766045542908207
-0.208227411558821,0.877038706313743,0.076704834944217
-0.208227411315498,0.877084720970932,0.0768517452467261
-0.208227411134204,0.877129002105496,0.0770412348270193
-0.208227411009109,0.877170305962315,0.0772675878897382
-0.208227410934382,0.877207388786268,0.077525088639524
-0.208227410904191,0.877239006822235,0.0778080212810188
-0.208227410912704,0.877263916315095,0.0781106700188639
-0.208227410954091,0.877280873509729,0.0784273190577014
-0.20822741102252,0.877288634651016,0.0787522526021722
-0.208227411112159,0.877285955983835,0.0790797548569184
-0.208227411217178,0.877271593753066,0.0794041100265819
-0.208227411331744,0.877244304203589,0.079719602315804
-0.208227411450027,0.877202843580283,0.0800205159292264
-0.208227411566196,0.877145968128028,0.0803011350714908
-0.208227411674418,0.877072434091704,0.0805557439472393
-0.208227411768863,0.876981007117269,0.0807786267611124
-0.208227411845173,0.876872495833652,0.0809641960281096
-0.20822741190389,0.876752291814407,0.081110840743243
-0.208227411946579,0.876626410594209,0.0812215963296003
-0.208227411974802,0.87650086770773,0.0812997615293349
-0.208227411990121,0.876381678689648,0.0813486350846013
-0.208227411994098,0.876274859074634,0.0813715157375527
-0.208227411988296,0.876186424397365,0.0813717022303431
-0.208227411974278,0.876122390192513,0.0813524933051266
-0.208227411953605,0.876088771994755,0.0813171877040566
-0.208227411927841,0.876091585338763,0.0812690841692876
-0.208227411898549,0.876136845759214,0.081211481442973
-0.20822741186729,0.87623056879078,0.0811476782672669
-0.208227411835626,0.876378769968136,0.0810809733843225
-0.208227411805121,0.876587464825958,0.0810146655362947
-0.208227411777337,0.876862668898918,0.080952053465337
-0.208227411753809,0.877209897101426,0.0808964359136022
-0.208227411735196,0.877626443283289,0.0808507283553652
-0.208227411721138,0.878102877072612,0.0808151821771101
-0.208227411711217,0.87862957064174,0.0807889176020666
-0.208227411705013,0.879196896163019,0.0807710507349393
-0.208227411702108,0.879795225808792,0.0807606976804316
-0.208227411702083,0.880414931751405,0.0807569745432477
-0.208227411704521,0.881046386163201,0.0807589974280913
-0.208227411709001,0.881679961216525,0.0807658824396662
-0.208227411715107,0.882306029083722,0.0807767456826769
-0.208227411722417,0.882914961937137,0.080790703261826
-0.208227411730516,0.883497131949114,0.0808068712818186
-0.208227411738983,0.884042911291997,0.0808243658473577
-0.208227411747399,0.884542672138132,0.080842303063148
-0.208227411755348,0.884986786659862,0.0808597990338926
-0.208227411762409,0.885365627029532,0.0808759698642958
-0.208227411768213,0.885671856108046,0.0808899331104584
-0.208227411772727,0.885908601618799,0.080901121736904
-0.208227411776064,0.886081977998686,0.0809096762516632
-0.208227411778335,0.88619809991181,0.0809158334937665
-0.208227411779652,0.886263082022275,0.0809198303022445
-0.208227411780128,0.886283038994183,0.0809219035161284
-0.208227411779874,0.88626408549164,0.0809222899744486
-0.208227411779002,0.886212336178747,0.0809212265162356
-0.208227411777625,0.886133905719609,0.0809189499805198
-0.208227411775853,0.886034908778329,0.0809156972063327
-0.208227411773801,0.885921460019011,0.0809117050327039
-0.208227411771578,0.885799674105758,0.0809072102986656
-0.208227411769299,0.885675665702675,0.0809024498432473
-0.208227411767073,0.885555549473863,0.0808976605054796
-0.208227411765014,0.885445440083427,0.0808930791243938
-0.208227411763233,0.885351403776125,0.0808889425390207
-0.208227411761802,0.885276628030546,0.0808854779781676
-0.208227411760704,0.885219853348767,0.080882754853898
-0.208227411759911,0.885179439457951,0.0808807134958702
-0.208227411759391,0.885153746085262,0.0808792904432583
-0.208227411759115,0.885141132957862,0.0808784222352352
-0.208227411759055,0.885139959802915,0.0808780454109748
-0.208227411759182,0.885148586347584,0.08087809650965
-0.208227411759464,0.885165372319032,0.0808785120704345
-0.208227411759873,0.885188677444423,0.0808792286325015
-0.20822741176038,0.885216861450919,0.080880182735025
-0.208227411760955,0.885248284065683,0.0808813109171773
-0.208227411761569,0.88528130501588,0.0808825497181329
-0.208227411762191,0.885314284028672,0.0808838356770649
-0.208227411762794,0.885345580831223,0.0808851053331467
-0.208227411763346,0.885373555150695,0.0808862952255511
-0.208227411763821,0.885396693012699,0.0808873418934526
-0.208227411764208,0.885414724783547,0.0808881935844938
-0.208227411764513,0.885428088707463,0.0808888520357045
-0.20822741176474,0.885437231211691,0.0808893342501995
-0.208227411764897,0.885442598723476,0.0808896572322542
-0.208227411764988,0.88544463767006,0.0808898379861438
-0.20822741176502,0.885443794478687,0.0808898935161451
-0.208227411764998,0.885440515576602,0.0808898408265326
-0.208227411764927,0.885435247391047,0.0808896969215827
-0.208227411764815,0.885428436349267,0.0808894788055707
-0.208227411764665,0.885420528878504,0.0808892034827722
-0.208227411764485,0.885411971406004,0.080888887957463
-0.20822741176428,0.885403210359009,0.0808885492339184
-0.208227411764054,0.885394692164763,0.080888204316415
-0.208227411763816,0.885386863250509,0.0808878702092277
-0.208227411763569,0.885380169965939,0.080887563916632
-0.20822741176332,0.885374930415686,0.080887302308287
-0.208227411763076,0.885371072937831,0.0808870942502025
-0.208227411762841,0.885368452096235,0.0808869362447466
-0.208227411762625,0.885366922454761,0.0808868237356435
-0.208227411762432,0.885366338577271,0.0808867521666163
-0.208227411762269,0.885366555027628,0.0808867169813898
-0.208227411762143,0.885367426369692,0.0808867136236884
-0.20822741176206,0.885368807167326,0.0808867375372351
-0.208227411762027,0.885370551984393,0.0808867841657541
-0.20822741176205,0.885372515384755,0.0808868489529693
-0.208227411762137,0.885374551932273,0.0808869273426054
-0.208227411762292,0.88537651619081,0.0808870147783856
-0.208227411762523,0.885378262724227,0.0808871067040335
-0.208227411762836,0.885379646096387,0.0808871985632742
-0.208227411763238,0.885380520871153,0.0808872857998311
-0.208227411763735,0.885380746505948,0.0808873638574277
-0.208227411764319,0.885380311866797,0.0808874285294512
-0.208227411764961,0.885379345349595,0.0808874790542877
-0.208227411765628,0.885377982271649,0.0808875166301119
-0.208227411766289,0.885376357950268,0.0808875424777522
-0.208227411766912,0.885374607702758,0.0808875578180364
-0.208227411767465,0.885372866846429,0.0808875638717936
-0.208227411767917,0.885371270698588,0.0808875618598519
-0.208227411768235,0.885369954576542,0.0808875530030404
-0.208227411768388,0.885369053797599,0.080887538522187
-0.208227411768344,0.885368703679069,0.0808875196381202
-0.208227411768071,0.885369039538257,0.0808874975716689
-0.208227411767539,0.885370196692473,0.0808874735436607
-0.208227411766713,0.885372310459024,0.0808874487749247
-0.208227411765564,0.885375516155218,0.08088742448629
-0.208227411764059,0.885379949098363,0.0808874018985837
-0.208227411762176,0.885385690242979,0.0808873822324323
-0.208227411759983,0.885392477499851,0.0808873663730696
-0.2082274117576,0.885399915334743,0.0808873541863948
-0.208227411755148,0.88540760791456,0.08088734534537
-0.208227411752746,0.885415159406208,0.0808873395229581
-0.208227411750517,0.885422173976595,0.0808873363921205
-0.208227411748579,0.885428255792625,0.0808873356258191
-0.208227411747054,0.885433009021207,0.0808873368970167
-0.208227411746063,0.885436037829246,0.0808873398786751
-0.208227411745726,0.885436946383648,0.0808873442437563
-0.208227411746163,0.88543533885132,0.0808873496652232
-0.208227411747494,0.885430819399168,0.0808873558160368
-0.208227411749842,0.885422992194099,0.0808873623691602
-0.208227411753326,0.885411461403018,0.0808873689975542
-0.208227411758066,0.885395831192834,0.0808873753741828
-0.208227411764184,0.885375709412779,0.0808873811720066
-0.208227411771675,0.885351259414184,0.0808873860712112
-0.208227411780161,0.885323788276294,0.0808873899429727
-0.208227411789191,0.885294744014174,0.0808873928643998
-0.208227411798315,0.885265574642892,0.0808873949228148
-0.208227411807082,0.885237728177514,0.080887396205541
-0.208227411815043,0.885212652633107,0.0808873967999018
-0.208227411821745,0.885191796024738,0.0808873967932198
-0.208227411826738,0.885176606367472,0.0808873962728176
-0.208227411829574,0.885168531676378,0.0808873953260192
-0.208227411829801,0.885169019966521,0.0808873940401467
-0.208227411826967,0.885179519252967,0.0808873925025231
-0.208227411820624,0.885201477550784,0.0808873908004726
-0.208227411810321,0.885236342875038,0.0808873890213164
-0.208227411795606,0.885285563240796,0.0808873872523788
-0.20822741177603,0.885350586663125,0.0808873855809829
-0.208227411751179,0.885432605184639,0.0808873840944511
-0.208227411721623,0.885529094820231,0.080887382868891
-0.20822741168899,0.885634728224503,0.0808873819096407
-0.208227411654962,0.885744109170282,0.0808873811945074
-0.20822741162122,0.885851841430395,0.0808873807012374
-0.208227411589444,0.88595252877767,0.0808873804075758
-0.208227411561318,0.886040774984934,0.0808873802912691
-0.208227411538522,0.886111183825014,0.0808873803300625
-0.208227411522736,0.886158359070736,0.0808873805017023
-0.208227411515643,0.88617690449493,0.0808873807839345
-0.208227411518924,0.88616142387042,0.080887381154505
-0.208227411534259,0.886106520970035,0.0808873815911586
-0.208227411563331,0.886006799566602,0.0808873820716427
-0.20822741160782,0.885856863432948,0.0808873825737024
-0.208227411669409,0.8856513163419,0.0808873830750827
-0.208227411749778,0.885384762066285,0.0808873835535309
-0.208227411849794,0.88505377941825,0.08088738398684
-0.208227411965186,0.884663173359837,0.0808873843600188
-0.208227412089683,0.884219890223714,0.0808873846729299
-0.208227412217011,0.883730876347585,0.0808873849272678
-0.208227412340896,0.883203078069151,0.0808873851247247
-0.208227412455061,0.882643441726117,0.0808873852669951
-0.208227412553234,0.882058913656184,0.0808873853557728
-0.208227412629138,0.881456440197056,0.0808873853927505
-0.208227412676499,0.880842967686434,0.0808873853796226
-0.208227412689043,0.880225442462024,0.0808873853180825
-0.208227412660494,0.879610810861525,0.0808873852098233
-0.208227412584579,0.879006019222643,0.0808873850565393
-0.208227412455021,0.878418013883079,0.0808873848599239
-0.208227412265547,0.877853741180537,0.08088738462167
-0.208227412009882,0.877320147452719,0.0808873843434719
-0.20822741168181,0.876824101407481,0.0808873840270228
-0.208227411284061,0.876368731060895,0.0808873836745325
-0.208227410837784,0.875951839940974,0.0808873832956949
-0.208227410366396,0.875570824757963,0.080887382905851
-0.208227409893315,0.875223082222105,0.0808873825204803
-0.208227409441957,0.874906009043645,0.0808873821550633
-0.208227409035743,0.874617001932828,0.0808873818250795
-0.208227408698087,0.874353457599898,0.0808873815460085
-0.208227408452409,0.874112772755098,0.0808873813333304
-0.208227408322126,0.873892344108675,0.0808873812025246
-0.208227408330657,0.873689568370871,0.0808873811690716
-0.208227408501417,0.873501842251932,0.080887381248451
-0.208227408857825,0.873326562462101,0.0808873814561417
-0.208227409423299,0.873161125711624,0.0808873818076248
-0.208227410221256,0.873002928710744,0.0808873823183793
-0.208227411275114,0.872849368169705,0.0808873830038854
-0.208227412604146,0.872697804720964,0.0808873838796222
-0.20822741416746,0.872545278851116,0.0808873849484144
-0.208227415878776,0.872388663568311,0.0808873861603705
-0.208227417650698,0.872224830415907,0.0808873874518778
-0.208227419395829,0.872050650937263,0.0808873887593238
-0.208227421026774,0.871862996675738,0.0808873900190956
-0.208227422456137,0.87165873917469,0.08088739116758
-0.208227423596523,0.871434749977479,0.080887392141165
-0.208227424360534,0.871187900627463,0.080887392876237
-0.208227424660776,0.870915062668001,0.0808873933091836
-0.208227424409853,0.870613107642451,0.0808873933763918
-0.208227423520368,0.870278907094173,0.0808873930142489
-0.208227421904926,0.869909332566525,0.080887392159142
-0.20822741947613,0.869501255602865,0.0808873907474583
-0.208227416146586,0.869051547746554,0.080887388715585
-0.208227411828897,0.868557084159497,0.0808873859999093
-0.208227406501844,0.868017475919689,0.080887382539278
-0.208227400419844,0.867439935395347,0.0808873783910644
-0.208227393909061,0.86683298442483,0.0808873737813478
-0.208227387295661,0.866205144846498,0.0808873689491019
-0.208227380905809,0.86556493849871,0.0808873641332968
-0.208227375065674,0.864920887219827,0.0808873595729036
-0.208227370101418,0.864281512848208,0.080887355506895
-0.208227366339209,0.863655337222212,0.0808873521742417
-0.208227364105213,0.8630508821802,0.0808873498139151
-0.208227363725595,0.86247666956053,0.0808873486648869
-0.208227365526521,0.861941221201564,0.0808873489661286
-0.208227369834157,0.861453058941659,0.0808873509566117
-0.208227376974668,0.861020704619176,0.0808873548753073
-0.208227387274222,0.860652680072475,0.0808873609611866
-0.208227401058983,0.860357507139915,0.0808873694532222
-0.20822741864257,0.860143292640619,0.080887380590384
-0.208227439734024,0.860008682816992,0.0808873945339306
-0.208227463181827,0.85994291024352,0.0808874107555038
-0.208227487768713,0.85993480185729,0.0808874283659853
-0.208227512277413,0.859973184595387,0.0808874464731031
-0.20822753549066,0.860046885394895,0.0808874641845838
-0.208227556191187,0.860144731192902,0.0808874806081539
-0.208227573161726,0.860255548926491,0.0808874948515412
-0.20822758518501,0.86036816553275,0.0808875060224721
-0.208227591043771,0.860471407948761,0.0808875132286744
-0.208227589520742,0.860554103111613,0.0808875155778745
-0.208227579398654,0.860605077958389,0.0808875121777997
-0.208227559460242,0.860613159426175,0.080887502136177
-0.208227528488236,0.860567174452058,0.080887484560733
-0.20822748526537,0.860455949973121,0.0808874585591954
-0.208227428574376,0.860268312926451,0.0808874232392913
-0.208227357593698,0.859995477227673,0.0808873777100583
-0.208227275013224,0.859642351384145,0.0808873220721083
-0.208227185359793,0.859218718772806,0.0808872591809731
-0.208227093176309,0.858734368695111,0.080887192366772
-0.208227003005676,0.858199090452515,0.0808871249596272
-0.208226919390798,0.857622673346474,0.0808870602896581
-0.208226846874581,0.85701490667844,0.0808870016869851
-0.208226789999926,0.856385579749871,0.0808869524817288
-0.208226753309739,0.855744481862221,0.0808869160040095
-0.208226741346924,0.855101402316943,0.0808868955839479
-0.208226758654385,0.854466130415494,0.0808868945516643
-0.208226809775026,0.853848455459329,0.080886916237279
-0.208226899251752,0.853258166749901,0.0808869639709127
-0.208227031627466,0.852705053588667,0.0808870410826854
-0.208227211445073,0.85219890527708,0.0808871509027178
-0.208227443240801,0.851749458669731,0.0808872967611307
-0.208227726502532,0.851360669168524,0.0808874816559777
-0.208228046692167,0.851025555287204,0.0808877010156948
-0.208228386855358,0.850735918716748,0.0808879427366338
-0.208228730037754,0.850483561148134,0.080888194390585
-0.208229059285007,0.850260284272341,0.0808884435493402
-0.208229357642767,0.850057889780346,0.0808886777846907
-0.208229608156685,0.849868179363127,0.0808888846684275
-0.208229793872413,0.849682954711662,0.0808890517723413
-0.208229897835601,0.849494017516928,0.0808891666682245
-0.208229903091899,0.849293169469904,0.0808892169278685
-0.208229792686959,0.849072212261566,0.0808891901230631
-0.208229549666432,0.848822947582894,0.0808890738256005
-0.208229157075967,0.848537177124864,0.080888855607272
-0.208228597961218,0.848206702578455,0.0808885230398688
-0.208227855367832,0.847823325634644,0.0808880636951819
-0.208226914032079,0.847379629194927,0.0808874651450029
-0.208225797228681,0.84687827504764,0.0808867216579059
-0.208224566579734,0.846328934686631,0.0808858659233029
-0.208223285359729,0.845741421490612,0.0808849443072865
-0.208222016843158,0.845125548838296,0.0808840031925719
-0.208220824304516,0.844491130108393,0.080883088961873
-0.208219771018293,0.843847978679616,0.0808822479979045
-0.208218920258982,0.843205907930676,0.0808815266833809
-0.208218335301076,0.842574731240287,0.0808809714010166
-0.208218079419068,0.84196426198716,0.0808806285335262
-0.20821821588745,0.841384313550007,0.0808805444636247
-0.208218807980714,0.840844699307539,0.080880765574026
-0.208219918973352,0.84035523263847,0.0808813382474447
-0.208221612139858,0.83992572692151,0.0808823088665953
-0.208223950754724,0.839565995535372,0.0808837238141928
-0.208226998092441,0.839285851840613,0.0808856294729512
-0.208230783332847,0.839091410071714,0.0808880715856266
-0.208235140047652,0.838974735542622,0.0808910253495167
-0.208239832177856,0.838924558881395,0.0808943325096796
-0.208244623579841,0.838929610716089,0.0808978199634658
-0.208249278109985,0.838978621674761,0.080901314608226
-0.208253559624668,0.839060322385469,0.0809046433413112
-0.208257231980267,0.839163443476269,0.0809076330600718
-0.208260059033164,0.839276715575218,0.0809101106618584
-0.208261804639738,0.839388869310374,0.080911903044022
-0.208262232656366,0.839488635309794,0.0809128371039123
-0.208261106939429,0.839564744201534,0.0809127397388816
-0.208258191345306,0.839605926613652,0.080911437846279
-0.208253249730376,0.839600913174204,0.0809087583234556
-0.208246045951018,0.839538434511248,0.0809045280677625
-0.208236343863613,0.839407221252841,0.0808985739765504
-0.208223910582692,0.839196212812205,0.0808907229471689
-0.208208872383747,0.83890265366239,0.0808808374046448
-0.208192034974134,0.838534687199375,0.0808692381388194
-0.208174279653844,0.838101196420375,0.0808565647249759
-0.208156487722869,0.837611064322605,0.0808434631909958
-0.208139540481197,0.837073173903283,0.0808305795647637
-0.208124319228821,0.836496408159624,0.0808185598741609
-0.208111705265731,0.835889650088844,0.0808080501470712
-0.208102579891916,0.83526178268816,0.0807996964113771
-0.208097824407369,0.834621688954787,0.0807941446949616
-0.208098320112078,0.833978251885941,0.0807920410257077
-0.208104948306035,0.833340354478839,0.0807940314314981
-0.20811859028923,0.832716879730696,0.0808007619402151
-0.208140127361654,0.832116710638729,0.0808128785797424
-0.208170440823298,0.831548730200154,0.0808310273779627
-0.208210411974151,0.831021821412187,0.0808558543627589
-0.208260741235751,0.830543830894246,0.0808880055593804
-0.208319795403259,0.830114299100592,0.0809275906131448
-0.208384318271805,0.829728774617948,0.0809726820506209
-0.208451020785047,0.829382780663277,0.0810208688629268
-0.208516613886645,0.82907184045354,0.0810697400411802
-0.208577808520257,0.828791477205698,0.0811168845764998
-0.208631315629541,0.828537214136714,0.0811598914600025
-0.208673846158155,0.828304574463547,0.0811963496828063
-0.20870211104976,0.828089081403161,0.0812238482360299
-0.208712821248012,0.827886258172516,0.0812399761107903
-0.208702687696572,0.827691627988575,0.0812423222982062
-0.208668421339096,0.827500714068297,0.0812284757893944
-0.208606733119244,0.827309039628646,0.0811960255754742
-0.208514333980675,0.827112127886582,0.0811425606475624
-0.208387934867047,0.826905502059068,0.0810656699967776
-0.208224246729742,0.826684689552267,0.0809629426142371
-0.208021554146206,0.826446968974757,0.0808320173629722
-0.207784118172399,0.826194071861096,0.0806725169118121
-0.207517618455738,0.82592842706826,0.0804866673240172
-0.207227734643635,0.825652463453227,0.0802768713292725
-0.206920146383506,0.825368609872973,0.0800455316572615
-0.206600533322763,0.825079295184475,0.0797950510376695
-0.206274575108823,0.824786948244711,0.0795278322001811
-0.205947951389098,0.824493997910656,0.0792462778744809
-0.205626341811002,0.824202873039288,0.078952790790253
-0.205315426021951,0.823916002487585,0.078649773677183
-0.205020883669358,0.823635815112522,0.0783396292649545
-0.204748394400637,0.823364739771077,0.0780247602832529
-0.204503637863202,0.823105205320227,0.0777075694617626
-0.204292293704468,0.822859640616949,0.077390459530168
-0.204120041571849,0.822630474518219,0.0770758332181536
-0.20399243763189,0.822419942738326,0.0767660932554046
-0.203910126227058,0.82222645259732,0.0764634090771412
-0.203867305798983,0.822044895878854,0.07616808035415
-0.203857737370272,0.82187003393806,0.0758795081654118
-0.203875181963533,0.821696628130066,0.0755970878790306
-0.203913400601371,0.821519439810005,0.0753202148631114
-0.203966154306394,0.821333230333006,0.0750482844857592
-0.204027204101207,0.821132761054202,0.0747806921150775
-0.204090311008418,0.820912793328721,0.0745168331191717
-0.204149236050633,0.820668088511697,0.0742561028661464
-0.20419774025046,0.820393407958257,0.0739978967241064
-0.204229584630503,0.820083513023534,0.0737416100611557
-0.20423853021337,0.819733165062659,0.0734866382453989
-0.204218338021668,0.819337125430761,0.073232376644941
-0.204162769078003,0.818890155482973,0.0729782206278864
-0.204065584404983,0.818387016574423,0.0727235655623397
-0.203921501105943,0.817823804728076,0.0724678071927798
-0.203732898899612,0.81720358605038,0.0722104985985812
-0.203505840088076,0.816531694487026,0.0719515929274595
-0.203246410377573,0.815813465204594,0.0716911059773109
-0.202960695474341,0.815054233369663,0.0714290535460325
-0.202654781084616,0.81425933414881,0.0711654514315214
-0.202334752914638,0.813434102708614,0.0709003154316752
-0.202006696670642,0.812583874215652,0.0706336613443903
-0.201676698058867,0.811713983836505,0.0703655049675636
-0.201350842785549,0.810829766737748,0.0700958620990921
-0.201035216556927,0.809936558085962,0.0698247485368739
-0.200735905079239,0.809039693047724,0.0695521800788046
-0.200458994058721,0.808144506789612,0.0692781725227818
-0.20021056920161,0.807256334478205,0.0690027416667027
-0.199996716214146,0.806380511280081,0.0687259033084642
-0.199823514130186,0.805522365624198,0.0684476732459627
-0.199694252745872,0.804686661569035,0.0681680805179132
-0.199605129433866,0.803877181282897,0.0678874166170087
-0.199551230902532,0.803097608578223,0.0676062140420839
-0.199527643860236,0.802351627267453,0.0673250142334456
-0.199529455015343,0.801642921163024,0.0670443586314011
-0.19955175107622,0.800975174077376,0.0667647886762588
-0.199589618751229,0.800352069822948,0.066486845808325
-0.199638144748739,0.799777292212178,0.0662110714679074
-0.199692415777112,0.799254525057506,0.0659380070953131
-0.199747518544715,0.798787452171371,0.0656681941308497
-0.199798539759913,0.798379757366211,0.0654021740148245
-0.199840566131072,0.798035124454465,0.065140488187545
-0.199868684366556,0.797757237248572,0.0648836780893181
-0.19987798117473,0.797549779560971,0.0646322851604515
-0.199863543263961,0.797416435204101,0.0643868508412526
-0.19982059060149,0.797360030910408,0.0641479165720285
-0.199746984556719,0.797373521162325,0.0639156800854495
-0.199643012044815,0.797443534337484,0.0636885441575155
-0.199509049970158,0.797556595297511,0.0634643275435058
-0.199345475237128,0.797699228904034,0.0632408486842946
-0.199152664750103,0.797857960018678,0.0630159260207548
-0.198930995413465,0.798019313503072,0.0627873779937602
-0.198680844131591,0.798169814218843,0.0625530230441844
-0.198402587808861,0.798295987027617,0.0623106796129014
-0.198096603349656,0.798384356791021,0.0620581661407842
-0.197763267658353,0.798421448370683,0.0617933010687066
-0.197402957639334,0.798393786628229,0.0615139028375424
-0.197016050196978,0.798287896425288,0.0612177898881647
-0.196602922235664,0.798090302623484,0.0609027806614477
-0.196163950659771,0.797787530084446,0.0605666935982647
-0.195699512373679,0.797366104237821,0.0602073471394886
-0.195210366584929,0.796818441503113,0.059822575112209
-0.194699269016511,0.796157366072549,0.0594115001553335
-0.194169624992831,0.795400118297376,0.0589754871789605
-0.193624840188005,0.794563938528844,0.0585161257013271
-0.193068320276151,0.793666067118201,0.0580350052406706
-0.192503470931384,0.792723744416694,0.0575337153152291
-0.191933697827822,0.791754210775573,0.0570138454432387
-0.191362406639582,0.790774706546085,0.0564769851429376
-0.190793003040779,0.789802472079479,0.0559247239325638
-0.190228892705532,0.788854747727003,0.0553586513303535
-0.189673481307955,0.787948773839904,0.054780356854544
-0.189130174522167,0.787101790769433,0.0541914300233741
-0.188602378022283,0.786331038866836,0.0535934603550798
-0.18809349748242,0.785653758483362,0.0529880373678988
-0.187606938576696,0.785087189970259,0.0523767505800687
-0.187146089782928,0.784648143775331,0.0517611895098269
-0.186712899147143,0.784339096215692,0.0511429850957796
-0.186306808656182,0.784145172832565,0.0505242453757995
-0.18592700926512,0.784050459027095,0.0499073841113746
-0.185572691929033,0.784039040200428,0.0492948200666432
-0.185243047602996,0.78409500175371,0.0486889720057424
-0.184937267242085,0.784202429088085,0.048092258692811
-0.184654541801375,0.7843454076047,0.0475070988919861
-0.184394062235942,0.7845080227047,0.0469359113674059
-0.184155019500862,0.78467435978923,0.0463811148832083
-0.183936604551211,0.784828504259437,0.045845128203531
-0.183738008342063,0.784954541516465,0.0453303700925121
-0.183558421828496,0.78503655696146,0.0448392593142892
-0.183397035965583,0.785058635995568,0.044374214633
-0.183253041708402,0.785004864019934,0.0439376548127823
-0.183125630012027,0.784859326435704,0.0435319986177747
-0.183014023776724,0.784608668059316,0.0431596646810357
-0.182917813862465,0.784258104369259,0.0428217122011567
-0.182836826916568,0.783821041154793,0.0425144909763908
-0.182770893444614,0.783310920070282,0.0422333317099102
-0.182719843952184,0.782741182770092,0.0419735651048871
-0.182683508944859,0.782125270908587,0.0417305218644937
-0.18266171892822,0.781476626140132,0.0414995326919021
-0.182654304407847,0.780808690119093,0.0412759282902839
-0.182661095889322,0.780134904499834,0.041055039362812
-0.182681923878224,0.77946871093672,0.0408321966126584
-0.182716618880136,0.778823551084116,0.0406027307429948
-0.182765011400637,0.778212866596386,0.0403619724569939
-0.182826931945308,0.777650099127896,0.0401052524578274
-0.18290221101973,0.77714869033301,0.0398279014486673
-0.182990679129484,0.776722081866094,0.0395252501326866
-0.183092166688818,0.776383689266539,0.0391926292130564
-0.183205556896392,0.776140130596594,0.0388254697168378
-0.183326451573551,0.775982186054185,0.0384225477378359
-0.183449742464936,0.775898384732548,0.0379866884122957
-0.183570321315187,0.775877255724925,0.0375209596074688
-0.183683079868944,0.775907328124552,0.0370284291906071
-0.183782909870847,0.775977131024669,0.0365121650289619
-0.183864703065539,0.776075193518515,0.0359752349897857
-0.183923351197657,0.776190044699328,0.0354207069403292
-0.183953746011843,0.776310213660346,0.034851648747845
-0.183950779252737,0.77642422949481,0.0342711282795842
-0.183909342664979,0.776520621295957,0.0336822134027992
-0.183824327993211,0.776587918157025,0.0330879719847403
-0.183690626982071,0.776614649171255,0.032491471892661
-0.183503131376201,0.776589343431884,0.0318957809938121
-0.18325673292024,0.776500530032151,0.0313039671554449
-0.18294648570212,0.776337260710147,0.030719098244812
-0.182572856769275,0.776097663051219,0.0301438868724246
-0.182142865296322,0.775787554796465,0.0295784679690871
-0.181663923243196,0.775412996806721,0.0290218396187976
-0.181143442569834,0.774980049942824,0.0284729949273375
-0.180588835236172,0.77449477506561,0.0279309270004888
-0.180007513202144,0.773963233035915,0.0273946289440337
-0.179406888427688,0.773391484714578,0.0268630938637537
-0.178794372872741,0.772785590962433,0.0263353148654306
-0.178177378497236,0.772151612640317,0.0258102850548472
-0.177563317261111,0.771495610609067,0.0252869975377852
-0.176959601124301,0.77082364572952,0.024764445420026
-0.176373642046743,0.770141778862512,0.0242416218073518
-0.175812851988372,0.769456070868879,0.0237175198055446
-0.175284642909125,0.768772582609458,0.0231911325203864
-0.174796426768937,0.768097374945086,0.0226614530576592
-0.174354554864277,0.767435721894061,0.0221274765846673
-0.17395768250618,0.766789153836884,0.0215887348632697
-0.17360107080723,0.766158088973737,0.0210460099003174
-0.173279966016924,0.765542945323955,0.0205002614054306
-0.172989614384762,0.764944140906876,0.0199524490882301
-0.172725262160242,0.764362093741837,0.0194035326583359
-0.172482155592861,0.763797221848175,0.0188544718253687
-0.172255540932118,0.763249943245228,0.0183062262989497
-0.172040664427514,0.762720675952332,0.0177597557886986
-0.171832772328545,0.762209837988825,0.0172160200042359
-0.171627110884709,0.761717847374042,0.0166759786551824
-0.171418926345507,0.761245122127323,0.0161405914511585
-0.171203464960435,0.760792080268003,0.0156108181017844
-0.170975972978992,0.76035913981542,0.0150876183166813
-0.170731696650677,0.75994671878891,0.0145719518054699
-0.170465892457645,0.759555226621679,0.0140647782777692
-0.170176480344556,0.759184509227779,0.0135669444090547
-0.16986758602284,0.75883351006837,0.0130773340110266
-0.169544217256607,0.758501091483225,0.0125931677197384
-0.169211381809965,0.758186115812123,0.0121116135909258
-0.168874087447023,0.757887445394838,0.0116298396803252
-0.168537341931892,0.757603942571147,0.0111450140436726
-0.16820615302868,0.757334469680827,0.010654304736704
-0.167885528501496,0.757077889063652,0.0101548798151552
-0.16758047611445,0.756833063059399,0.00964390733476272
-0.167296003631651,0.756598854007845,0.00911855535126205
-0.167037118817208,0.756374124248766,0.0085759919203896
-0.16680882943523,0.756157736121936,0.00801338509788185
-0.166616143249827,0.755948551967134,0.00742790293947371
-0.166464068025108,0.755745434124134,0.00681671350090185
-0.166357611525182,0.755547244932712,0.00617698483790319
-0.166301373403607,0.755352770996061,0.00550588500621219
-0.166292866380961,0.755160016965928,0.00480150303116078
-0.166323598270864,0.754966526150056,0.00406630972531996
-0.166384887045341,0.754769835892039,0.00330407766649343
-0.166468050676418,0.754567483535477,0.00251857964415514
-0.166564407136119,0.754357006423967,0.00171358844777991
-0.166665274396471,0.754135941901106,0.000892876866842141
-0.166761970429499,0.753901827310493,6.02176908151009E-05
-0.166845813207228,0.753652199995724,-0.000780616290825931
-0.166908120701685,0.753384597300397,-0.00162585228860634
-0.166940210884894,0.75309655656811,-0.0024717175130522
-0.166933401728882,0.75278561514246,-0.00331443917468932
-0.166879011205673,0.752449310367046,-0.00415024448404289
-0.166768357287294,0.752085179585464,-0.00497536065163895
-0.166592757945769,0.751690760141312,-0.0057860148880029
-0.166343531153126,0.751263589937651,-0.00657843440366035
-0.166014590787553,0.750802639278602,-0.00734886209169972
-0.165612201524249,0.75031140800045,-0.00809457011238401
-0.165146297280488,0.749794289111067,-0.00881447895530085
-0.164626812570176,0.749255675618327,-0.00950765727816094
-0.164063681907219,0.748699960530102,-0.0101731737386779
-0.163466839805521,0.748131536854265,-0.0108100969945617
-0.16284622077899,0.747554797598687,-0.0114174957035249
-0.162211759341531,0.746974135771242,-0.0119944385232784
-0.16157339000705,0.746393944379802,-0.0125399941115347
-0.160941047289453,0.74581861643224,-0.013053231126005
-0.160324665702644,0.745252544936429,-0.013533218224401
-0.159734179760531,0.74470012290024,-0.013979024064434
-0.159179523977018,0.744165743331547,-0.0143897173038157
-0.158670632866012,0.743653799238222,-0.0147643666002579
-0.158217440941418,0.743168683628137,-0.0151020406114728
-0.157829802084533,0.742714688666934,-0.0154018079951714
-0.15751227815275,0.742293251705177,-0.0156632192380912
-0.157260956043398,0.741902621730876,-0.015890799528395
-0.157071160840672,0.741540879924865,-0.0160920090814041
-0.156938217628768,0.741206107467977,-0.0162743460557466
-0.156857451491881,0.740896385541048,-0.0164453086100502
-0.156824187514205,0.740609795324911,-0.0166123949029426
-0.156833750779936,0.740344418000399,-0.016783103093051
-0.15688146637327,0.740098334748347,-0.0169649313390048
-0.1569626593784,0.739869626749589,-0.0171653777994305
-0.157072654879524,0.739656375184959,-0.0173919406329566
-0.157206777960835,0.739456661235291,-0.0176521179982101
-0.157360353706528,0.739268566081418,-0.01795340805382
-0.1575287072008,0.739090170904175,-0.0183033089584133
-0.157707163527844,0.738919556884396,-0.0187093188706178
-0.157891047771857,0.738754805202915,-0.0191789359490619
-0.158075699278941,0.738593861026872,-0.0197196569835461
-0.158256604643986,0.738433774282818,-0.0203354741367825
-0.158429337337278,0.738271232977016,-0.0210192972555288
-0.158589471952209,0.738102924100298,-0.0217618508814454
-0.158732583082172,0.737925534643494,-0.0225538595561912
-0.158854245320557,0.737735751597435,-0.0233860478214265
-0.158950033260757,0.737530261952952,-0.0242491402188112
-0.159015521496164,0.737305752700874,-0.0251338612900054
-0.159046284620168,0.737058910832033,-0.026030935576669
-0.159037897226163,0.736786423337259,-0.0269310876204616
-0.158985933907539,0.736484977207383,-0.0278250419630432
-0.158885969257689,0.736151259433235,-0.0287035231460739
-0.158733577870003,0.735781957005645,-0.0295572557112138
-0.158524334337874,0.735373756915446,-0.0303769642001221
-0.158253813254694,0.734923346153466,-0.0311533731544589
-0.157917590324626,0.734427431500355,-0.0318772071158846
-0.157514085173713,0.733886197612038,-0.032539390303324
-0.157050710464941,0.733307262874111,-0.0331364997425971
-0.156536652184624,0.732699202864455,-0.0336714257223363
-0.155981096319079,0.732070593160954,-0.0341473908054299
-0.155393228854622,0.73143000934149,-0.034567617554766
-0.154782235777569,0.730786026983947,-0.0349353285332348
-0.154157303074236,0.730147221666207,-0.0352537463037241
-0.153527616730939,0.729522168966153,-0.0355260934291231
-0.152902362733994,0.728919444461667,-0.0357555924723203
-0.152290727069716,0.728347623730633,-0.0359454659962046
-0.151701895724422,0.727815282350933,-0.0360989365636653
-0.151145054684428,0.72733099590045,-0.03621922673759
-0.150629389936049,0.726903339957067,-0.0363095590808689
-0.150164087465603,0.726540890098667,-0.0363731561563903
-0.149758333259404,0.726252221903132,-0.0364132405270423
-0.149421071681377,0.726045219352059,-0.0364330347557142
-0.149154406833902,0.725917176617513,-0.036435737788757
-0.148952803363485,0.72585711051825,-0.0364243931287278
-0.148810323843314,0.725853817585791,-0.0364019814366872
-0.148721030846577,0.725896094351656,-0.0363714831973805
-0.148678986946462,0.725972737347366,-0.0363358788955528
-0.148678254716158,0.726072543104444,-0.0362981490159513
-0.148712896728851,0.726184308154409,-0.0362612740433217
-0.148776975557732,0.726296829028783,-0.036228234462409
-0.148864553775986,0.726398902259086,-0.036202010757959
-0.148969693956804,0.726479324376841,-0.0361855834147182
-0.149086458673371,0.726526891913567,-0.0361819329174322
-0.149208910498878,0.726530401400786,-0.0361940397508467
-0.149331112006512,0.72647864937002,-0.0362248843997077
-0.149447125769461,0.726360432352788,-0.036277447348761
-0.149551014360913,0.726164546880612,-0.0363547090827523
-0.149637553557126,0.725883023340096,-0.0364596418725422
-0.149706213428919,0.725521917458105,-0.0365937744756086
-0.149758361816758,0.725091086350092,-0.0367555502345083
-0.149795371885651,0.724600387200245,-0.0369430152032917
-0.149818616800609,0.724059677192754,-0.0371542154360076
-0.149829469726642,0.723478813511808,-0.0373871969867061
-0.149829303828758,0.722867653341597,-0.0376400059094377
-0.149819492271968,0.722236053866309,-0.0379106882582516
-0.149801408221282,0.721593872270134,-0.0381972900871974
-0.14977642484171,0.720950965737262,-0.038497857450325
-0.14974591529826,0.72031719145188,-0.0388104364016841
-0.149711252755943,0.71970240659818,-0.0391330729953245
-0.149673810379769,0.719116468360349,-0.039463813285296
-0.149634961334748,0.718569233922578,-0.0398007033256482
-0.149596078785888,0.718070560469055,-0.0401417891704314
-0.149558534352783,0.717630172308144,-0.0404851168736942
-0.149523428062339,0.717250790913272,-0.0408287392717603
-0.149491279429964,0.716924807011762,-0.0411708130519677
-0.149462533222428,0.716643781169219,-0.0415095760751205
-0.149437634206506,0.716399273951246,-0.0418432683623142
-0.149417027148971,0.71618284592345,-0.0421701299346422
-0.149401156816595,0.715986057651434,-0.0424884008131989
-0.14939046797615,0.715800469700803,-0.042796321019078
-0.149385405394411,0.715617642637162,-0.0430921305733747
-0.14938641383815,0.715429137026116,-0.0433740694971831
-0.149393938074139,0.715226513433269,-0.0436403778115961
-0.149408422869152,0.715001332424227,-0.0438892955377097
-0.149430312989961,0.714745154564594,-0.044119062696617
-0.14946005320334,0.714449540419974,-0.0443279193094124
-0.149498088276061,0.714106050555973,-0.0445141053971905
-0.149544862974897,0.713706245538194,-0.0446758609810454
-0.149600696293567,0.713242931272937,-0.0448114260820709
-0.149663981372933,0.712720478492704,-0.0449196792670299
-0.149731606042123,0.71214953488837,-0.0450022684971214
-0.149800418069036,0.711540810457405,-0.0450615923423847
-0.149867265221571,0.710905015197279,-0.0451000493864326
-0.149928995267627,0.710252859105461,-0.0451200382128774
-0.149982455975102,0.709595052179422,-0.0451239574053317
-0.150024495111895,0.708942304416632,-0.0451142055474072
-0.150051960445905,0.70830532581456,-0.0450931812227173
-0.150061699745031,0.707694826370676,-0.0450632830148741
-0.150050560777171,0.707121516082452,-0.0450269095074891
-0.150015391310224,0.706596104947355,-0.0449864592841762
-0.149953039112088,0.706129302962856,-0.0449443309285471
-0.149860351950664,0.705731820126426,-0.0449029230242142
-0.149734177593848,0.705414366435534,-0.04486463415479
-0.14957136380954,0.705187646333469,-0.0448318629038871
-0.149370097489597,0.705056620508883,-0.0448069814372722
-0.149134373352353,0.705009653950691,-0.0447909696448243
-0.148869760253015,0.70503213193729,-0.0447827534984231
-0.148581827075253,0.70510943974708,-0.0447810939204856
-0.14827614270274,0.705226962658458,-0.0447847518334281
-0.147958276019147,0.705370085949824,-0.0447924881596684
-0.147633795908145,0.705524194899575,-0.0448030638216237
-0.147308271253405,0.705674674786109,-0.0448152397417103
-0.146987270938598,0.705806910887826,-0.044827776842346
-0.146676363847397,0.705906288483123,-0.044839436045947
-0.146381118863471,0.705958192850398,-0.0448489782749308
-0.146107104870493,0.705948009268051,-0.044855164451715
-0.145859890752132,0.705861123014479,-0.0448567554987158
-0.145645045392062,0.70568291936808,-0.0448525123383501
-0.145468137673953,0.705398783607254,-0.0448411958930357
-0.145334652953002,0.704994671713088,-0.044821567085189
-0.145245674458499,0.704470407546076,-0.0447926337539468
-0.14519579130049,0.703840107873,-0.0447556967245886
-0.145179070732316,0.70311854519299,-0.0447133013701533
-0.145189580007312,0.702320492005179,-0.0446680054173609
-0.145221386378819,0.701460720808699,-0.0446223665929304
-0.145268557100174,0.700554004102682,-0.0445789426235812
-0.145325159424714,0.69961511438626,-0.0445402912360338
-0.145385260605779,0.698658824158566,-0.0445089701570061
-0.145442927896706,0.69769990591873,-0.0444875371132185
-0.145492228550833,0.696753132165886,-0.0444785498313904
-0.145527229821498,0.695833275399165,-0.0444845660382405
-0.14554199896204,0.6949551081177,-0.0445081434604895
-0.145530603225796,0.694133402820622,-0.0445518398248559
-0.145487109866105,0.693382932007064,-0.0446182128580599
-0.145405586136304,0.692718468176157,-0.0447098202868197
-0.145280808426212,0.692151927547712,-0.0448292187512906
-0.145114138504397,0.691678144174226,-0.0449778412401678
-0.144910512438565,0.691285629408217,-0.0451538741232682
-0.144674901775768,0.690962884364563,-0.0453549208492596
-0.144412278063061,0.690698410158141,-0.0455785848668069
-0.144127612847499,0.690480707903832,-0.0458224696245761
-0.143825877676136,0.69029827871651,-0.0460841785712343
-0.143512044096027,0.690139623711057,-0.046361315155447
-0.143191083654226,0.689993244002348,-0.0466514828258799
-0.142867967897789,0.689847640705264,-0.0469522850312001
-0.142547668373768,0.68969131493468,-0.0472613252200729
-0.142235156629219,0.689512767805476,-0.0475762068411647
-0.141935404211196,0.68930050043253,-0.0478945333431418
-0.141653382666755,0.68904301393072,-0.0482139081746695
-0.141394063542948,0.688728809414924,-0.0485319347844151
-0.141162417129165,0.688346444991094,-0.0488462166210435
-0.140962113120921,0.687891647660496,-0.0491544120872813
-0.140793063346855,0.687374216775345,-0.0494555149506262
-0.140654504921334,0.686805589543111,-0.049749895270004
-0.140545674958723,0.68619720317127,-0.0500379862460703
-0.140465810573388,0.685560494867292,-0.0503202210794795
-0.140414148879694,0.684906901838651,-0.050597032970888
-0.140389926992007,0.68424786129282,-0.0508688551209502
-0.140392382024693,0.683594810437271,-0.0511361207303214
-0.140420751092119,0.682959186479477,-0.0513992629996567
-0.140474271308649,0.68235242662691,-0.051658715129612
-0.140552179788649,0.681785968087045,-0.0519149103208416
-0.140653713646486,0.681271248067352,-0.052168281774001
-0.140778109996525,0.680819703775305,-0.0524192626897455
-0.140924605953131,0.680442772418378,-0.0526682862687302
-0.141092438630671,0.680151891204041,-0.0529157857116107
-0.141280694591208,0.67995744358831,-0.053162194219041
-0.141484802027562,0.679855505395082,-0.0534079700573398
-0.141696418640517,0.679831840225102,-0.0536537213996766
-0.141907029147597,0.679871983967485,-0.0539001119049214
-0.142108118266322,0.679961472511345,-0.0541478053217888
-0.142291170714214,0.680085841745796,-0.0543974653989912
-0.142447671208794,0.680230627559951,-0.0546497558852419
-0.142569104467585,0.680381365842923,-0.0549053405292539
-0.142646955208105,0.680523592483827,-0.0551648830797404
-0.142672708147879,0.680642843371777,-0.0554290472854149
-0.142637848004426,0.680724654395885,-0.0556984968949901
-0.142533859495269,0.680754561445267,-0.0559738956571794
-0.142352227337928,0.680718100409035,-0.0562559073206959
-0.142084436249925,0.680600807176303,-0.0565451956342522
-0.141721970948781,0.680388217636185,-0.0568424243465626
-0.141256316152019,0.680065867678053,-0.0571482572063391
-0.140681517358576,0.679623997727279,-0.0574633486395506
-0.140006934989947,0.679071452442829,-0.0577871803660821
-0.139247598049298,0.67842167467097,-0.0581169321149433
-0.138418544718298,0.677688107257971,-0.0584495156906271
-0.137534813178609,0.6768841930501,-0.0587818428976263
-0.1366114416119,0.676023374893623,-0.0591108255404325
-0.135663468199834,0.675119095634808,-0.0594333754235377
-0.134705931124079,0.674184798119923,-0.0597464043514342
-0.1337538685663,0.673233925195235,-0.060046824128615
-0.132822318708162,0.672279919707013,-0.0603315465595717
-0.131926319731333,0.671336224501523,-0.0605974834487966
-0.131080909817477,0.670416282425034,-0.0608415466007819
-0.13030112714826,0.669533536323812,-0.0610606478200202
-0.129602009905349,0.668701429044125,-0.061251698911003
-0.128998596270409,0.667933403432242,-0.0614116116782233
-0.128505857077814,0.667242717677954,-0.0615372979261732
-0.128130291560369,0.666634657351862,-0.0616260023282176
-0.127861769422169,0.666103666955791,-0.0616794891864672
-0.127688224886793,0.665643415605361,-0.0617027803245969
-0.127597592177825,0.665247572416193,-0.0617009694979631
-0.127577805518843,0.664909806503907,-0.0616791504619234
-0.127616799133431,0.664623786984124,-0.0616424169718346
-0.127702507245167,0.664383182972465,-0.0615958627830542
-0.127822864077634,0.664181663584549,-0.0615445816509379
-0.127965803854411,0.664012897935999,-0.0614936673308439
-0.128119260799081,0.663870555142434,-0.0614482135781291
-0.128271169135224,0.663748304319474,-0.0614133141481492
-0.128409463086421,0.663639814582741,-0.061394062796263
-0.128522076876252,0.663538755047855,-0.0613955532778268
-0.1285969447283,0.663438794830437,-0.0614228793481966
-0.128622000866144,0.663333603046107,-0.0614811347627304
-0.128585948818089,0.663217218344117,-0.061575413276701
-0.128487937582173,0.663086775176021,-0.0617092593971071
-0.128334644726774,0.662940952324571,-0.0618800910805892
-0.128132914064058,0.662778439925095,-0.0620838120571487
-0.127889589406193,0.662597928112922,-0.0623163260567869
-0.127611514565344,0.662398107023378,-0.0625735368095055
-0.127305533353678,0.662177666791794,-0.0628513480453063
-0.126978489583363,0.661935297553496,-0.0631456634941916
-0.126637227066564,0.661669689443814,-0.0634523868861618
-0.126288589615449,0.661379532598074,-0.0637674219512199
-0.125939421042184,0.661063517151607,-0.0640866724193669
-0.125596565158936,0.660720333239739,-0.0644060420206043
-0.125266865777872,0.660348670997799,-0.0647214344849345
-0.124957166711157,0.659947220561115,-0.065028753542359
-0.124674311770959,0.659514672065015,-0.0653239029228794
-0.124425144769363,0.659049718540605,-0.065602786356497
-0.124214998587731,0.658552594756329,-0.0658613896800373
-0.124043231085015,0.658027610323879,-0.0660992437261527
-0.123907723344886,0.65747974030836,-0.0663206997688925
-0.123806356451022,0.656913959774877,-0.0665304538549318
-0.123737011487093,0.656335243788536,-0.0667332020309464
-0.123697569536777,0.655748567414443,-0.0669336403436107
-0.123685911683747,0.655158905717704,-0.0671364648396011
-0.123699919011676,0.654571233763424,-0.067346371565592
-0.123737472604239,0.653990526616709,-0.0675680565682586
-0.123796453545111,0.653421759342664,-0.0678062158942767
-0.123874742917964,0.652869907006395,-0.0680655455903214
-0.123970221806475,0.652339944673008,-0.0683507417030682
-0.124080771294316,0.651836847407609,-0.068666500279192
-0.124204272465162,0.651365590275304,-0.0690175173653684
-0.124338606402688,0.650931148341197,-0.0694084890082725
-0.124481627627198,0.650538254667713,-0.0698441112545796
-0.124630043774604,0.65018654754525,-0.0703281389378971
-0.124779002961637,0.649870819329975,-0.0708564417919806
-0.124923541763472,0.649585670182059,-0.0714209560934356
-0.125058696755285,0.649325700261675,-0.0720135892035196
-0.125179504512251,0.649085509728992,-0.0726262484834914
-0.125281001609546,0.648859698744182,-0.0732508412946082
-0.125358224622346,0.648642867467416,-0.0738792749981292
-0.125406210125825,0.648429616058865,-0.0745034569553116
-0.12541999469516,0.648214544678699,-0.0751152945274138
-0.125394614905526,0.647992253487091,-0.0757066950756939
-0.125325107332099,0.64775734264421,-0.0762695659614103
-0.125206508550054,0.647504412310228,-0.0767958145458199
-0.125033855134567,0.647228062645316,-0.0772773481901825
-0.124802183660814,0.646922893809645,-0.0777060742557549
-0.124506530703969,0.646583505963386,-0.0780739001037958
-0.124142944470135,0.646205565545855,-0.0783727404589423
-0.123715948197399,0.645790540895834,-0.0785984303739964
-0.123234292866784,0.64534186419102,-0.0787571664090898
-0.122706760537992,0.644862969169704,-0.0788568372386314
-0.122142133270724,0.644357289570173,-0.0789053315370318
-0.121549193124681,0.643828259130716,-0.0789105379787003
-0.120936722159566,0.64327931158962,-0.0788803452380462
-0.12031350243508,0.642713880685175,-0.0788226419894784
-0.119688316010925,0.642135400155669,-0.0787453169074075
-0.119069944946802,0.64154730373939,-0.0786562586662423
-0.118467171302413,0.640953025174627,-0.0785633559403929
-0.117888777137459,0.640355998199668,-0.0784744974042682
-0.117343544511643,0.639759656552801,-0.078397571732278
-0.116840255484666,0.639167433972315,-0.078340467598832
-0.116387692116229,0.638582764196498,-0.0783110736783395
-0.115994630676368,0.638009062660076,-0.07831727864521
-0.115666764965638,0.637448022888676,-0.0783667014136302
-0.11540164175486,0.636898231080478,-0.0784612817588981
-0.115195477341897,0.636357947400119,-0.0785975576967466
-0.11504448802461,0.635825432012233,-0.0787718530021626
-0.11494489010086,0.635298945081459,-0.0789804914501326
-0.114892899868509,0.634776746772432,-0.0792197968156438
-0.11488473362542,0.634257097249788,-0.0794860928736818
-0.114916607669453,0.633738256678164,-0.0797757033992339
-0.11498473829847,0.633218485222197,-0.0800849521672871
-0.115085341810334,0.632696043046523,-0.0804101629528271
-0.115214634502905,0.632169190315777,-0.0807476595308414
-0.115368832674045,0.631636187194597,-0.0810937656763162
-0.115544152621616,0.63109529384762,-0.0814448051642385
-0.11573681064348,0.63054477043948,-0.081797101769594
-0.115943023037498,0.629982877134815,-0.0821469792673706
-0.116159088702131,0.629408121531944,-0.0824907614325541
-0.116383045488574,0.628822004876793,-0.0828252424581113
-0.116614585267186,0.62822801696452,-0.0831497762023983
-0.116853465508858,0.627629683398294,-0.083464582924603
-0.11709944368448,0.627030529781279,-0.083769883572407
-0.117352277264943,0.626434081716641,-0.0840658990934944
-0.117611723721138,0.625843864807547,-0.084352850435548
-0.117877540523955,0.625263404657164,-0.0846309585462504
-0.118149485144286,0.624696226868656,-0.0849004443732848
-0.118427315053021,0.62414585704519,-0.0851615288643344
-0.118710787721052,0.623615820789932,-0.0854144329670816
-0.118999660619267,0.623109643706048,-0.0856593776292098
-0.11929369121856,0.622630851396705,-0.085896583798402
-0.11959263698982,0.622182969465068,-0.0861262724223413
-0.119896255403938,0.621769523514304,-0.0863486644487101
-0.120204303931804,0.621394039083558,-0.0865639808251921
-0.120516347041431,0.621058326877411,-0.0867724515971202
-0.120830899022456,0.620758013249581,-0.0869751626720372
-0.121146118697968,0.620487330900728,-0.087174744431658
-0.121460164608581,0.620240512531513,-0.0873739893102636
-0.121771195294911,0.620011790842595,-0.087575689742136
-0.122077369297571,0.619795398534635,-0.0877826381615563
-0.122376845157175,0.619585568308292,-0.087997627002806
-0.122667781414338,0.619376532864228,-0.0882234487001665
-0.122948336609674,0.619162524903103,-0.0884628956879194
-0.123216669283797,0.618937777125575,-0.0887187604003459
-0.123470937977321,0.618696522232306,-0.0889938352717274
-0.123709301230862,0.618432992923956,-0.089290912736345
-0.123929917585033,0.618141421901185,-0.0896127852284809
-0.124130945580448,0.617816041864653,-0.0899622451824165
-0.124310543757721,0.61745108551502,-0.0903420850324321
-0.124466880756561,0.617040928291861,-0.0907550972128099
-0.124599075289608,0.616585078665379,-0.0912037175897207
-0.12470796055473,0.616089481972574,-0.0916860679874323
-0.12479454964062,0.615560491251717,-0.0921974046007759
-0.124859855635967,0.615004459541079,-0.092732932022904
-0.124904891629464,0.614427739878931,-0.0932878548469687
-0.124930670709801,0.613836685303544,-0.093857377666122
-0.12493820596567,0.613237648853191,-0.0944367050735173
-0.124928510485761,0.612636983566142,-0.0950210416623056
-0.124902597358766,0.612041042480668,-0.0956055920256391
-0.124861479673376,0.611456178635041,-0.0961855607566717
-0.124806170518283,0.610888745067533,-0.0967561524485538
-0.124737682982176,0.610345094816414,-0.0973125716944387
-0.124657030153748,0.609831580919956,-0.0978500230874786
-0.12456522512169,0.60935455641643,-0.0983637112208258
-0.124463280974692,0.608920374344107,-0.098848840687632
-0.124351749374322,0.608534326235585,-0.0993006161361221
-0.124225599273293,0.60819366066977,-0.099715717368599
-0.124076091274888,0.607891942483633,-0.100096144158502
-0.123894419205766,0.607622717379353,-0.100445095143022
-0.123671776892589,0.607379531059103,-0.100765768959343
-0.123399358162015,0.607155929225062,-0.101061364244655
-0.123068356840706,0.606945457579406,-0.101335079636144
-0.122669966755321,0.60674166182431,-0.101590113770999
-0.122195381732521,0.606538087661952,-0.101829665286407
-0.121635795598965,0.606328280794507,-0.102056932819555
-0.120982402181314,0.606105786924153,-0.102275115007632
-0.120226395306228,0.605864151753065,-0.102487410487824
-0.119358968800367,0.605596920983421,-0.102697017897319
-0.11837131649039,0.605297640317396,-0.102907135873305
-0.117254632202959,0.604959855457168,-0.10312096305297
-0.116000109947499,0.604577122732916,-0.1033416980735
-0.114603839280989,0.604146363192059,-0.103572485369303
-0.113079564981697,0.603672642362381,-0.103814520189866
-0.111445010459388,0.603162233840982,-0.104066553489175
-0.10971789912383,0.602621411224965,-0.104327181403291
-0.107915954384787,0.60205644811143,-0.104595000068271
-0.106056899652026,0.601473618097477,-0.104868605620173
-0.104158458335313,0.600879194780209,-0.105146594195055
-0.102238353844415,0.600279451756726,-0.105427561928977
-0.100314309589096,0.599680662624128,-0.105710104957996
-0.0984040489791229,0.599089100979518,-0.10599281941817
-0.0965252954242626,0.598511040419997,-0.106274301445558
-0.0946957723342794,0.597952754542664,-0.106553147176219
-0.0929332031189409,0.597420516944622,-0.10682795274621
-0.0912553111880126,0.596920601222972,-0.10709731429159
-0.0896798199512603,0.596459280974813,-0.107359827948418
-0.0882241731072824,0.596042504798549,-0.107614089852751
-0.0868957556681793,0.595670245962046,-0.107859012808856
-0.0856893389622815,0.595337233025238,-0.108095908993699
-0.0845988953865338,0.595038016453467,-0.108327189517572
-0.0836183973378795,0.594767146712073,-0.108555271199051
-0.0827418172132621,0.594519174266398,-0.108782570856718
-0.0819631274096255,0.594288649581783,-0.109011505309151
-0.0812763003239139,0.59407012312357,-0.109244491374928
-0.0806753083530705,0.593858145357099,-0.109483945872631
-0.0801541238940393,0.593647266747713,-0.109732285620836
-0.0797067193437642,0.593432037760752,-0.109991927438123
-0.0793270670991886,0.593207008861557,-0.110265288143073
-0.0790091395572568,0.59296673051547,-0.110554784554263
-0.0787469091149118,0.592705753187832,-0.110862833490273
-0.0785343481690981,0.592418627343985,-0.111191851769682
-0.078365429116759,0.592099903449269,-0.111544256211069
-0.078234333359015,0.591745171402971,-0.111922460222011
-0.0781368259069,0.591355172068595,-0.112327797321769
-0.0780693970784045,0.590932238963595,-0.112758987101428
-0.0780285409590451,0.590478706073582,-0.113214361428574
-0.0780107516343402,0.58999690738417,-0.113692252170793
-0.0780125231898066,0.589489176880969,-0.114190991195672
-0.0780303497109622,0.588957848549591,-0.114708910370796
-0.0780607252833245,0.58840525637565,-0.115244341563752
-0.0781001439924112,0.587833734344756,-0.115795616642125
-0.0781450999237396,0.587245616442521,-0.116361067473502
-0.0781920871628274,0.586643236654559,-0.116939025925469
-0.0782375997951916,0.58602892896648,-0.117527823865611
-0.0782781319063501,0.585405027363898,-0.118125793161516
-0.0783101775818207,0.584773865832422,-0.118731265680769
-0.0783302309071203,0.584137778357667,-0.119342573290956
-0.0783347918704838,0.583499100744587,-0.119958047859663
-0.0783222291997039,0.582860301228472,-0.120576002640395
-0.0782954350079255,0.582224067943526,-0.121194408653628
-0.0782579723612313,0.581593109759919,-0.121810936532724
-0.0782134043257055,0.580970135547824,-0.122423246710799
-0.0781652939674324,0.580357854177411,-0.123028999620969
-0.0781172043524956,0.579758974518854,-0.123625855696349
-0.0780726985469782,0.579176205442323,-0.124211475370056
-0.0780353396169653,0.57861225581799,-0.124783519075203
-0.0780086906285398,0.578069834516028,-0.125339647244908
-0.0779963146477856,0.577551650406606,-0.125877520312285
-0.0780017747407868,0.577060412359898,-0.12639479871045
-0.0780286339736274,0.576598829246074,-0.126889142872519
-0.0780804554123908,0.576169609935307,-0.127358213231606
-0.0781608021231606,0.575775463297768,-0.127799670220829
-0.0782732371720218,0.575419098203628,-0.128211174273301
-0.078421109767117,0.575102722967574,-0.128590385822139
-0.0786038371873805,0.574823126567747,-0.128935869477952
-0.0788173855519831,0.574573782488836,-0.129250670545805
-0.0790576037890332,0.5743481165425,-0.129539219740449
-0.079320340826637,0.574139554540404,-0.129805948183875
-0.0796014455929046,0.573941522294208,-0.130055286998074
-0.0798967670159434,0.573747445615577,-0.130291667305037
-0.0802021540238613,0.573550750316171,-0.130519520226755
-0.0805134555447664,0.573344862207653,-0.130743276885217
-0.0808265205067673,0.573123207101686,-0.130967368402416
-0.0811371978379716,0.572879210809932,-0.131196225900342
-0.0814413364664877,0.572606299144052,-0.131434280500985
-0.0817347853204238,0.572297897915711,-0.131685963326336
-0.0820133933278875,0.571947432936568,-0.131955705498387
-0.0822730094169872,0.571548330018288,-0.132247938139128
-0.0825094825158317,0.571094015761614,-0.132567092370548
-0.0827191959561913,0.57058133368099,-0.132917567160622
-0.0829011813325424,0.570018371543409,-0.133301420982272
-0.083055289069752,0.569415526676129,-0.133716825945521
-0.0831813698333825,0.568783196406407,-0.134161587685215
-0.0832792742889949,0.5681317780615,-0.134633511836195
-0.0833488531021522,0.567471668968665,-0.135130404033305
-0.0833899569384153,0.56681326645516,-0.135650069911389
-0.0834024364633463,0.566166967848242,-0.13619031510529
-0.0833861423425075,0.565543170475168,-0.13674894524985
-0.0833409252414601,0.564952271663195,-0.137323765979913
-0.0832666358257663,0.564404668739581,-0.137912582930323
-0.0831631247609874,0.563910759031582,-0.138513201735921
-0.0830302427126861,0.563480939866457,-0.139123428031552
-0.0828678403464236,0.563125608571461,-0.139741067452059
-0.0826757683277619,0.562855162473853,-0.140363925632286
-0.0824539010914072,0.562679624587238,-0.140989808207074
-0.0822038432309975,0.562597650182361,-0.141616517868553
-0.0819300722475458,0.562594743349864,-0.142241825449115
-0.0816373365506982,0.562655674802939,-0.1428634822897
-0.0813303845500981,0.562765215254778,-0.143479239450984
-0.0810139646553905,0.562908135418571,-0.144086847993643
-0.0806928252762194,0.563069206007511,-0.144684058978352
-0.0803717148222303,0.56323319773479,-0.145268623465785
-0.0800553817030663,0.563384881313598,-0.145838292516619
-0.0797485743283728,0.563509027457127,-0.14639081719153
-0.0794560411077949,0.56359040687857,-0.146923948551191
-0.0791825304509759,0.563613790291117,-0.14743543765628
-0.0789327907675603,0.563563948407961,-0.147923035567471
-0.0787115704671939,0.563425651942292,-0.14838449334544
-0.0785236179595203,0.563183671607303,-0.148817562050862
-0.0783736816541838,0.562822778116185,-0.149219992744413
-0.0782659490619422,0.562330787350747,-0.149589536804965
-0.0781985350404326,0.561716428122353,-0.149925323485901
-0.0781658392615798,0.560997213588871,-0.150231016298796
-0.0781622079771673,0.56019068718047,-0.150511210088142
-0.0781819874389762,0.559314392327325,-0.150770499698434
-0.0782195238987882,0.558385872459605,-0.151013479974168
-0.0782691636083854,0.557422671007482,-0.151244745759836
-0.0783252528195506,0.556442331401129,-0.151468891899932
-0.0783821377840648,0.555462397070716,-0.151690513238952
-0.0784341647537101,0.554500411446416,-0.151914204621389
-0.0784756799802688,0.5535739179584,-0.152144560891737
-0.0785010297155229,0.552700460036839,-0.152386176894491
-0.0785045602112542,0.551897581111906,-0.152643647474144
-0.0784806177192448,0.551182824613773,-0.15292156747519
-0.0784235484912763,0.55057373397261,-0.153224531742125
-0.0783276992594082,0.550087807482611,-0.153557135119441
-0.0781894964728191,0.549733199548986,-0.153923862396077
-0.0780122104364458,0.54949732652355,-0.154325856021583
-0.0778005171775948,0.549364815640191,-0.154760391740583
-0.0775590927235721,0.549320294132795,-0.155224529670348
-0.0772926131016827,0.549348389235252,-0.155715329928147
-0.0770057543392326,0.549433728181446,-0.156229852631251
-0.0767031924635275,0.549560938205268,-0.156765157896929
-0.0763896035018732,0.549714646540604,-0.157318305842452
-0.0760696634815756,0.54987948042134,-0.157886356585088
-0.0757480484299395,0.550040067081364,-0.158466370242109
-0.0754294343742719,0.550181033754565,-0.159055406930783
-0.0751184973418784,0.550287007674829,-0.159650526768381
-0.0748199133600631,0.550342616076044,-0.160248789872173
-0.0745383584561337,0.550332486192097,-0.160847256359429
-0.0742785086573952,0.550241245256876,-0.161442986347417
-0.0740449737387798,0.550054380385034,-0.162033039953409
-0.0738403514194692,0.549771281126847,-0.162614803370276
-0.0736649116999475,0.549402595108507,-0.163187902140151
-0.0735187947751323,0.548959293574488,-0.163752902429953
-0.0734021408399399,0.548452347769262,-0.164310373648145
-0.0733150900892887,0.547892728937304,-0.164860885203194
-0.073257782718094,0.547291408323089,-0.165405006503565
-0.0732303589212742,0.546659357171089,-0.165943306957723
-0.0732329588937455,0.546007546725781,-0.166476355974134
-0.0732657228304257,0.545346948231636,-0.167004722961263
-0.0733287909262308,0.544688532933129,-0.167528977327576
-0.0734223033760786,0.544043272074734,-0.168049688481537
-0.073546400374886,0.543422136900926,-0.168567425831614
-0.0737012221175699,0.542836098656178,-0.16908275878627
-0.0738869087990475,0.542296128584963,-0.169596256753971
-0.0741036006142359,0.541813197931757,-0.170108489143183
-0.0743503253202,0.541395377320101,-0.170620025489678
-0.0746184709215447,0.541037637173632,-0.171131461683742
-0.0748962163921845,0.540731251331426,-0.171643452107516
-0.0751717296471841,0.540467493415581,-0.172156659009866
-0.0754331786016078,0.540237637048197,-0.172671744639662
-0.0756687311705226,0.540032955851373,-0.173189371245772
-0.0758665552689926,0.539844723447209,-0.173710201077065
-0.0760148188120831,0.539664213457805,-0.174234896382408
-0.0761016897148592,0.539482699505258,-0.174764119410671
-0.0761153358923867,0.539291455211671,-0.175298532410722
-0.07604392525973,0.53908175419914,-0.175838797631429
-0.0758756257319553,0.538844870089766,-0.176385577321662
-0.0755986052241271,0.538572076505648,-0.176939533730288
-0.0752010316513103,0.538254647068886,-0.177501329106176
-0.0746710729285713,0.537883855401578,-0.178071625698195
-0.073996941727011,0.537451100891883,-0.178651085755212
-0.0731761159527471,0.536955060024198,-0.179240244859784
-0.0722266369987623,0.536405536841182,-0.17983759067068
-0.0711693118980343,0.535813275054043,-0.180439952455147
-0.0700249476835424,0.535189018373987,-0.181044111809245
-0.0688143513882644,0.53454351051222,-0.181646850329034
-0.0675583300451788,0.53388749517995,-0.182244949610576
-0.0662776906872642,0.533231716088381,-0.182835191249931
-0.0649932403474989,0.532586916948722,-0.183414356843159
-0.0637257860588611,0.531963841472178,-0.183979227986321
-0.0624961348543296,0.531373233369957,-0.184526586275478
-0.0613250937668817,0.530825836353265,-0.185053213306691
-0.0602334698294971,0.530332394133308,-0.18555589067602
-0.0592420700751539,0.529903650421292,-0.186031399979525
-0.0583717015368297,0.529550348928425,-0.186476522813268
-0.0576431712475034,0.529283233365913,-0.186888040773308
-0.0570759988722493,0.529111497241855,-0.187262735455707
-0.0566688900864332,0.529029260010478,-0.187598689401099
-0.0564036955709037,0.529022153994208,-0.18789986066242
-0.0562617815023707,0.529075716560001,-0.188171865231286
-0.0562245140575426,0.529175485074815,-0.188420319196623
-0.0562732594131281,0.529306996905607,-0.188650838647361
-0.056389383745836,0.529455789419334,-0.188869039672426
-0.0565542532323753,0.529607399982954,-0.189080538360748
-0.0567492340494546,0.529747365963424,-0.189290950801253
-0.0569556923737828,0.5298612247277,-0.189505893082871
-0.0571549943820682,0.529934513642741,-0.189730981294529
-0.0573285062510205,0.529952770075504,-0.189971831525156
-0.057457594157347,0.529901531392945,-0.19023405986368
-0.0575236242777581,0.529766334962022,-0.190523282399028
-0.0575079627889614,0.529532718149693,-0.190845115220129
-0.057391975867666,0.529186222553075,-0.191205174415911
-0.0571618583224023,0.528718648614936,-0.191609000683935
-0.0568256127206561,0.528140607417027,-0.192057772414146
-0.0563973952936518,0.527466229390508,-0.192545997501754
-0.0558913626338107,0.52670964496654,-0.193067620550906
-0.0553216713335529,0.525884984576281,-0.193616586165752
-0.0547024779852994,0.525006378650891,-0.194186838950441
-0.0540479391814719,0.524087957621531,-0.194772323509121
-0.053372211514491,0.523143851919361,-0.195366984445942
-0.0526894515767775,0.522188191975539,-0.195964766365053
-0.0520138159607517,0.521235108221225,-0.196559613870601
-0.0513594612588353,0.520298731087581,-0.197145471566737
-0.0507405440634492,0.519393191005765,-0.197716284057608
-0.0501712209670138,0.518532618406937,-0.198265995947364
-0.0496656485619504,0.517731143722258,-0.198788551840154
-0.04923798344068,0.517002897382886,-0.199277896340127
-0.0489022157483539,0.516361595314943,-0.19972797405143
-0.0486627046309449,0.515810197355209,-0.200133435009666
-0.0485090822745335,0.515340180793108,-0.200495788810755
-0.0484297372445708,0.514942462926848,-0.200820407183057
-0.0484130581065081,0.514607961054636,-0.201112705065129
-0.0484474334257969,0.514327592474682,-0.201378097395525
-0.0485212517678886,0.514092274485193,-0.201621999112799
-0.0486229016982342,0.513892924384377,-0.201849825155505
-0.0487407717822854,0.513720459470444,-0.202066990462199
-0.0488632505854933,0.5135657970416,-0.202278909971435
-0.0489787266733095,0.513419854396055,-0.202490998621768
-0.0490755886111851,0.513273548832018,-0.202708671351752
-0.0491422249645721,0.513117797647694,-0.202937343099941
-0.0491670242989211,0.512943518141294,-0.203182428804891
-0.0491383751796834,0.512741627611026,-0.203449343405155
-0.0490446661723112,0.512503043355097,-0.203743501839289
-0.0488753632985566,0.512219875303225,-0.204070317887635
-0.0486304096810613,0.51189167042222,-0.204433491667348
-0.0483156473557138,0.51152083726579,-0.204831572968929
-0.0479369843564432,0.511109790376059,-0.205262147989933
-0.0475003287171809,0.510660944295153,-0.205722802927916
-0.0470115884718561,0.510176713565194,-0.206211123980431
-0.046476671654399,0.509659512728309,-0.206724697345034
-0.0459014862987386,0.509111756326621,-0.207261109219279
-0.0452919404388057,0.508535858902254,-0.20781794580072
-0.0446539421085304,0.507934234997333,-0.208392793286913
-0.0439933993418418,0.507309299153982,-0.208983237875413
-0.0433162201726707,0.506663465914325,-0.209586865763772
-0.0426283126349467,0.505999149820488,-0.210201263149548
-0.0419355847625991,0.505318765414594,-0.210824016230295
-0.0412439445895589,0.504624727238767,-0.211452711203566
-0.040559299448772,0.503919457400917,-0.212084934266917
-0.0398865195149456,0.503206473122507,-0.212718272667787
-0.0392273578369913,0.502491522708712,-0.213350340897329
-0.0385829842696599,0.501780625970787,-0.213978782530426
-0.0379545686677023,0.501079802719987,-0.214601242560345
-0.0373432808858691,0.500395072767567,-0.215215365980351
-0.0367502907789117,0.499732455924781,-0.215818797783708
-0.0361767682015803,0.499097972002887,-0.216409182963685
-0.035623883008626,0.498497640813138,-0.216984166513545
-0.0350928050547996,0.49793748216679,-0.217541393426554
-0.0345847041948519,0.497423515875099,-0.218078508695979
-0.0341007502835331,0.496961761749319,-0.218593157315084
-0.0336421131755951,0.496558239600706,-0.219082984277136
-0.0332099627257882,0.496218969240515,-0.2195456345754
-0.0328054687888626,0.495949970480002,-0.219978753203142
-0.0324298012195701,0.495757263130421,-0.220379985153627
-0.0320840376969371,0.495646130645964,-0.220746975420121
-0.0317668640103228,0.495611324524191,-0.221078156690472
-0.0314744125130249,0.495639730392567,-0.221376873575248
-0.0312026910300709,0.495718045019868,-0.221648360670716
-0.0309477073864892,0.495832965174871,-0.221897856528301
-0.030705469407307,0.495971187626352,-0.222130599699421
-0.0304719849175523,0.496119409143089,-0.2223518287355
-0.0302432617422532,0.496264326493855,-0.222566782187959
-0.0300153077064369,0.49639263644743,-0.222780698608219
-0.0297841306351316,0.496491035772589,-0.222998816547704
-0.0295457383533653,0.496546221238109,-0.223226374557833
-0.029296138686165,0.496544889612766,-0.223468611190029
-0.0290313394585591,0.496473737665337,-0.223730764995714
-0.0287473484955751,0.496319462164598,-0.224018074526309
-0.0284401736222408,0.496068759879326,-0.224335778333236
-0.0281058226635844,0.495708327578297,-0.224689114967917
-0.027740884391694,0.495229316964278,-0.225083300638261
-0.0273455702607717,0.494641223817826,-0.225520317428299
-0.0269214856429956,0.493958264858635,-0.225995558515321
-0.0264702388275817,0.493194656810537,-0.226503615256297
-0.0259934381037465,0.492364616397367,-0.227039079008196
-0.0254926917607055,0.491482360342959,-0.227596541127989
-0.0249696080876753,0.490562105371146,-0.228170592972642
-0.0244257953738727,0.489618068205763,-0.228755825899128
-0.0238628619085126,0.488664465570644,-0.229346831264414
-0.0232824159808125,0.487715514189622,-0.229938200425469
-0.0226860658799879,0.486785430786533,-0.230524524739265
-0.0220754198952549,0.485888432085209,-0.231100395562769
-0.0214520863158305,0.485038734809484,-0.231660404252951
-0.0208176734309293,0.484250555683194,-0.232199142166781
-0.0201737895297696,0.48353811143017,-0.232711200661228
-0.0195220482444507,0.482915410764888,-0.23319117109326
-0.0188648365658777,0.482386683556274,-0.233633973083844
-0.0182061170550998,0.481942380268701,-0.234039221343238
-0.0175500440081851,0.481571913627862,-0.23441003714404
-0.0169007717212022,0.481264696359448,-0.234749625951029
-0.016262454490219,0.481010141189153,-0.235061193228984
-0.015639246611304,0.480797660842667,-0.235347944442683
-0.0150353023805263,0.480616668045685,-0.235613085056906
-0.0144547760939537,0.480456575523896,-0.235859820536432
-0.0139018220476543,0.480306796002994,-0.23609135634604
-0.0133805945376972,0.480156742208672,-0.236310897950507
-0.0128952478601505,0.47999582686662,-0.236521650814615
-0.0124499363110819,0.479813462702532,-0.236726820403141
-0.0120488141865611,0.479599062442099,-0.236929612180865
-0.011696035782655,0.479342038811014,-0.237133231612564
-0.0113957553954334,0.479031804534969,-0.23734088416302
-0.011151777140997,0.478659093134162,-0.237555775297009
-0.0109628965867372,0.478226209991167,-0.237780459170314
-0.0108241686282111,0.477741451160884,-0.238014808044226
-0.010730558347851,0.477213163182831,-0.238258003981225
-0.010677030828089,0.476649692596519,-0.238509229043186
-0.0106585511513575,0.476059385941464,-0.238767665291988
-0.0106700844000882,0.47545058975718,-0.239032494789504
-0.0107065956567136,0.474831650583182,-0.23930289959761
-0.010763050003666,0.474210914958984,-0.239578061778183
-0.0108344125233766,0.4735967294241,-0.239857163393097
-0.0109156482982793,0.472997440518046,-0.240139386504229
-0.011001722410805,0.472421394780335,-0.240423913173454
-0.0110875999433862,0.471876938750482,-0.240709925462649
-0.0111682459784546,0.471372418968,-0.240996605433688
-0.0112386255984434,0.470916181972406,-0.241283135148448
-0.0112937038857839,0.470516568192182,-0.241568696668804
-0.0113286457571158,0.470177660435883,-0.241852479471858
-0.0113394389862194,0.469891842271884,-0.24213402163609
-0.0113222831132289,0.469649505372358,-0.24241335245537
-0.0112733776784644,0.469441041409475,-0.242690538217414
-0.0111889222222459,0.469256842055408,-0.242965645209942
-0.0110651162848936,0.46908729898233,-0.243238739720673
-0.0108981594067272,0.468922803862411,-0.243509888037323
-0.0106842511280678,0.468753748367824,-0.243779156447611
-0.0104195909892353,0.468570524170741,-0.244046611239255
-0.0101003785305487,0.468363522943334,-0.244312318699973
-0.00972281329232927,0.468123136357774,-0.244576345117484
-0.00928309481489675,0.467839756086235,-0.244838756779505
-0.00877742263857151,0.467503773800887,-0.245099619973755
-0.00820199630367302,0.467105581173902,-0.245359000987952
-0.00755301535052211,0.466635569877453,-0.245616966109813
-0.0068268255896633,0.466084560749192,-0.245873581627058
-0.00602664922377771,0.46545298544804,-0.246128947764883
-0.0051653980031201,0.464750744199379,-0.246383462084547
-0.00425671340601652,0.463988137941124,-0.246637676076115
-0.00331423691079324,0.463175467611189,-0.246892142526836
-0.00235160999577699,0.46232303414749,-0.247147414223963
-0.00138247413929471,0.461441138487942,-0.247404043954748
-0.000420470819671115,0.460540081570458,-0.247662584506443
0.000520758484765516,0.459630164332955,-0.247923588666298
0.00142757229568979,0.458721687713347,-0.248187609221566
0.00228632913477478,0.45782495264955,-0.248455198959499
0.00308338752369486,0.456950260079478,-0.248726910667349
0.00380510598412287,0.456107910941046,-0.249003297132366
0.00443784303773254,0.455308206172169,-0.249284911141803
0.00496795720619825,0.454561446710763,-0.249572305482912
0.0053818070111924,0.453877933494742,-0.249866032942944
0.00566794352195443,0.453266177712713,-0.250166645345869
0.00583412735058197,0.452724541875159,-0.250474023387448
0.00589806375534274,0.452247815648003,-0.250786203613357
0.00587754180005717,0.451830784719258,-0.251100908586872
0.00579035054854749,0.451468234776935,-0.251415860871268
0.00565427906463367,0.451154951509046,-0.25172878302982
0.00548711641213728,0.450885720603603,-0.252037397625802
0.0053066516548792,0.450655327748619,-0.252339427222489
0.0051306738566812,0.450458558632104,-0.252632594383156
0.0049769720813635,0.450290198942071,-0.252914621671079
0.00486333539274719,0.450145034366532,-0.253183231649532
0.00480755285465406,0.450017850593498,-0.253436146881789
0.00482741353090432,0.449903433310983,-0.253671089931127
0.00494070648531952,0.449796568206997,-0.253885783360819
0.00516522078172033,0.449692040969552,-0.254077949734141
0.00551873332229991,0.449584645145603,-0.254245311614368
0.00601054787441813,0.449470010027722,-0.254385682943498
0.00662668542276346,0.449345329515316,-0.254498924017721
0.00734920285814278,0.449207969362499,-0.254586911198256
0.00816015707136497,0.449055295323388,-0.254651606166791
0.00904160495323714,0.448884673152098,-0.254694970605014
0.00997560339456749,0.448693468602743,-0.254718966194612
0.0109442092861642,0.448479047429441,-0.254725554617273
0.0119294795188343,0.448238775386305,-0.254716697554686
0.012913470983386,0.447970018227452,-0.254694356688536
0.0138782405706268,0.447670141706997,-0.254660493700512
0.0148058451713649,0.447336511579054,-0.254617070272303
0.0156783416764079,0.446966493597741,-0.254566048085595
0.0164777869765638,0.446557453517172,-0.254509388822076
0.0171862379626402,0.446106757091462,-0.254449054163434
0.0177857515254451,0.445611770074727,-0.254387005791357
0.0182590819983555,0.445070378805243,-0.254325205387531
0.018604602389098,0.44448709075701,-0.254265506697438
0.0188360731995485,0.443870971977165,-0.254209151420036
0.0189679061348891,0.443231178483274,-0.254157165783158
0.0190145129003019,0.442576866292903,-0.254110575774742
0.0189903052009686,0.441917191423618,-0.254070407382722
0.0189096947420724,0.441261309892983,-0.254037686595034
0.0187870932287937,0.440618377718564,-0.254013439399613
0.0186369123663157,0.439997550917926,-0.253998691784394
0.0184735638598199,0.439407985508636,-0.253994469737312
0.0183114594144889,0.438858837508257,-0.254001799246302
0.0181650107355038,0.438359262934357,-0.2540217062993
0.018048629528048,0.437918417804499,-0.254055216884242
0.0179767274973024,0.437545458136251,-0.254103356989062
0.0179637163484492,0.437249539947176,-0.254167152601695
0.0180240077866711,0.437039819218273,-0.254247629710078
0.0181695750415189,0.436921307072642,-0.25434581279027
0.0183985640963618,0.43688345158385,-0.254462565540739
0.0187042530492441,0.436912048761403,-0.254598450666779
0.0190799145784342,0.436992894614806,-0.254753997812921
0.0195188213622006,0.437111785153565,-0.254929736623699
0.0200142460788124,0.437254516387186,-0.255126196743643
0.0205594614065387,0.437406884325174,-0.255343907817288
0.0211477400236475,0.437554684977036,-0.255583399489163
0.0217723546084079,0.437683714352276,-0.255845201403803
0.0224265778390884,0.4377797684604,-0.256129843205739
0.0231036823939577,0.437828643310914,-0.256437854539503
0.0237969409512839,0.437816134913324,-0.256769765049628
0.0244996261893369,0.437728039277135,-0.257126104380646
0.025205010786385,0.437550152411853,-0.257507402177089
0.0259063674206963,0.437268270326984,-0.257914188083488
0.0265969871513032,0.436868497037302,-0.258346991744377
0.0272721157079077,0.436348914198959,-0.25880618057417
0.0279306581766112,0.435723165125646,-0.25929005863669
0.0285719215832345,0.435005933371967,-0.259795509403439
0.0291952129535997,0.434211902492532,-0.260319388308354
0.0297998393135275,0.433355756041948,-0.260858550785371
0.0303851076888393,0.432452177574821,-0.261409852268425
0.0309503251053564,0.431515850645759,-0.261970148191452
0.0314947985888996,0.430561458809369,-0.262536293988389
0.0320178351652911,0.429603685620259,-0.263105145093171
0.0325187418603523,0.428657214633035,-0.263673556939733
0.0329968256999031,0.427736729402305,-0.264238384962012
0.0334513937097658,0.426856913482677,-0.264796484593944
0.0338817529157618,0.426032450428756,-0.265344711269464
0.0342872103437124,0.425278023795151,-0.265879920422509
0.0346670730194381,0.42460831713647,-0.266398967487013
0.0350208067859754,0.424035948482087,-0.266898707900049
0.0353498974293647,0.423557186157917,-0.267376352433162
0.0356572214423627,0.423160523660982,-0.267830446062397
0.0359456827654545,0.422834407153151,-0.268259846851555
0.0362181853391255,0.422567282796295,-0.26866341286444
0.0364776331038608,0.422347596752283,-0.269040002164854
0.0367269300001456,0.422163795182985,-0.269388472816598
0.0369689799684652,0.422004324250272,-0.269707682883477
0.0372066869493046,0.421857630116014,-0.269996490429291
0.037442954883149,0.42171215894208,-0.270253753517844
0.037680687710484,0.42155635689034,-0.270478330212938
0.0379227893717944,0.421378670122664,-0.270669078578375
0.0381721638075656,0.421167544800924,-0.270824856677957
0.0384317149582827,0.420911427086987,-0.270944522575488
0.0387043467644308,0.420598763142725,-0.27102693433477
0.0389929631551755,0.420218014341224,-0.271070950019605
0.0392991849550797,0.41976360564972,-0.271075522099698
0.0396198152070226,0.419244961894113,-0.271043274280762
0.0399505264012019,0.418673829038433,-0.27098160003209
0.0402869910278174,0.418061953046711,-0.270898211664535
0.0406248815770678,0.417421079882976,-0.270800821488951
0.0409598705391514,0.416762955511258,-0.270697141816192
0.0412876304042675,0.416099325895588,-0.270594884957113
0.0416038336626152,0.415441936999994,-0.270501763222569
0.0419041528043922,0.414802534788507,-0.270425488923413
0.0421842603197988,0.414192865225158,-0.2703737743705
0.0424398286990331,0.413624674273975,-0.270354331874685
0.042666530432294,0.413109707898989,-0.270374873746822
0.0428600380097799,0.41265971206423,-0.270443112297764
0.0430160239216904,0.412286432733727,-0.270566759838367
0.043130160658224,0.412001615871511,-0.270753528679486
0.0431982501310915,0.411816302575362,-0.271011131131973
0.0432211271673957,0.411727794758891,-0.271345891296104
0.0432061654864357,0.411720902854413,-0.271753144865444
0.0431611759089696,0.41177998267782,-0.272223002179947
0.0430939692557562,0.411889390045006,-0.272745541766276
0.0430123563475537,0.412033480771864,-0.273310842151095
0.0429241480051212,0.412196610674286,-0.273908981861066
0.0428371550492166,0.412363135568167,-0.274530039422851
0.0427591883005987,0.412517411269399,-0.275164093363115
0.0426980585800261,0.412643793593875,-0.275801222208519
0.042661576708257,0.41272663835749,-0.276431504485726
0.0426575535060501,0.412750301376134,-0.277045018721401
0.0426937997941641,0.412699138465702,-0.277631843442204
0.0427781263933569,0.412557505442088,-0.2781820571748
0.0429183441243877,0.412309758121183,-0.278685738445852
0.0431222638080149,0.411940252318881,-0.279132965782021
0.0433965200613504,0.411437625426249,-0.27951382783821
0.0437384372396357,0.410812617210684,-0.279822384069801
0.0441409123582996,0.410083078665461,-0.280062681440461
0.0445968154779919,0.409266864173174,-0.28024031242084
0.0450990166593626,0.408381828116415,-0.28036086948159
0.0456403859630625,0.407445824877776,-0.28042994509336
0.04621379344974,0.406476708839851,-0.2804531317268
0.0468121091800462,0.405492334385233,-0.280436021852561
0.0474282032146307,0.404510555896515,-0.280384207941294
0.0480549456141433,0.403549227756288,-0.280303282463648
0.0486852064392342,0.402626204347148,-0.280198837890273
0.0493118557505534,0.401759340051685,-0.280076466691821
0.0499277636087505,0.400966489252493,-0.27994176133894
0.0505258000744759,0.400265506332165,-0.279800314302282
0.0510988352083794,0.399674245673293,-0.279657718052497
0.0516397443285184,0.39921041716467,-0.279519565060235
0.0521434639324621,0.398880005426467,-0.279391322976461
0.0526101148748217,0.398668804681015,-0.279276026479003
0.0530406202583575,0.398560613249813,-0.279174498219265
0.0534359031858278,0.398539229454363,-0.279087480343906
0.0537968867599912,0.398588451616165,-0.279015714999583
0.0541244940836065,0.398692078056722,-0.278959944332954
0.0544196482594335,0.398833907097533,-0.278920910490678
0.0546832723902302,0.3989977370601,-0.27889935561941
0.0549162895787556,0.399167366265924,-0.278896021865811
0.0551196229277691,0.399326593036506,-0.278911651376537
0.0552941955400286,0.399459215693347,-0.278946986298247
0.0554409305182937,0.399549032557948,-0.279002768777598
0.0555607509653233,0.399579841951809,-0.279079740961248
0.0556545799838759,0.399535442196433,-0.279178644995855
0.0557233406767106,0.399399631613321,-0.279300223028077
0.0557680208535645,0.399157741777369,-0.279445217204572
0.055790869586275,0.398812523675543,-0.279614023562006
0.0557952826692039,0.398377777414596,-0.279805251445703
0.0557846976306664,0.397867478936125,-0.280016935350327
0.0557625519989766,0.397295604181729,-0.280247109496556
0.0557322833024487,0.396676129093007,-0.280493808105069
0.0556973290693981,0.396023029611557,-0.280755065396545
0.0556611268281382,0.395350281678976,-0.281028915591665
0.0556271141069851,0.394671861236864,-0.281313392911106
0.0555987284342518,0.394001744226818,-0.281606531575548
0.0555794073382538,0.393353906590436,-0.281906365805672
0.0555725883473053,0.392742324269318,-0.282210929822154
0.0555817089897208,0.392180973205061,-0.282518257845676
0.0556102067938153,0.391683829339264,-0.282826384096916
0.0556615192879026,0.391264868613525,-0.283133342796553
0.0557390840002978,0.390938066334765,-0.283437168165267
0.0558457095919154,0.390712105655848,-0.283735904994609
0.0559809583801223,0.390577543304945,-0.284028455872872
0.0561433482026386,0.390521058306007,-0.284315200476686
0.0563313963993686,0.390529329682983,-0.284596664498717
0.0565436203102176,0.390589036459822,-0.284873373631627
0.05677853727509,0.390686857660475,-0.285145853568081
0.0570346646338908,0.390809472308889,-0.285414630000744
0.0573105197265249,0.390943559429016,-0.28568022862228
0.057604619892897,0.391075798044804,-0.285943175125352
0.0579154824729118,0.391192867180203,-0.286203995202627
0.0582416248064743,0.391281445859164,-0.286463214546767
0.0585815642334895,0.391328213105634,-0.286721358850436
0.0589338180938617,0.391319847943564,-0.2869789538063
0.0592969037274962,0.391243029396904,-0.287236525107024
0.0596693384742979,0.391084436489603,-0.287494598445269
0.0600496285600742,0.390831097784025,-0.287753699513702
0.0604353783327256,0.3904814550809,-0.288014320335582
0.0608226391459845,0.390047628099442,-0.288276570413425
0.0612073088339558,0.38954254369041,-0.288540316617133
0.0615852852307446,0.388979128704564,-0.288805421955367
0.0619524661704565,0.388370309992664,-0.289071749436793
0.0623047494871967,0.38772901440547,-0.289339162070073
0.06263803301507,0.38706816879374,-0.289607522863872
0.0629482145881821,0.386400700008236,-0.289876694826852
0.0632311920406379,0.385739534899715,-0.290146540967677
0.0634828632065432,0.385097600318939,-0.290416924295012
0.063699125920003,0.384487823116667,-0.290687707817519
0.0638758780151223,0.383923130143658,-0.290958754543863
0.0640090173260062,0.383416448250673,-0.291229927482705
0.0640944416867608,0.38298070428847,-0.291501089642712
0.0641280489314908,0.38262882510781,-0.291772104032545
0.0641065192409598,0.382371532868405,-0.292042833664572
0.0640354210976684,0.382203746451626,-0.29231317242826
0.0639259608271281,0.382113489244707,-0.292583119971806
0.0637894344750516,0.382088755932503,-0.29285269856789
0.0636371380871528,0.382117541199869,-0.293121930489194
0.0634803677091445,0.382187839731662,-0.293390838008399
0.0633304193867399,0.382287646212737,-0.293659443398186
0.0631985891656528,0.38240495532795,-0.293927768931237
0.0630961730915958,0.382527761762154,-0.294195836880232
0.0630344672102829,0.382644060200207,-0.294463669517855
0.0630247675674263,0.382741845326963,-0.294731289116785
0.0630783702087399,0.382809111827278,-0.294998717949704
0.0632065711799374,0.382833854386008,-0.295265978289293
0.0634206665267312,0.382804067688007,-0.295533092408234
0.0637319522948348,0.382707746418132,-0.295800082579209
0.0641517239255103,0.382532908352942,-0.296066971074899
0.0646862367353214,0.382273274496417,-0.296333780509267
0.0653244828546562,0.381935712133983,-0.29660054463997
0.0660517613784004,0.381528934563613,-0.29686731057955
0.066853371401439,0.381061655083284,-0.297134126228618
0.067714612018658,0.380542586990969,-0.297401039487783
0.0686207823249425,0.379980443584644,-0.297668098257658
0.0695571814151783,0.379383938162282,-0.297935350438853
0.0705091083842508,0.37876178402186,-0.298202843931979
0.0714618623270458,0.378122694461352,-0.298470626637648
0.0724007423384481,0.377475382778732,-0.29873874645647
0.0733110475133436,0.376828562271976,-0.299007251289056
0.074178076946618,0.376190946239058,-0.299276189036018
0.0749871297331566,0.375571247977953,-0.299545607597966
0.0757235049678449,0.374978180786636,-0.29981555487551
0.0763725017455681,0.374420457963081,-0.300086078769263
0.0769197206122796,0.373906434595871,-0.300357227179834
0.0773606051890994,0.373438343621153,-0.300629024859642
0.0777023952916587,0.373013282050194,-0.300901330634289
0.0779530268269368,0.372628187840122,-0.301173930930012
0.0781204357019123,0.372279998948066,-0.301446611871684
0.0782125578235646,0.371965653331155,-0.301719159584182
0.0782373290988729,0.371682088946515,-0.30199136019238
0.0782026854348163,0.371426243751275,-0.302262999821152
0.0781165627383733,0.371195055702564,-0.302533864595373
0.0779868969165238,0.370985462757509,-0.302803740639918
0.077821623876247,0.370794402873239,-0.303072414079662
0.0776286795245207,0.370618814006883,-0.303339671039479
0.0774159997683257,0.370455634115567,-0.303605297644245
0.0771915205146403,0.370301801156421,-0.303869080018833
0.0769631776704429,0.370154253086573,-0.304130804288119
0.0767389071427138,0.37000992786315,-0.304390256576978
0.0765261856520669,0.369865763674527,-0.304647224148758
0.0763291984602328,0.369718699796728,-0.304901775448964
0.0761506946563371,0.369565675825263,-0.305154627064844
0.0759934173514605,0.36940363135568,-0.30540658659629
0.075860109656684,0.369229505983533,-0.305658461643192
0.0757535146830886,0.369040239304374,-0.305911059805439
0.0756763755417547,0.368832770913753,-0.306165188682921
0.0756314353437637,0.368604040407221,-0.306421655875528
0.0756214372001962,0.368350987380332,-0.306681268983151
0.0756491242221333,0.368070551428636,-0.306944835605679
0.075717239520656,0.367759672147684,-0.307213163343003
0.0758285262068443,0.367415289133028,-0.307487059795012
0.0759857273917806,0.367034341980219,-0.307767332561597
0.0761915861865443,0.36661377028481,-0.308054789242649
0.0764488457022172,0.366150513642352,-0.308350237438054
0.0767602396198688,0.365641578942902,-0.308654484747706
0.0771261725808086,0.365088266016879,-0.308968222440487
0.0775416806499369,0.364498679836892,-0.309290153573444
0.078001046031873,0.363881528785644,-0.309617313276088
0.0784985509312364,0.363245521245841,-0.309946685023984
0.0790284775526458,0.362599365600188,-0.310275252292696
0.0795851081007211,0.361951770231389,-0.310599998557789
0.0801627247800809,0.36131144352215,-0.310917907294828
0.0807556097953448,0.360687093855175,-0.31122596197938
0.081358045351132,0.360087429613169,-0.311521146087008
0.0819643136520614,0.359521159178837,-0.311800443093278
0.082568696902753,0.358996990934884,-0.312060836473754
0.0831654773078252,0.358523633264015,-0.312299309704003
0.0837489370718976,0.358109794548934,-0.312512846259589
0.0843133583995896,0.357764183172347,-0.312698429616077
0.0848530234955196,0.357495507516958,-0.312853043249032
0.0853623989122931,0.357311273577207,-0.31297367063402
0.0858391018917202,0.357206737207367,-0.313058379161891
0.0862833928151359,0.357170000766566,-0.313110334336548
0.0866956139190991,0.35718907696232,-0.313134199177356
0.0870761074401696,0.357251978502137,-0.313134636904206
0.0874252156149071,0.357346718093531,-0.313116310736986
0.0877432806798704,0.357461308444013,-0.313083883895584
0.0880306448716193,0.357583762261095,-0.313042019599889
0.0882876504267132,0.357702092252289,-0.312995381069791
0.0885146395817111,0.357804311125107,-0.312948631525177
0.0887119545731725,0.357878431587062,-0.312906434185937
0.0888799376376577,0.357912466345663,-0.312873452271958
0.0890189310117246,0.357894428108424,-0.312854349003129
0.0891292769319334,0.357812329582857,-0.31285378759934
0.0892113176348432,0.357654183476473,-0.312876431280479
0.0892653953570144,0.357408004833006,-0.312926943266435
0.0892924178263079,0.357067054205849,-0.313009946127372
0.0892959525158914,0.356640994159791,-0.313127469252483
0.0892803481702935,0.356142684370234,-0.313277431336704
0.0892499536386575,0.355584984512585,-0.313457386580837
0.0892091177701262,0.354980754262246,-0.313664889185684
0.0891621894138435,0.35434285329462,-0.313897493352047
0.0891135174189521,0.353684141285114,-0.314152753280728
0.0890674506345956,0.353017477909128,-0.314428223172531
0.0890283379099173,0.352355722842069,-0.314721457228256
0.0890005280940598,0.35171173575934,-0.315030009648706
0.0889883700361669,0.351098376336344,-0.315351434634683
0.0889962125853814,0.350528504248486,-0.315683286386989
0.0890284045908469,0.350014979171169,-0.316023119106426
0.0890892949017061,0.349570660779798,-0.316368486993796
0.0891832323671029,0.349208408749777,-0.316716944249902
0.0893145149688326,0.348940658045723,-0.317066045075545
0.0894841956915,0.348768052090773,-0.317413400056041
0.0896881835704662,0.348678195535428,-0.317757194231907
0.0899219315285209,0.348658018082407,-0.318095948097982
0.0901808924884535,0.348694449434424,-0.318428186353206
0.0904605193730539,0.348774419294197,-0.318752433696525
0.0907562651051124,0.348884857364441,-0.319067214826878
0.0910635826074169,0.349012693347874,-0.319371054443208
0.0913779248027582,0.34914485694721,-0.319662477244457
0.091694744613926,0.349268277865167,-0.319940007929566
0.0920094949637091,0.34936988580446,-0.320202171197477
0.0923176287748977,0.349436610467807,-0.320447491747133
0.0926145989702818,0.349455381557923,-0.320674494277476
0.0928958584726505,0.349413128777524,-0.320881703487448
0.0931568602047927,0.349296781829327,-0.321067644075989
0.0933930570894994,0.349093270416048,-0.321230840742042
0.0936002039284063,0.348792106507621,-0.321369818487969
0.0937771311171962,0.348399596597626,-0.321483783582307
0.0939244650511692,0.347928763369747,-0.321574072522366
0.0940428546341023,0.34739264722587,-0.321642437033615
0.0941329487697711,0.346804288567883,-0.321690628841522
0.0941953963619526,0.346176727797673,-0.321720399671557
0.0942308463144235,0.345523005317127,-0.32173350124919
0.0942399475309603,0.344856161528132,-0.321731685299889
0.0942233489153386,0.344189236832577,-0.321716703549124
0.0941816993713356,0.343535271632348,-0.321690307722364
0.0941156478027276,0.342907306329331,-0.321654249545077
0.0940258431132905,0.342318381325416,-0.321610280742735
0.0939129342068019,0.341781537022488,-0.321560153040805
0.0937775699870373,0.341309813822436,-0.321505618164757
0.0936203993577733,0.340916252127146,-0.32144842784006
0.0934420719653757,0.340613847157828,-0.321390333792183
0.0932449047894943,0.340407997643288,-0.321333076476953
0.0930364283393052,0.340288036595419,-0.321278083463232
0.0928251893548753,0.340241253815801,-0.321226436337811
0.0926197345762696,0.340254939106011,-0.321179198777833
0.0924286107435537,0.340316382267628,-0.321137434460438
0.092260364596793,0.340412873102229,-0.32110220706277
0.0921235428760532,0.340531701411394,-0.321074580261971
0.0920266923213997,0.340660156996702,-0.321055617735182
0.0919783596728982,0.34078552965973,-0.321046383159545
0.0919870916706145,0.340895109202057,-0.321047940212204
0.0920614350546132,0.340976185425261,-0.3210613525703
0.0922099365649605,0.341016048130921,-0.321087683910974
0.0924411429417218,0.341001987120615,-0.321127997911369
0.0927636009249628,0.340921292195922,-0.321183358248628
0.0931858572547488,0.34076125315842,-0.321254828599892
0.0937160721762227,0.340510019861235,-0.321343472642303
0.0943516754066414,0.340168712990454,-0.321450307093471
0.095078231131223,0.339748490586577,-0.321576043256058
0.0958806893198116,0.339260771929557,-0.321721270296202
0.0967439999422521,0.33871697629935,-0.321886577057827
0.0976531129683877,0.338128522975912,-0.322072552384853
0.0985929783680635,0.337506831239198,-0.322279785121206
0.0995485461111236,0.336863320369162,-0.322508864110809
0.100504766167412,0.336209409645761,-0.322760378197585
0.101446588506773,0.335556518348949,-0.323034916225456
0.102358963099051,0.334916065758681,-0.323333067038347
0.10322683991409,0.334299471154913,-0.323655419480181
0.104035168921734,0.333718153817601,-0.324002562394881
0.104768900091829,0.333183533026699,-0.32437508462637
0.105412983394217,0.332707028062163,-0.324773575018573
0.105952368798743,0.332300058203947,-0.32519862241541
0.106374689520534,0.331971245447265,-0.325650808628759
0.106685030038488,0.331717217926435,-0.326129533130782
0.106895453654334,0.3315313898691,-0.326631694879716
0.107018042080861,0.331407175465705,-0.327153874822726
0.107064877030864,0.331337988906693,-0.327692653906976
0.107048040217132,0.331317244382509,-0.328244613079631
0.106979613352459,0.331338356083598,-0.328806333287857
0.106871678149636,0.331394738200403,-0.329374395478816
0.106736316321455,0.331479804923368,-0.329945380599674
0.106585609580707,0.331586970442939,-0.330515869597596
0.106431639640185,0.33170964894956,-0.331082443419746
0.10628648821268,0.331841254633674,-0.33164168301329
0.106162237010985,0.331975201685726,-0.33219016932539
0.106070967747891,0.332104904296161,-0.332724483303213
0.106024762136189,0.332223776655422,-0.333241205893923
0.106035668591865,0.332325295354904,-0.333736918044685
0.106110137143291,0.332406142190855,-0.33420831889064
0.106242777866168,0.332467679722228,-0.334653890014181
0.106426695051327,0.332511641351369,-0.335073492327371
0.106654992989602,0.332539760480624,-0.335467022641705
0.106920775971823,0.332553770512338,-0.335834377768681
0.107217148288823,0.332555404848857,-0.336175454519793
0.107537214231434,0.332546396892526,-0.336490149706539
0.107874078090489,0.332528480045691,-0.336778360140415
0.10822084415682,0.332503387710698,-0.337039982632917
0.108570616721257,0.332472853289892,-0.33727491399554
0.108916500074634,0.332438610185618,-0.337483051039782
0.109251598507783,0.332402391800224,-0.337664290577138
0.109569016311537,0.332365931536053,-0.337818529419105
0.109861857776726,0.332330962795452,-0.337945664377179
0.110123227194183,0.332299218980766,-0.338045592262856
0.110346556995812,0.332272296019402,-0.338118209887631
0.110530228459941,0.332250529557629,-0.338164025406949
0.110676452482136,0.332233578283772,-0.338186168223251
0.110787539630353,0.332221094398004,-0.338188470135259
0.110865800472552,0.3322127301005,-0.338174762949824
0.110913545576689,0.332208137591432,-0.338148878473796
0.110933085510723,0.332206969070974,-0.338114648514025
0.110926730842612,0.332208876739299,-0.338075904877363
0.110896792140312,0.332213512796579,-0.33803647937066
0.110845579971783,0.332220529442989,-0.338000203800766
0.110775404904981,0.332229578878701,-0.337970909974532
0.110688577507865,0.332240313303889,-0.337952429698808
0.110587408348393,0.332252384918726,-0.337948594780446
0.110474207994521,0.332265445923386,-0.337963237026295
0.110351287014209,0.33227914851804,-0.338000188243206
0.110220955975414,0.332293144904224,-0.33806328023803
0.110085826558175,0.332307088565489,-0.338156300823107
0.109949801514678,0.332320636648698,-0.338280778046793
0.10981712955622,0.332333446950812,-0.338434939881645
0.109692059398095,0.332345177268791,-0.338616752844685
0.109578839755603,0.332355485399599,-0.338824183452936
0.10948171934404,0.332364029140196,-0.339055198223425
0.109404946878705,0.332370466287543,-0.339307763673171
0.109352771074894,0.332374454638602,-0.339579846319199
0.109329440647906,0.332375651990335,-0.339869412678534
0.109339204313038,0.332373716139702,-0.340174429268198
0.109386310785587,0.332368304883665,-0.340492862605213
0.109475008780852,0.332359076019187,-0.340822679206606
0.109609547014131,0.332345687343228,-0.341161845589399
0.109794174200719,0.332327796652749,-0.341508328270614
0.110033139055915,0.332305061744712,-0.341860093767275
0.110330612559557,0.332277181341647,-0.342215108596407
0.11068677283439,0.332244830664845,-0.342571322122393
0.111095966982235,0.332209681405895,-0.342926526465352
0.111552080129867,0.332173450176778,-0.343278429281899
0.112048997404059,0.332137853589476,-0.34362473741913
0.112580603931585,0.332104608255969,-0.343963157724138
0.113140784839218,0.332075430788237,-0.344291397044019
0.113723425253732,0.332052037798264,-0.344607162225867
0.114322410301901,0.332036145898029,-0.344908160116777
0.114931625110498,0.332029471699513,-0.345192097563844
0.115544954806297,0.332033731814698,-0.345456681414163
0.116156284516071,0.332050642855564,-0.345699618514828
0.116759499366595,0.332081921434092,-0.345918615712933
0.117348484484642,0.332129284162265,-0.346111379855575
0.117917124996985,0.332194447652061,-0.346275617789846
0.118459306030398,0.332279128515464,-0.346409036362844
0.118969344702814,0.332384135538716,-0.346509344099357
0.119445518347112,0.332504911731419,-0.346575830971672
0.119888231519119,0.3326349357913,-0.34661230585953
0.12029790916256,0.332767683473474,-0.346623379579568
0.120674976221162,0.332896630533054,-0.346613662948421
0.121019857638648,0.333015252725156,-0.346587766782727
0.121332978358743,0.333117025804894,-0.346550301899123
0.121614763325173,0.333195425527382,-0.346505879114245
0.121865637481663,0.333243927647734,-0.346459109244731
0.122086025771937,0.333256007921066,-0.346414603107216
0.12227635313972,0.333225142102492,-0.346376971518337
0.122437044528738,0.333144805947125,-0.346350825294732
0.122568524882716,0.333008475210081,-0.346340775253038
0.122671219145378,0.332809625646475,-0.34635143220989
0.122745552260449,0.332541733011419,-0.346387406981925
0.12279195014128,0.332198319151902,-0.346453310385781
0.12281175270004,0.331778486879562,-0.346553602752558
0.122808911554999,0.331292180139959,-0.346689153774525
0.122787841804483,0.330750588744733,-0.346857169068673
0.122752958546817,0.330164902505523,-0.34705468907728
0.12270867688033,0.329546311233968,-0.347278754242628
0.122659411903347,0.328906004741708,-0.347526405006996
0.122609578714194,0.328255172840381,-0.347794681812665
0.122563592411199,0.327605005341627,-0.348080625101915
0.122525868092686,0.326966692057085,-0.348381275317026
0.122500820856985,0.326351422798395,-0.348693672900278
0.122492865802419,0.325770387377195,-0.349014858293952
0.122506418027317,0.325234775605125,-0.349341871940328
0.122545892630004,0.324755777293825,-0.349671754281684
0.122615704708808,0.324344582254932,-0.350001545760304
0.122720269362053,0.324012380300088,-0.350328286818466
0.122863816624275,0.32376940649234,-0.350649017898449
0.123046160841553,0.323613119587937,-0.350961175109189
0.123262610360995,0.323531862172751,-0.351264533179023
0.123508270401491,0.323513780356954,-0.351559722961722
0.123778246181932,0.323547020250719,-0.351847376593571
0.12406764292121,0.323619727964218,-0.35212812621085
0.124371565838216,0.323720049607624,-0.352402603949842
0.124685120151839,0.323836131291109,-0.352671441946826
0.125003411080973,0.323956119124844,-0.352935272338086
0.125321543844507,0.324068159219003,-0.353194727259902
0.125634623661332,0.324160397683758,-0.353450438848557
0.12593775575034,0.32422098062928,-0.353703039240331
0.126226045330422,0.324238054165743,-0.353953160571506
0.126494597620468,0.324199764403317,-0.354201434978365
0.12673851783937,0.324094257452177,-0.354448494597188
0.126952911206019,0.323909679424095,-0.354694971564257
0.127133639556656,0.323637876167037,-0.354941497492531
0.127281036774908,0.323285157957071,-0.355188640629234
0.127397073878474,0.322861369430022,-0.355436846132405
0.127483724337541,0.32237635522172,-0.355686545014635
0.127542961622297,0.321839959967993,-0.355938168288519
0.12757675920293,0.321262028304668,-0.356192146966651
0.127587090549626,0.320652404867573,-0.356448912061623
0.127575929132574,0.320020934292536,-0.356708894586029
0.127545248421962,0.319377461215385,-0.356972525552463
0.127497021887975,0.318731830271947,-0.357240235973519
0.127433223000804,0.318093886098051,-0.357512456861788
0.127355825230633,0.317473473329525,-0.357789619229867
0.127266802047652,0.316880436602195,-0.358072154090348
0.127168126922048,0.316324620551891,-0.358360492455823
0.127061773324008,0.31581586981444,-0.358655065338888
0.126949718945997,0.315363859868155,-0.358956303752136
0.126834452728522,0.314971132266588,-0.359264523228683
0.126719456721498,0.314630624999067,-0.359578493972104
0.126608327103246,0.314334599245991,-0.359895883560021
0.126504660052084,0.31407531618776,-0.360214335805776
0.126412051746332,0.313845037004773,-0.360531494522716
0.12633409836431,0.313636022877428,-0.360845003524184
0.126274396084339,0.313440534986125,-0.361152506623524
0.126236541084737,0.313250834511264,-0.361451647634081
0.126224129543824,0.313059182633241,-0.3617400703692
0.126240757639922,0.312857840532458,-0.362015418642224
0.126290021551348,0.312639069389314,-0.362275336266497
0.126375517456423,0.312395130384207,-0.362517467055365
0.126500841533467,0.312118284697535,-0.362739454822171
0.126669589960799,0.3118007935097,-0.36293894338026
0.126885358916739,0.311434918001099,-0.363113576542976
0.127151464341031,0.311014089194478,-0.363260998124013
0.127467472061524,0.310541416126185,-0.363379662633797
0.127830272120383,0.310024785148115,-0.363471194069422
0.128236696890061,0.309472116346922,-0.363537990886954
0.128683578743013,0.308891329809257,-0.363582451542464
0.129167750051696,0.308290345621778,-0.363606974492018
0.129686043188564,0.307677083871135,-0.363613958191686
0.130235290526073,0.307059464643985,-0.363605801097535
0.130812324436678,0.30644540802698,-0.363584901665634
0.131413977292833,0.305842834106774,-0.363553658352051
0.132037081466995,0.305259662970022,-0.363514469612854
0.132678469331618,0.304703814703378,-0.363469733904112
0.133334973259158,0.304183209393494,-0.363421849681893
0.13400342562207,0.303705767127024,-0.363373215402265
0.134680658792809,0.303279407990624,-0.363326229521297
0.13536350514376,0.302912042748306,-0.363283290495056
0.136048635305589,0.302606958484626,-0.363246767526155
0.136732087566175,0.302355354960508,-0.363217796103467
0.137409745701457,0.30214648120486,-0.363195850912088
0.138077493487371,0.301969586246587,-0.363180289592362
0.138731214699855,0.301813919114599,-0.363170469784634
0.139366793114847,0.301668728837801,-0.363165749129246
0.139980112508284,0.301523264445101,-0.363165485266542
0.140567056656103,0.301366774965407,-0.363169035836866
0.141123509334242,0.301188509427626,-0.36317575848056
0.141645354318638,0.300977716860665,-0.36318501083797
0.142128475385229,0.300723646293431,-0.363196150549438
0.142568756309952,0.300415546754832,-0.363208535255308
0.142962080868745,0.300042667273775,-0.363221522595922
0.143304332837545,0.299594256879167,-0.363234470211626
0.14359139599229,0.299059564599915,-0.363246735742761
0.143819255681528,0.298428460554428,-0.363257676829672
0.143988180902563,0.297703667559061,-0.363266711875706
0.144104207225411,0.296900012402416,-0.363273761971745
0.144173776617945,0.296032793048329,-0.363278996348122
0.144203331048039,0.295117307460631,-0.363282585987397
0.144199312483566,0.294168853603159,-0.363284701872126
0.144168162892398,0.293202729439745,-0.363285514984866
0.14411632424241,0.292234232934224,-0.363285196308177
0.144050238501473,0.29127866205043,-0.363283916824615
0.143976347637462,0.290351314752198,-0.363281847516737
0.143901093618249,0.289467489003361,-0.363279159367102
0.143830918411708,0.288642482767755,-0.363276023358268
0.143772263985712,0.287891594009212,-0.363272610472791
0.143731572308133,0.287230120691567,-0.36326909169323
0.143715285346845,0.286673360778655,-0.363265638002141
0.143729845069722,0.286236612234309,-0.363262420382083
0.14378107278861,0.285931167788667,-0.363259609709484
0.143869655176944,0.28574677866006,-0.363257324224356
0.143993744319044,0.285665985517012,-0.363255544563448
0.14415147440136,0.285671323865083,-0.363254229156184
0.144340979610347,0.285745329209833,-0.363253336431992
0.144560394132456,0.285870537056823,-0.363252824820297
0.144807852154142,0.286029482911614,-0.363252652750525
0.145081487861856,0.286204702279766,-0.363252778652103
0.145379435442052,0.286378730666841,-0.363253160954455
0.145699829081183,0.286534103578398,-0.363253758087008
0.1460408029657,0.28665335652,-0.363254528479189
0.146400491282058,0.286719024997205,-0.363255430560423
0.146777028216707,0.286713644515575,-0.363256422760135
0.147168547956103,0.286619750580671,-0.363257463507752
0.147573184686697,0.286419878698053,-0.3632585112327
0.147989070743413,0.286096683994276,-0.363259524364405
0.148413420172177,0.285643704699694,-0.363260462211398
0.1488410464078,0.285073916178159,-0.36326130227424
0.149266375458637,0.284402306775833,-0.363262039185757
0.149683833333042,0.283643864838871,-0.363262668245687
0.15008784603937,0.282813578713432,-0.363263184753769
0.150472839585976,0.281926436745673,-0.363263584009741
0.150833239981214,0.28099742728175,-0.363263861313342
0.15116347323344,0.280041538667823,-0.363264011964311
0.151457965351008,0.279073759250047,-0.363264031262384
0.151711142342271,0.278109077374582,-0.363263914507304
0.151917430215586,0.277162481387583,-0.363263656998807
0.152071254979306,0.276248959635209,-0.363263254036631
0.152167042641787,0.275383500463618,-0.363262700920515
0.152199219211383,0.274581092218965,-0.363261992950199
0.152162210696449,0.27385672324741,-0.36326112542542
0.152050994848349,0.27322421036003,-0.363260093645917
0.151871967074415,0.272683392976732,-0.363258900866512
0.151642275309701,0.272224919744855,-0.363257593127178
0.151379486056373,0.271839278164013,-0.36325623078928
0.151101165816598,0.27151695573382,-0.363254874224436
0.150824881092545,0.271248439953891,-0.363253583804267
0.15056819838638,0.271024218323838,-0.363252419900394
0.150348684200272,0.270834778343277,-0.363251442884435
0.150183905036388,0.270670607511821,-0.36325071312801
0.150091427396896,0.270522193329086,-0.36325029100274
0.150088817783962,0.270380023294683,-0.363250236880244
0.150193642699755,0.270234584908229,-0.363250611132141
0.150423468646443,0.270076365669337,-0.363251474130052
0.150795862126192,0.269895853077621,-0.363252886245597
0.15132838964117,0.269683534632694,-0.363254907850393
0.152038617693544,0.269429897954733,-0.363257599316064
0.152938894287703,0.269127816561652,-0.363261019918904
0.154013500568514,0.268778671036936,-0.363265129282931
0.155237322913641,0.26838573720209,-0.363269709054011
0.156585240973826,0.267952290878615,-0.363274522445927
0.158032134399809,0.267481607888016,-0.36327933267246
0.159552882842331,0.266976964051795,-0.363283902947393
0.161122365952133,0.266441635191456,-0.363287996484508
0.162715463379955,0.265878897128502,-0.363291376497588
0.164307054776538,0.265292025684437,-0.363293806200416
0.165872019792624,0.264684296680764,-0.363295048806772
0.167385238078953,0.264058985938985,-0.363294867530441
0.168821589286266,0.263419369280605,-0.363293025585204
0.170155953065303,0.262768722527127,-0.363289286184843
0.171363209066805,0.262110321500054,-0.363283412543141
0.172418236941514,0.261447442020889,-0.363275167873881
0.173296071455906,0.260783356626562,-0.363264315390844
0.173985859787604,0.260121222265686,-0.363250672032053
0.174501953763996,0.259464052380774,-0.36323469571053
0.174861315500341,0.258814851464159,-0.363217265809618
0.175080907111899,0.258176624008174,-0.363199269102567
0.17517769071393,0.257552374505153,-0.363181592362628
0.175168628421694,0.25694510744743,-0.36316512236305
0.175070682350451,0.256357827327338,-0.363150745877085
0.174900814615461,0.255793538637212,-0.363139349677985
0.174675987331984,0.255255245869384,-0.363131820538998
0.174413162615279,0.254745953516188,-0.363129045233378
0.174129302580606,0.254268666069959,-0.363131910534373
0.173841369343226,0.253826388023029,-0.363141303215234
0.173566325018398,0.253422123867732,-0.363158110049214
0.173321131721383,0.253058878096402,-0.363183217809562
0.173122751567439,0.252739655201373,-0.363217513269528
0.17298718468066,0.252466475634798,-0.363261883162797
0.172918953827725,0.252233994885377,-0.36331643118022
0.172915034889028,0.25203353098037,-0.363378469025134
0.172972271420554,0.251856385406901,-0.363444686390752
0.173087506978289,0.251693859652093,-0.36351177297029
0.173257585118218,0.251537255203068,-0.363576418456962
0.173479349396325,0.251377873546951,-0.363635312543984
0.173749643368598,0.251207016170864,-0.363685144924569
0.17406531059102,0.25101598456193,-0.363722605291932
0.174423194619578,0.250796080207272,-0.363744383339289
0.174820139010255,0.250538604594013,-0.363747168759853
0.175252987319039,0.250234859209277,-0.363727651246839
0.175718583101913,0.249876145540187,-0.363682520493463
0.176213769914864,0.249453765073865,-0.363608466192938
0.176735391313877,0.248959019297435,-0.363502178038479
0.177280290843813,0.248383228165625,-0.363360345723301
0.177845091918287,0.24772323398339,-0.363179768731163
0.178425633059367,0.246989102498694,-0.362961110215394
0.179017577927854,0.24619283743683,-0.362709830182121
0.179616590184544,0.245346442523087,-0.362431687807274
0.180218333490239,0.244461921482758,-0.362132442266783
0.180818471505736,0.243551278041133,-0.361817852736577
0.181412667891834,0.242626515923504,-0.361493678392587
0.181996586309333,0.241699638855161,-0.36116567841074
0.182565890419031,0.240782650561396,-0.360839611966969
0.183116243881728,0.2398875547675,-0.360521238237202
0.183643310358221,0.239026355198763,-0.360216316397367
0.184142753509311,0.238211055580478,-0.359930605623397
0.184610236995794,0.237453659637935,-0.35966986509122
0.185041424478472,0.236766171096425,-0.359439853976766
0.185431979618143,0.23616059368124,-0.359246331455964
0.185777707075333,0.235648225265046,-0.359095056704744
0.186079373471209,0.2352275956533,-0.358990755079904
0.186343905838519,0.234886138892813,-0.35893041440854
0.186578615422163,0.234610919707145,-0.35890751622648
0.186790813467036,0.234389002819849,-0.358915524692714
0.186987811218035,0.234207452954484,-0.358947903966231
0.187176919920059,0.234053334834605,-0.358998118206018
0.187365450818004,0.233913713183767,-0.359059631571064
0.187560715156768,0.233775652725529,-0.359125908220359
0.187770024181247,0.233626218183444,-0.359190412312889
0.188000689136339,0.23345247428107,-0.359246608007645
0.188260021266941,0.233241485741964,-0.359287959463613
0.188555331817951,0.23298031728968,-0.359307930839784
0.188893932034265,0.232656033647775,-0.359299986295145
0.18928313316078,0.232255699539806,-0.359257589988685
0.189730246442394,0.231766379689329,-0.359174206079392
0.190240983054249,0.231178693264025,-0.359043310973747
0.190809078588052,0.230500671766733,-0.358862043433906
0.191422841853945,0.229745670125304,-0.358636311849011
0.192070554767462,0.228927044608382,-0.358373309851257
0.192740499244138,0.228058151484605,-0.358080231072837
0.193420957199505,0.227152347022613,-0.357764269145948
0.194100210549099,0.226222987491049,-0.357432617702782
0.194766541208453,0.225283429158551,-0.357092470375534
0.195408231093102,0.224347028293761,-0.356751020796399
0.196013562118581,0.223427141165318,-0.356415462597571
0.196570816200422,0.222537124041863,-0.356092989411244
0.19706827525416,0.221690333192037,-0.355790794869613
0.19749422119533,0.22090012488448,-0.355516072604872
0.197836935939466,0.220179855387831,-0.355276016249215
0.198084701402101,0.219542880970733,-0.355077819434837
0.198225821709298,0.219002419597423,-0.354928675793933
0.198255242580024,0.21856191737632,-0.354835319265406
0.1981838132384,0.218208759840913,-0.354796168461945
0.198024713665549,0.21792883830493,-0.354802415777022
0.197791123842592,0.217708044082095,-0.35484501307879
0.197496223750651,0.217532268486136,-0.354914912235407
0.197153193370851,0.217387402830777,-0.355003065115029
0.196775212684312,0.217259338429746,-0.35510042358581
0.196375461672157,0.217133966596767,-0.355197939515907
0.195967120315509,0.216997178645567,-0.355286564773476
0.19556336859549,0.216834865889872,-0.355357251226672
0.195177386493222,0.216632919643408,-0.355400950743652
0.194822353989828,0.216377231219902,-0.355408615192572
0.194511451066429,0.216053691933078,-0.355371196441586
0.19425785770415,0.215648193096663,-0.355279646358851
0.194074753884111,0.215146626024383,-0.355124916812523
0.193974532739437,0.214536570952345,-0.354897959670758
0.19395535422228,0.213823648377834,-0.354592195595026
0.194003009306928,0.213024403160764,-0.354213139249421
0.1941028772652,0.212155532665748,-0.353770002763983
0.194240337368918,0.211233734257395,-0.353271999200009
0.1944007688899,0.210275705300319,-0.352728341618797
0.194569551099967,0.209298143159132,-0.35214824308165
0.194732063270939,0.208317745198445,-0.351540916649866
0.194873684674636,0.20735120878287,-0.350915575384743
0.194979794582878,0.206415231277018,-0.350281432347581
0.195035772267485,0.205526510045503,-0.349647700599681
0.195026997000278,0.204701742452935,-0.34902359320234
0.194938848053076,0.203957625863926,-0.348418323216859
0.194756704697699,0.203310857643089,-0.347841103704537
0.194465946205967,0.202778135155034,-0.347301147726673
0.194051951849701,0.202376153758159,-0.346807668344567
0.193507310547506,0.202114202216556,-0.346369791848202
0.192859929479217,0.201977469515472,-0.345990513726397
0.192148513578892,0.201946251272537,-0.345662753163806
0.191411770500166,0.202000843105381,-0.34537849188096
0.190688407896677,0.202121540631638,-0.345129711598387
0.19001713342206,0.202288639468936,-0.344908394036616
0.189436654729954,0.20248243523491,-0.344706520916178
0.188985679473993,0.202683223547189,-0.344516073957602
0.188702915307814,0.202871300023405,-0.344329034881416
0.188627069885055,0.203026960281189,-0.344137385408152
0.18879685085935,0.203130499938173,-0.343933107258337
0.189250965884338,0.203162214611988,-0.343708182152501
0.190028122613653,0.203102399920265,-0.343454591811174
0.191167028700934,0.202931351480635,-0.343164317954886
0.192706391799816,0.202629364910731,-0.342829342304165
0.194684417134142,0.202177270179442,-0.342441646579541
0.197103810902042,0.201571802655888,-0.341994182222974
0.199908934727923,0.200827915962839,-0.341490258776995
0.203038722060948,0.19996156331943,-0.340939458179284
0.206432106350286,0.198988697944798,-0.340351449930504
0.210028021045099,0.197925273058079,-0.339735903531317
0.213765399594554,0.196787241878409,-0.339102488482381
0.217583175447815,0.195590557624926,-0.33846087428436
0.221420282054049,0.194351173516764,-0.337820730437913
0.22521565286242,0.19308504277306,-0.337191726443703
0.228908221322094,0.19180811861295,-0.336583531802388
0.232436920882235,0.190536354255571,-0.336005816014632
0.23574068499201,0.189285702920059,-0.335468248581095
0.238758447100583,0.18807211782555,-0.334980499002438
0.24142914065712,0.18691155219118,-0.334552236779322
0.243691699110786,0.185819959236086,-0.334193131412408
0.24549063391509,0.1848113617204,-0.333912851270145
0.246830038098386,0.183886683544636,-0.33371688479646
0.247750084584051,0.18304140561256,-0.333597119682681
0.248291449972762,0.182270991097761,-0.333542682039519
0.248494810865198,0.181570903173829,-0.333542697977682
0.248400843862039,0.180936605014352,-0.333586293607879
0.248050225563965,0.18036355979292,-0.333662595040822
0.247483632571653,0.179847230683122,-0.333760728387216
0.246741741485781,0.179383080858548,-0.333869819757773
0.245865228907032,0.178966573492786,-0.333978995263202
0.244894771436081,0.178593171759427,-0.334077381014211
0.243871045673609,0.178258338832058,-0.33415410312151
0.242834728220294,0.177957537884271,-0.334198287695809
0.241826495676816,0.177686232089653,-0.334199060847815
0.240887024643853,0.177439884621795,-0.334145548688239
0.2400569886039,0.177213958851006,-0.33402687732779
0.239365549254025,0.177003956981737,-0.333832447396257
0.238804410929422,0.176805466493496,-0.333559830807349
0.238357672391703,0.17661408619483,-0.333215958970344
0.238009432402481,0.176425414894283,-0.332808276829903
0.237743789723364,0.176235051400403,-0.332344229330681
0.237544843115965,0.176038594521733,-0.331831261417338
0.237396691341895,0.17583164306682,-0.331276818034534
0.237283433162765,0.17560979584421,-0.330688344126926
0.237189167340185,0.175368651662447,-0.330073284639171
0.237097992635767,0.175103809330078,-0.32943908451593
0.236994007811122,0.174810867655649,-0.32879318870186
0.236861311627861,0.174485425447704,-0.32814304214162
0.236684002847594,0.174123081514791,-0.327496089779866
0.236446180231934,0.173719434665453,-0.326859776561259
0.236131942542491,0.173270083708238,-0.326241547430458
0.23572587159204,0.172771071910979,-0.325648847332119
0.235226927604482,0.172225518046186,-0.325088502692824
0.234650540024059,0.171642213559054,-0.324563143071227
0.234013041925688,0.171030109485886,-0.324073654092609
0.233330766384284,0.170398156862991,-0.323620915701509
0.232620046474762,0.169755306726675,-0.323205807842468
0.23189721527204,0.169110510113243,-0.322829210460024
0.231178605851032,0.168472718059002,-0.32249200349872
0.230480551286655,0.167850881600258,-0.322195066903093
0.229819384653823,0.167253951773318,-0.321939280617685
0.229211439027455,0.166690879614487,-0.321725524587036
0.228673047482464,0.166170616160073,-0.321554678755686
0.228220543093767,0.165702112446381,-0.321427623068175
0.22787025893628,0.165294319509717,-0.321345237469042
0.227638528084918,0.164956188386387,-0.321308401902828
0.227541683614598,0.1646966701127,-0.321317996314073
0.227592969519731,0.164521650681907,-0.321374883468179
0.227784669270942,0.164423331060942,-0.321476534840483
0.228100356568221,0.164390094298267,-0.321612975045133
0.228523576740097,0.164410323273995,-0.321773239359311
0.229037875115103,0.164472400868236,-0.321946363060198
0.229626797021767,0.164564709961104,-0.322121381424973
0.230273887788621,0.164675633432709,-0.322287329730822
0.230962692744193,0.164793554163165,-0.322433243254923
0.231676757217014,0.164906855032584,-0.322548157274457
0.232399626535615,0.165003918921077,-0.322621107066608
0.233114846028525,0.165073128708757,-0.322641127908555
0.233805961024276,0.165102867275736,-0.322597255077479
0.234456516851396,0.165081517502126,-0.322478523850563
0.235050058838417,0.164997462268039,-0.322273969504989
0.235570132313869,0.164839084453587,-0.321972627317936
0.236000320850503,0.164594918934977,-0.321563532566586
0.236331757715648,0.164262062666788,-0.321036638010584
0.236572154389193,0.16385057271691,-0.320396502137502
0.236731424814338,0.163371585416743,-0.319659393343627
0.236819482934279,0.162836237097689,-0.318841909463854
0.236846242692214,0.16225566409115,-0.317960648333069
0.236821618031341,0.161641002728527,-0.317032207786166
0.236755522894857,0.161003389341221,-0.316073185658035
0.236657871225961,0.160353960260635,-0.315100179783567
0.23653857696785,0.159703851818169,-0.314129787997652
0.236407554063721,0.159064200345225,-0.313178608135182
0.236274716456773,0.158446142173205,-0.312263238031047
0.236149978090202,0.15786081363351,-0.311400275520138
0.236043252907207,0.157319351057541,-0.310606318437347
0.235964454850986,0.156832890776701,-0.309897964617563
0.235923497864736,0.15641256912239,-0.309291811895679
0.235929852198543,0.156068417459511,-0.308804458106583
0.235985924794866,0.15579986212374,-0.308447665008527
0.236088459702272,0.155600419979439,-0.308211601894336
0.236234041653322,0.155463543932731,-0.308080414080657
0.236419255380577,0.155382686889743,-0.308038246618509
0.2366406856166,0.1553513017566,-0.308069244558912
0.236894917093952,0.155362841439428,-0.30815755295289
0.237178534545195,0.155410758844353,-0.308287316851461
0.237488122702891,0.1554885068775,-0.308442681305647
0.237820266299602,0.155589538444995,-0.308607791366469
0.238171550067889,0.155707306452963,-0.308766792084947
0.238538558740315,0.15583526380753,-0.308903828512103
0.238917877049441,0.155966863414823,-0.309003045698957
0.239306089727829,0.156095558180965,-0.309048588696529
0.239699781508041,0.156214801012084,-0.309024602555842
0.240095537122639,0.15631804621223,-0.308915232327915
0.240490025815165,0.156400607373061,-0.308704821467213
0.240880294159913,0.156463324055832,-0.308388889674757
0.241263494000836,0.156508057748716,-0.307979873738225
0.241636777186527,0.156536669939888,-0.307491619228837
0.241997295565581,0.156551022117522,-0.306937971717814
0.242342200986592,0.156552975769791,-0.306332776776379
0.242668645298153,0.15654439238487,-0.30568987997575
0.24297378034886,0.156527133450932,-0.305023126887151
0.243254757987305,0.156503060456152,-0.304346363081802
0.243508730062084,0.156474034888703,-0.303673434130923
0.243732848421789,0.156441918236761,-0.303018185605737
0.243924264915015,0.156408571988498,-0.302394463077463
0.244080131390357,0.156375857632088,-0.301816112117323
0.244197599696408,0.156345636655707,-0.301296978296539
0.244273821681761,0.156319770547527,-0.300850907186331
0.244306023082278,0.156300070309612,-0.300491744357921
0.24429559177068,0.156287061215654,-0.300231648773227
0.244250215698139,0.1562799095577,-0.300066591988545
0.244178107459756,0.156277716476928,-0.299983525404992
0.244087479650632,0.156279583114516,-0.299969302798506
0.243986544865867,0.156284610611644,-0.300010777945025
0.243883515700564,0.156291900109487,-0.300094804620488
0.243786604749822,0.156300552749226,-0.300208236600834
0.243704024608743,0.156309669672038,-0.300337927662001
0.243643987872428,0.156318352019102,-0.300470731579928
0.243614707135978,0.156325700931595,-0.300593502130553
0.243624394994493,0.156330817550697,-0.300693093089815
0.243681264043075,0.156332803017586,-0.300756358233653
0.243793526876825,0.156330758473439,-0.300770151338004
0.243969396090844,0.156323785059435,-0.300721326178809
0.244217084280232,0.156310983916752,-0.300596736532004
0.244543652486221,0.156291732965961,-0.300383240413637
0.244945109593757,0.156267115750584,-0.300073335326154
0.245411305862551,0.156238864950881,-0.29967627983159
0.245932024897488,0.156208714513963,-0.299204432143123
0.246497050303453,0.156178398386944,-0.298670150473935
0.24709616568533,0.156149650516939,-0.298085793037207
0.247719154648005,0.156124204851057,-0.29746371804612
0.248355800796362,0.156103795336414,-0.296816283713855
0.248995887735286,0.156090155920121,-0.296155848253591
0.249629199069661,0.156085020549291,-0.295494769878511
0.250245518404373,0.156090123171039,-0.294845406801795
0.250834629344306,0.156107197732475,-0.294220117236624
0.251386315494345,0.156137978180714,-0.293631259396179
0.251890360459375,0.156184198462868,-0.29309119149364
0.25233654784428,0.15624759252605,-0.292612271742188
0.252714663995116,0.156329877195333,-0.292206858355005
0.253018141108497,0.156430389554937,-0.291886902346778
0.253251247176014,0.156543669209858,-0.29165398461954
0.253420254071183,0.156663679230467,-0.291498725134375
0.253531433667521,0.156784382687134,-0.291411218374462
0.253591057838543,0.156899742650227,-0.291381558822984
0.253605398457766,0.157003722190119,-0.291399840963122
0.253580727398705,0.157090284377179,-0.291456159278059
0.253523316534878,0.157153392281777,-0.291540608250976
0.2534394377398,0.157187008974284,-0.291643282365055
0.253335362886987,0.157185097525069,-0.291754276103477
0.253217363849957,0.157141621004503,-0.291863683949425
0.253091712502223,0.157050542482955,-0.29196160038608
0.252964680717304,0.156905825030797,-0.292038119896625
0.252842540368716,0.156701431718398,-0.29208333696424
0.252731563329974,0.156431325616128,-0.292087346072108
0.252637876026727,0.156090062264001,-0.292040241703411
0.252563900767867,0.155680546618118,-0.291933945823087
0.252508144706637,0.155211857091064,-0.291771642053966
0.25246892730001,0.154693216898324,-0.291560800051647
0.252444568004958,0.154133849255382,-0.291308897836341
0.252433386278454,0.153542977377722,-0.291023413428257
0.252433701577469,0.15292982448083,-0.290711824847603
0.252443833358977,0.15230361378019,-0.290381610114589
0.252462101079949,0.151673568491286,-0.290040247249424
0.252486824197359,0.151048911829603,-0.289695214272317
0.252516322168177,0.150438867010626,-0.289353989203478
0.252548914449377,0.149852657249839,-0.289024050063114
0.252582920497931,0.149299505762726,-0.288712874871436
0.25261665977081,0.148788635764773,-0.288427941648653
0.252648451724989,0.148329270471464,-0.288176728414974
0.252676615817438,0.147930633098284,-0.287966713190607
0.252699695514443,0.147599703723773,-0.28780534250087
0.25271761471536,0.147334330870773,-0.287695685490736
0.252730822693464,0.147130039719276,-0.287631986650497
0.252739769747349,0.146982355448818,-0.287607429972057
0.252744906175611,0.146886803238935,-0.287615199447318
0.252746682276843,0.14683890826916,-0.287648479068186
0.252745548349641,0.146834195719031,-0.287700452826562
0.252741954692599,0.146868190768082,-0.287764304714352
0.252736351604312,0.146936418595848,-0.287833218723458
0.252729189383373,0.147034404381865,-0.287900378845783
0.252720918328378,0.147157673305669,-0.287958969073232
0.25271198873792,0.147301750546793,-0.288002173397709
0.252702850910595,0.147462161284773,-0.288023175811115
0.252693955144997,0.147634430699146,-0.288015160305356
0.252685751739721,0.147814083969446,-0.287971310872334
0.252678689735352,0.14799664593213,-0.287884811503954
0.25267304332568,0.14817762568387,-0.287749366887395
0.252668734219106,0.148352510364878,-0.287566019641124
0.252665641764281,0.148516785485606,-0.287341237960552
0.252663645309854,0.148665936556508,-0.287081617301933
0.252662624204474,0.148795449088035,-0.286793753121524
0.252662457796791,0.148900808590639,-0.286484240875577
0.252663025435454,0.148977500574774,-0.286159676020348
0.252664206469114,0.149021010550892,-0.285826654012091
0.25266588024642,0.149026824029444,-0.285491770307063
0.252667926116021,0.148990426520884,-0.285161620361517
0.252670223426567,0.148907303535663,-0.284842799631708
0.252672651526707,0.148772940584235,-0.284541903573891
0.252675089765092,0.148582823177051,-0.284265527644321
0.252677417490371,0.148332436824564,-0.284020267299251
0.252679514051193,0.148017267037225,-0.283812717994939
0.252681264734754,0.147633780797914,-0.283649475187637
0.252682638517576,0.147186935414245,-0.283535010299531
0.252683666255055,0.146686037812918,-0.28346514805137
0.252684380253996,0.146140430216667,-0.283433513182586
0.252684812821206,0.145559454848225,-0.283433730432178
0.252684996263494,0.144952453930325,-0.283459424539146
0.252684962887665,0.144328769685701,-0.283504220242489
0.252684745000527,0.143697744337086,-0.283561742281206
0.252684374908886,0.143068720107214,-0.283625615394297
0.252683884919551,0.142451039218817,-0.28368946432076
0.252683307339328,0.141854043894629,-0.283746913799595
0.252682674475023,0.141287076357383,-0.283791588569801
0.252682018633445,0.140759478829813,-0.283817113370377
0.2526813721214,0.140280593534653,-0.283817112940322
0.252680767245695,0.139859762694635,-0.283785212018636
0.252680236313137,0.139506322649823,-0.283715035344317
0.252679804935745,0.139225823026167,-0.283600312219374
0.25267947147181,0.139013522218633,-0.283439569097652
0.252679227345457,0.138862946937678,-0.283238024294674
0.252679063980807,0.13876762389376,-0.283001392842266
0.252678972801982,0.138721079797337,-0.282735389772255
0.252678945233105,0.138716841358868,-0.282445730116466
0.252678972698298,0.138748435288811,-0.282138128906729
0.252679046621682,0.138809388297623,-0.281818301174867
0.252679158427381,0.138893227095763,-0.281491961952707
0.252679299539516,0.138993478393688,-0.281164826272078
0.252679461382209,0.139103668901857,-0.280842609164805
0.252679635379583,0.139217325330728,-0.280531025662714
0.25267981295576,0.139327974390758,-0.280235790797633
0.252679985534862,0.139429142792406,-0.279962619601388
0.25268014454101,0.13951435724613,-0.279717227105804
0.252680281489765,0.139577361265874,-0.27950532834271
0.252680392091644,0.139616668658726,-0.27933200021125
0.252680477908989,0.139635446425194,-0.279196799380413
0.252680540938505,0.13963705494479,-0.279096454488551
0.252680583176894,0.139624854597026,-0.279027671225282
0.252680606620863,0.139602205761415,-0.27898715528022
0.252680613267115,0.13957246881747,-0.278971612342984
0.252680605112354,0.139539004144704,-0.278977748103188
0.252680584153286,0.139505172122628,-0.27900226825045
0.252680552386613,0.139474333130756,-0.279041878474386
0.252680511809041,0.1394498475486,-0.279093284464612
0.252680464417274,0.139435075755674,-0.279153191910745
0.252680412208015,0.139433378131489,-0.279218306502401
0.25268035717797,0.139448115055558,-0.279285333929197
0.252680301323843,0.139482646907394,-0.279350979880748
0.252680246642338,0.13954033406651,-0.279411950046672
0.252680195030455,0.139623329998708,-0.279464951664383
0.252680147522701,0.139727023948948,-0.279507688299078
0.252680104711721,0.139844450083148,-0.27954057125651
0.252680067186575,0.139968640172798,-0.279564467468425
0.252680035536325,0.140092625989388,-0.279580243866569
0.252680010350031,0.140209439304413,-0.27958876738269
0.252679992216753,0.140312111889361,-0.279590904948535
0.252679981725552,0.140393675515726,-0.27958752349585
0.252679979465489,0.140447161954997,-0.279579489956382
0.252679986025624,0.140465602978667,-0.279567671261878
0.252680001995017,0.140442030358227,-0.279552934344085
0.25268002796273,0.140369475865169,-0.27953614613475
0.252680064517823,0.140240971270983,-0.279518173565618
0.252680112249356,0.140049548347161,-0.279499883568439
0.252680171746391,0.139788238865195,-0.279482143074957
0.252680243596149,0.139450132762182,-0.279465819016921
0.252680327202585,0.139034290597932,-0.279451755389454
0.252680418753869,0.138550834876299,-0.279440291516783
0.252680513897052,0.138011087575885,-0.279431274440744
0.252680608279189,0.137426370675288,-0.279424530744733
0.252680697547333,0.136808006153109,-0.279419887012146
0.252680777348537,0.136167315987947,-0.279417169826381
0.252680843329854,0.135515622158404,-0.279416205770832
0.252680891138338,0.134864246643077,-0.279416821428897
0.252680916421043,0.134224511420568,-0.279418843383971
0.252680914825022,0.133607738469477,-0.279422098219451
0.252680881997327,0.133025249768402,-0.279426412518733
0.252680813585014,0.132488367295945,-0.279431612865213
0.252680705235135,0.132008413030705,-0.279437525842288
0.252680552594742,0.131596708951282,-0.279443978033354
0.252680351310891,0.131264577036276,-0.279450796021807
0.252680097497495,0.131022293833308,-0.279457806391043
0.252679797540745,0.130867027059707,-0.279464835742135
0.252679467846948,0.13078701002844,-0.279471710775224
0.25267912523883,0.130770304165458,-0.279478258224943
0.252678786539117,0.130804970896715,-0.27948430482596
0.252678468570533,0.130879071648163,-0.279489677312942
0.252678188155807,0.130980667845755,-0.279494202420559
0.252677962117662,0.131097820915444,-0.279497706883479
0.252677807278825,0.131218592283181,-0.279500017436368
0.252677740462023,0.131331043374919,-0.279500960813897
0.25267777848998,0.131423235616613,-0.279500363750732
0.252677938185422,0.131483230434212,-0.279498052981542
0.252678236371076,0.131499089253672,-0.279493855240995
0.252678689869666,0.131458873500943,-0.279487597263759
0.252679315503921,0.13135064460198,-0.279479105784503
0.252680130096564,0.13116246403938,-0.279468207537893
0.252681141150163,0.130886338789606,-0.279454732565139
0.252682303931896,0.130528922207859,-0.279438850319392
0.252683555522297,0.130100265499884,-0.279421359092052
0.252684832983408,0.129610419871427,-0.279403125361048
0.252686073377273,0.129069436528233,-0.279385015604313
0.252687213765935,0.128487366676049,-0.279367896299779
0.252688191211438,0.12787426152062,-0.279352633925375
0.252688942775823,0.127240172267692,-0.279340094959033
0.252689405521136,0.12659515012301,-0.279331145878685
0.252689516509418,0.125949246292322,-0.279326653162262
0.252689212802714,0.125312511981371,-0.279327483287695
0.252688431463066,0.124694998395906,-0.279334502732915
0.252687109552517,0.124106756741669,-0.279348577975854
0.252685184133111,0.123557838224409,-0.279370575494442
0.25268259226689,0.123058294049871,-0.279401361766611
0.252679271963161,0.122617972133526,-0.279441803270292
0.252675258466421,0.122238990042457,-0.279492579554177
0.252670767171603,0.121913522051943,-0.279552026230604
0.252666033007806,0.12163308774693,-0.279616881387597
0.252661290904133,0.121389206712365,-0.279683852378761
0.252656775789685,0.121173398533196,-0.279749646557703
0.252652722593564,0.12097718279437,-0.279810971278031
0.252649366244869,0.120792079080832,-0.279864533893351
0.252646941672704,0.120609606977531,-0.279907041757271
0.252645683806169,0.120421286069413,-0.279935202223397
0.252645827574365,0.120218635941425,-0.279945722645337
0.252647607906394,0.119993176178514,-0.279935310376698
0.252651259731358,0.119736426365628,-0.279900672771086
0.252657017978357,0.119439906087712,-0.279838517182109
0.252665117576493,0.119095134929715,-0.279745550963374
0.252675793454866,0.118693632476583,-0.279618481468487
0.25268923057758,0.118228448950545,-0.279454016074244
0.252704987389416,0.11770460098815,-0.279250477238125
0.252722195327038,0.117132735676525,-0.279012182885914
0.252739977611999,0.116523532914216,-0.27874484184729
0.252757457465851,0.115887672599768,-0.278454162951932
0.252773758110144,0.115235834631724,-0.278145855029521
0.252788002766431,0.114578698908629,-0.277825626909737
0.252799314656263,0.113926945329028,-0.277499187422259
0.25280681700119,0.113291253791465,-0.277172245396767
0.252809633022766,0.112682304194484,-0.276850509662941
0.252806885942541,0.11211077643663,-0.276539689050461
0.252797698982065,0.111587350416448,-0.276245492389005
0.252781195362893,0.111122706032481,-0.275973628508254
0.252756498306574,0.110727523183275,-0.275729806237889
0.252722731034661,0.110412481767373,-0.275519734407587
0.252679016779392,0.110188244056141,-0.27534912184703
0.252625223196497,0.110058979943468,-0.275223545078364
0.252563981374813,0.110012706042799,-0.275143549476371
0.252498563499034,0.110034969008893,-0.275103209017156
0.252432241753851,0.110111315496507,-0.275096171584314
0.252368288323958,0.110227292160399,-0.275116085061441
0.252309975394048,0.110368445655327,-0.275156597332133
0.252260575148813,0.11052032263605,-0.275211356279987
0.252223359772946,0.110668469757324,-0.275274009788597
0.252201601451139,0.110798433673909,-0.27533820574156
0.252198572368085,0.110895761040563,-0.27539759202247
0.252217544708477,0.110945998512042,-0.275445816514926
0.252261790657008,0.110934692743107,-0.275476527102521
0.25233458239837,0.110847390388514,-0.275483371668853
0.252439192117257,0.110669638103021,-0.275459998097517
0.25257889199836,0.110386982541386,-0.275400054272108
0.252756856716272,0.109985722429723,-0.275297188076222
0.252972553010921,0.109466573598332,-0.275146074820625
0.25322067822835,0.108843229885784,-0.274949422169212
0.253495615686199,0.108129848384695,-0.274713717177618
0.253791748702106,0.107340586187687,-0.274445468925859
0.254103460593709,0.106489600387376,-0.274151186493948
0.254425134678647,0.105591048076381,-0.273837378961901
0.254751154274559,0.104659086347322,-0.273510555409733
0.255075902699084,0.103707872292816,-0.273177224917458
0.25539376326986,0.102751563005484,-0.272843896565093
0.255699119304525,0.101804315577943,-0.272517079432651
0.255986354120718,0.100880287102812,-0.272203282600148
0.256249851036078,0.0999936346727097,-0.271909015147598
0.256483993368244,0.099158515380255,-0.271640786155018
0.256683164434854,0.0983890863180667,-0.271405104702421
0.256841747553546,0.0976995045787636,-0.271208479869823
0.256955054368758,0.0971009046326046,-0.271057411617785
0.25702565411836,0.0965889970063765,-0.270955041064
0.25705953089116,0.0961545851228169,-0.27089615239819
0.257062688675988,0.0957884703464982,-0.270874251972623
0.257041131461676,0.0954814540419924,-0.270882846139564
0.257000863237057,0.0952243375738704,-0.270915441251279
0.256947887990958,0.0950079223067048,-0.270965543660034
0.256888209712213,0.0948230096050673,-0.271026659718096
0.256827832389651,0.0946604008335294,-0.271092295777731
0.256772760012105,0.0945108973566629,-0.271155958191204
0.256728996568404,0.0943653005390403,-0.271211153310781
0.25670254604738,0.0942144117452324,-0.271251387488731
0.256699412437863,0.094049032339812,-0.271270167077317
0.256725599728686,0.0938599636873503,-0.271260998428805
0.256787111908678,0.093638007152419,-0.271217387895464
0.256889945102648,0.0933740172394819,-0.271132841829557
0.25703719898799,0.0930630277905482,-0.271001202226602
0.257224766771493,0.0927071955771106,-0.270822745316951
0.257447439736116,0.0923093722143804,-0.270603539309136
0.25770000916482,0.0918724093175685,-0.270349859158155
0.257977266340563,0.0913991585018867,-0.270067979819008
0.258274002546305,0.0908924713825456,-0.269764176246693
0.258585009065005,0.0903551995747569,-0.269444723396209
0.258905077179623,0.0897901946937316,-0.269115896222554
0.259228998173118,0.0892003083546811,-0.268783969680727
0.25955156332845,0.0885883921728159,-0.268455218725728
0.259867563928578,0.0879572977633483,-0.268135918312553
0.260171791256461,0.0873098767414886,-0.267832343396203
0.26045903659506,0.0866489807224484,-0.267550768931676
0.260724091227332,0.0859774613214392,-0.267297469873971
0.260961746436239,0.0852981701536719,-0.267078721178086
0.261166973542777,0.0846140381996674,-0.26690079779902
0.261338195172335,0.0839288858480241,-0.266768461736053
0.261476940750135,0.0832470919117321,-0.266678754624915
0.261584850599584,0.082573043843335,-0.266626261879471
0.261663565044094,0.0819111290953767,-0.266605567883381
0.261714724407073,0.0812657351204022,-0.266611257020305
0.261739969011931,0.0806412493709556,-0.266637913673906
0.261740939182076,0.0800420592995805,-0.266680122227844
0.26171927524092,0.0794725523588222,-0.26673246706578
0.26167661751187,0.078937116001224,-0.266789532571376
0.261614606318338,0.0784401376793307,-0.266845903128291
0.26153488198373,0.0779860048456864,-0.266896163120187
0.261439084831458,0.0775791049528356,-0.266934896930725
0.261328855184932,0.0772238254533222,-0.266956688943567
0.261205833367559,0.0769245537996903,-0.266956123542372
0.26107165970275,0.0766856771108944,-0.266927785110802
0.260928440721952,0.0765093096119029,-0.266866291602872
0.260780661939355,0.0763898682630442,-0.266768901208375
0.260633565738871,0.0763201421948523,-0.266637371924322
0.260492394821863,0.0762929205378597,-0.266473900705148
0.260362391889696,0.0763009924226012,-0.26628068450529
0.260248799643734,0.0763371469796097,-0.266059920279182
0.26015686078534,0.0763941733394189,-0.265813804981259
0.260091818015878,0.0764648606325626,-0.265544535565959
0.260058914036711,0.0765419979895747,-0.265254308987715
0.260063391549203,0.0766183745409881,-0.264945322200964
0.26011049325472,0.0766867794173369,-0.264619772160141
0.260205461854622,0.0767400017491546,-0.264279855819682
0.260353540050275,0.0767708306669752,-0.263927770134022
0.260559970543043,0.0767720553013316,-0.263565712057597
0.260829996034289,0.0767364647827575,-0.263195878544842
0.261168794562422,0.0766570106970534,-0.262820466550193
0.261576458564341,0.0765318403396953,-0.262441726053557
0.262044412983463,0.0763652658425171,-0.26206250126529
0.262563237246845,0.0761619573969574,-0.261686009489698
0.263123510781545,0.0759265851944537,-0.261315473803339
0.26371581301462,0.0756638194264454,-0.26095411728277
0.264330723373127,0.0753783302843709,-0.260605163004549
0.264958821284125,0.0750747879596678,-0.260271834045236
0.26559068617467,0.0747578626437755,-0.259957353481386
0.26621689747182,0.0744322245281324,-0.259664944389558
0.266828034602632,0.0741025438041765,-0.25939782984631
0.267414676994165,0.0737734906633465,-0.2591592329282
0.267967404073474,0.07344973529708,-0.258952376711785
0.268476795267619,0.073135947896817,-0.258780484273623
0.268933430003656,0.0728367986539946,-0.258646778690273
0.269327887708642,0.0725569577600522,-0.258554483038292
0.269651547698849,0.0723002394064936,-0.258506820057231
0.269904753256427,0.0720643960213176,-0.258504716324018
0.270093475785533,0.0718445633278466,-0.25854132235057
0.270223773764729,0.0716358667077548,-0.25860814415418
0.270301705672579,0.0714334315427152,-0.258696687752142
0.270333329987645,0.0712323832144013,-0.258798459161751
0.27032470518849,0.0710278471044865,-0.2589049644003
0.270281889753676,0.070814948594645,-0.259007709485084
0.270210942161766,0.0705888130665497,-0.259098200433397
0.270117920891322,0.0703445659018742,-0.259167943262532
0.270008884420908,0.0700773324822925,-0.259208443989785
0.269889891229086,0.0697822381894775,-0.259211208632448
0.269766999794417,0.0694544084051032,-0.259167743207817
0.269646268595466,0.0690889685108431,-0.259069553733185
0.269533756110795,0.06868104388837,-0.258908146225846
0.269435520598037,0.0682257754328712,-0.258675026703095
0.269356115036856,0.0677219439519901,-0.258361967281562
0.269294994710773,0.0671766309446731,-0.257969250573945
0.269250536834399,0.0665980694148272,-0.257507257104257
0.269221118622351,0.0659944923663589,-0.256986953892881
0.269205117289241,0.0653741328031741,-0.256419307960201
0.269200910049683,0.0647452237291799,-0.2558152863266
0.269206874118293,0.0641159981482828,-0.255185856012459
0.269221386709682,0.0634946890643893,-0.254541984038163
0.269242825038466,0.0628895294814056,-0.253894637424094
0.269269566319259,0.0623087524032384,-0.253254783190636
0.269299987766674,0.0617605908337939,-0.25263338835817
0.269332466595325,0.061253277776979,-0.252041419947081
0.269365380019826,0.0607950462366997,-0.251489844977751
0.269397105254792,0.0603941292168635,-0.250989630470563
0.269426019514836,0.0600587597213758,-0.250551743445901
0.269450528119673,0.0597966584930965,-0.250187150924146
0.26946993525765,0.0596069286519623,-0.249905029867482
0.269484611646689,0.0594815157304289,-0.249701880941006
0.269494989949771,0.0594121481650798,-0.249568732784083
0.269501502829878,0.0593905543924977,-0.249496592409731
0.269504582949991,0.059408462849267,-0.249476466830969
0.269504662973093,0.0594576019719701,-0.249499363060814
0.269502175562163,0.0595297001971902,-0.249556288112284
0.269497553380185,0.0596164859615114,-0.249638248998396
0.269491229090139,0.0597096877015166,-0.249736252732169
0.269483635355008,0.0598010338537889,-0.249841306326619
0.269475204837772,0.0598822528549119,-0.249944416794765
0.269466370201413,0.0599450731414688,-0.250036591149624
0.269457564108913,0.0599812231500425,-0.250108836404215
0.269449219223252,0.0599824313172175,-0.250152159571554
0.269441768207414,0.0599404260795757,-0.250157567664661
0.26943559524848,0.0598488413723273,-0.250116084517245
0.269430741251454,0.0597101711446741,-0.25002268057732
0.269427098935453,0.059529482532972,-0.249881326406891
0.269424560433935,0.0593118429530983,-0.24969724109962
0.269423017880361,0.0590623198209304,-0.249475643749171
0.26942236340819,0.0587859805523459,-0.249221753449207
0.269422489150883,0.0584878925632222,-0.248940789293391
0.2694232872419,0.0581731232694362,-0.248637970375387
0.269424649814699,0.0578467400868661,-0.248318515788857
0.269426469002743,0.0575138104313893,-0.247987644627466
0.26942863693949,0.0571794017188827,-0.247650575984876
0.269431045758399,0.0568485813652244,-0.247312528954751
0.269433587592932,0.0565264167862911,-0.246978722630754
0.269436154576548,0.0562179753979613,-0.246654376106548
0.269438638842707,0.0559283246161117,-0.246344708475796
0.269440932651117,0.0556624698560457,-0.246054938832162
0.269442957883065,0.0554215706711392,-0.245789960151642
0.269444703970791,0.0552007520297591,-0.245549179224809
0.269446169717475,0.0549946111097741,-0.245327446150393
0.269447353926294,0.0547977450890511,-0.245119472818682
0.269448255400428,0.0546047511454582,-0.244919971119968
0.269448872943056,0.0544102264568636,-0.244723652944539
0.269449205357356,0.0542087682011343,-0.244525230182687
0.269449251446507,0.0539949735561389,-0.244319414724702
0.269449010013688,0.0537634396997455,-0.244100918460873
0.269448479862077,0.0535087638098208,-0.24386445328149
0.269447659794855,0.0532255430642328,-0.243604731076844
0.269446548615198,0.0529083746408505,-0.243316463737224
0.269445145126286,0.0525518557175406,-0.242994363152921
0.269443448131298,0.0521505834721714,-0.242633141214225
0.269441456433412,0.0516991550826105,-0.242227509811425
0.269439172369451,0.0511930741883537,-0.241772180834812
0.269436657721717,0.0506369580413755,-0.241263955551938
0.26943402364648,0.0500406912692801,-0.240709350226485
0.269431382797563,0.0494142224667582,-0.240117702619174
0.269428847828794,0.0487675002284995,-0.239498350797218
0.269426531393996,0.0481104731491937,-0.238860632827835
0.269424546146995,0.0474530898235326,-0.23821388677824
0.269423004741614,0.0468052988462051,-0.237567450715648
0.269422019831681,0.0461770488119024,-0.236930662707275
0.269421704071018,0.0455782883153144,-0.236312860820336
0.269422170113452,0.0450189659511313,-0.235723383122047
0.269423530612807,0.0445090303140434,-0.235171567679624
0.269425898222908,0.0440584299987417,-0.234666752560281
0.269429385597581,0.0436771135999157,-0.234218275831235
0.269434105390649,0.0433750297122557,-0.233835475559702
0.269440170255939,0.0431621242873541,-0.233527689812896
0.269447612554174,0.0430431058560437,-0.233304128654377
0.269456091306534,0.0430064889395494,-0.233166062150468
0.269465157106318,0.0430376678151252,-0.233102301628931
0.269474360535048,0.0431220367600251,-0.233100568764495
0.269483252174243,0.0432449900515022,-0.233148585231892
0.269491382605428,0.0433919219668106,-0.233234072705852
0.269498302410122,0.0435482267832044,-0.233344752861106
0.269503562169847,0.0436992987779374,-0.233468347372384
0.269506712466124,0.0438305322282628,-0.233592577914416
0.269507303880475,0.0439273214114349,-0.233705166161934
0.269504886994421,0.0439750606047078,-0.233793833789668
0.269499012389483,0.0439591440853344,-0.233846302472348
0.269489230647183,0.0438649661305692,-0.233850293884705
0.269475092349042,0.0436779210176665,-0.23379352970147
0.269456148076582,0.0433834030238787,-0.233663731597373
0.269431961050617,0.042967311814665,-0.233448621247145
0.269402878500505,0.0424293101188258,-0.233137436217412
0.269370477852181,0.0417841287738854,-0.232734654930983
0.269336444125734,0.0410472656863337,-0.232253564536581
0.269302462341255,0.0402342187626608,-0.231707559156223
0.269270217518832,0.0393604859093557,-0.23111003291193
0.269241394678557,0.0384415650329091,-0.230474379925717
0.269217678840517,0.0374929540398101,-0.229813994319605
0.269200755024803,0.0365301508365492,-0.229142270215611
0.269192308251504,0.0355686533296151,-0.228472601735755
0.269194023540709,0.0346239594254989,-0.227818383002053
0.269207585912509,0.0337115670306898,-0.227193008136526
0.269234680386994,0.032846974051677,-0.22660987126119
0.269276991984251,0.032045678394951,-0.226082366498066
0.269336205724372,0.0313231779670013,-0.22562388796917
0.269414006627445,0.030694970674318,-0.225247829796522
0.269511608770081,0.0301742174160498,-0.224967583054642
0.269625491338581,0.029759059897017,-0.224790500062323
0.269749396904554,0.0294416985951487,-0.224705261415621
0.26987703480612,0.0292143192749978,-0.224696950063572
0.2700021143814,0.0290691077011169,-0.224750648955218
0.270118344968514,0.0289982496380581,-0.224851441039598
0.270219435905583,0.0289939308503748,-0.224984409265751
0.270299096530726,0.0290483371026198,-0.225134636582716
0.270351036182064,0.0291536541593451,-0.225287205939534
0.270368964197717,0.0293020677851037,-0.225427200285244
0.270346589915806,0.0294857637444481,-0.225539702568885
0.270277622674451,0.0296969278019314,-0.225609795739497
0.270155771811772,0.0299277457221059,-0.22562256274612
0.26997474666589,0.0301704032695242,-0.225563086537792
0.269728256574924,0.0304170862087396,-0.225416450063553
0.269410012661472,0.0306599873022504,-0.225167736272444
0.26901726206843,0.0308924259653935,-0.224802501790554
0.268558185249081,0.031110079259739,-0.224319202728342
0.268043069274931,0.0313089203867025,-0.223730417839471
0.267482201217487,0.0314849225477014,-0.22304944481596
0.266885868148258,0.0316340589441526,-0.222289581349828
0.266264357138749,0.0317523027774724,-0.221464125133093
0.265627955260469,0.0318356272490774,-0.220586373857775
0.264986949584925,0.0318800055603847,-0.219669625215892
0.264351627183624,0.0318814109128114,-0.218727176899463
0.263732275128073,0.0318358165077728,-0.217772326600507
0.26313918048978,0.0317391955466868,-0.216818372011042
0.262582630340252,0.03158752123097,-0.215878610823087
0.262072911750995,0.0313767667620384,-0.214966340728662
0.261620311793519,0.0311029053413092,-0.214094859419784
0.261235117539329,0.0307619101701995,-0.213277464588473
0.260927301051605,0.0303502905809132,-0.212527453926747
0.260698255879934,0.0298725204096062,-0.211856261003767
0.260539983625884,0.0293391752562349,-0.211263339270794
0.260444007777151,0.0287609859946565,-0.2107434031367
0.260401851821428,0.0281486834987297,-0.210291155274176
0.260405039246409,0.0275129986423139,-0.20990129835591
0.26044509353979,0.0268646622992674,-0.209568535054595
0.260513538189264,0.0262144053434488,-0.209287568042918
0.260601896682526,0.0255729586487168,-0.209053099993572
0.26070169250727,0.0249510530889299,-0.208859833579244
0.260804449151189,0.0243594195379464,-0.208702471472627
0.26090169010198,0.0238087888696255,-0.208575716346409
0.260984938847335,0.0233098919578256,-0.208474270873282
0.261045718874948,0.0228734596764053,-0.208392837725934
0.261075553672515,0.0225102228992229,-0.208326119577057
0.26106596672773,0.0222309125001376,-0.208268819099339
0.261009715552892,0.0220426053320568,-0.208215638962495
0.260907488339437,0.0219368892128367,-0.208161281356894
0.260763110462001,0.0219012485854635,-0.20810044746983
0.260580415064416,0.0219231678649296,-0.208027838362602
0.260363235290517,0.0219901314662283,-0.20793815509651
0.260115404284135,0.0220896238043511,-0.207826098732852
0.259840755189104,0.0222091292942916,-0.207686370332927
0.259543121149255,0.0223361323510416,-0.207513670958035
0.259226335308423,0.0224581173895939,-0.207302701669474
0.258894230810439,0.0225625688249418,-0.207048163528543
0.258550640799137,0.0226369710720768,-0.206744757596541
0.258199398418349,0.0226688085459923,-0.206387184934768
0.257844336811908,0.0226455656616806,-0.205970146604521
0.257489289123647,0.0225547268341344,-0.205488343667102
0.257138088497399,0.0223837764783459,-0.204936477183807
0.256794560512752,0.0221203962302505,-0.204309248215937
0.25646131292395,0.0217621437902338,-0.203602033596533
0.256138405050401,0.0213208543480394,-0.202820249102192
0.25582557610704,0.0208094782579946,-0.201977001542466
0.255522565308803,0.0202409658744278,-0.201085593443547
0.255229111870626,0.0196282675516646,-0.200159327331627
0.254944955007443,0.0189843336440334,-0.199211505732898
0.254669833934191,0.0183221145058619,-0.198255431173553
0.254403487865805,0.017654560491476,-0.197304406179782
0.254145656017221,0.0169946219552037,-0.196371733277778
0.253896077603373,0.0163552492513726,-0.195470714993734
0.253654491839198,0.0157493927343095,-0.19461465385384
0.253420637939631,0.0151900027583418,-0.19381685238429
0.253194255119608,0.0146900296777976,-0.193090613111275
0.252975082594064,0.0142624238470024,-0.192449238560987
0.252762859577935,0.0139201356202852,-0.191906031259619
0.252557233402296,0.0136743807614235,-0.191474293733361
0.252356486415302,0.0135206767109739,-0.191162889996058
0.252157855224732,0.0134461959298988,-0.190961869644696
0.25195854982701,0.0134380336977407,-0.190856297937017
0.251755780218562,0.0134832852940412,-0.19083124009676
0.251546756395812,0.0135690459983429,-0.190871761347661
0.251328688355186,0.0136824110901874,-0.190962926913458
0.25109878609311,0.0138104758491171,-0.191089802017889
0.250854259606007,0.0139403355546732,-0.191237451884692
0.250592318890303,0.0140590854863984,-0.191390941737604
0.250310173942423,0.0141538209238352,-0.191535336800362
0.250005034758792,0.0142116371465251,-0.191655702296705
0.249674111335835,0.0142196294340093,-0.191737103450369
0.249314613669978,0.0141648930658316,-0.191764605485094
0.248923751757646,0.0140345233215324,-0.191723273624616
0.248498735595262,0.0138156222406454,-0.191598173092672
0.248037972234168,0.0135011196180899,-0.191374589017783
0.247544942923625,0.0131004142247173,-0.191048818512113
0.247024473175867,0.0126257934761886,-0.190633078336809
0.246481388512297,0.0120895447881646,-0.190140828680923
0.245920514454318,0.0115039555763068,-0.189585529733508
0.245346676523333,0.0108813132562746,-0.188980641683617
0.244764700240746,0.0102339052437301,-0.188339624720303
0.244179411127959,0.00957401895433363,-0.187675939032618
0.243595634706376,0.00891394180374605,-0.187003044809615
0.243018196497401,0.0082659612076279,-0.186334402240348
0.242451922022435,0.00764236458164103,-0.185683471513868
0.241901636802883,0.00705543934144526,-0.185063712819229
0.241372166360148,0.00651747290270177,-0.184488586345483
0.240868336215632,0.00604075268107129,-0.183971552281683
0.240394971890739,0.00563756609221455,-0.183526070816883
0.239956835812072,0.0053197499183042,-0.183165602140134
0.239555530861816,0.00508858157339831,-0.182901863129556
0.239188092276618,0.00493466973505163,-0.182730793419164
0.238851198530362,0.00484815057292209,-0.182639945710293
0.238541528096931,0.00481916025666807,-0.182616795134837
0.23825575945021,0.00483783495594792,-0.18264881682469
0.237990571064083,0.00489431084042025,-0.182723485911749
0.237742641412434,0.0049787240797432,-0.182828277527908
0.237508648969146,0.00508121084357538,-0.182950666805061
0.237285272208104,0.00519190730157493,-0.183078128875104
0.237069189603191,0.00530094962340044,-0.183198138869932
0.236857079628292,0.00539847397871029,-0.183298171921439
0.236645620757291,0.00547461653716264,-0.183365703161522
0.236431491464071,0.00551951346841584,-0.183388207722074
0.236211370222517,0.00552330094212872,-0.183353160734991
0.235981935506512,0.00547611512795942,-0.183248037332167
0.235740213769146,0.00537001707486362,-0.183060318759039
0.235486380731251,0.0052083120666746,-0.182782756714538
0.235222286214428,0.004998376547249,-0.18242299696333
0.234949795523776,0.00474759258840929,-0.18199129767694
0.234670773964396,0.00446334226197931,-0.18149791702689
0.234387086841387,0.0041530076397811,-0.180953113184704
0.23410059945985,0.00382397079363761,-0.180367144321905
0.233813177124885,0.00348361379537176,-0.179750268610018
0.233526685141591,0.00313931871680606,-0.179112744220566
0.233242988815068,0.00279846762976366,-0.178464829325072
0.232963953450417,0.00246844260606727,-0.17781678209506
0.232691444352737,0.00215662571754027,-0.177178860702054
0.232427326827128,0.00187039903600472,-0.176561323317576
0.23217346617869,0.001617144633284,-0.175974428113151
0.231931727712524,0.00140424458120036,-0.175428433260303
0.231703975122363,0.00123904322396595,-0.174933596930554
0.231490682951481,0.00112448478745986,-0.174499791172962
0.231288400066113,0.00105505511149562,-0.174127840308517
0.231092986771974,0.00102428029504509,-0.173809427218528
0.23090030337478,0.00102568643708034,-0.173535829918889
0.230706210180248,0.00105279963657412,-0.173298326425493
0.230506567494094,0.00109914599249783,-0.173088194754233
0.230297235622035,0.00115825160382466,-0.172896712921004
0.230074074869786,0.00122364256952601,-0.172715158941698
0.229832945543063,0.0012888449885744,-0.17253481083221
0.229569707947584,0.00134738495994169,-0.172346946608432
0.229280222389064,0.00139278858259995,-0.172142844286259
0.228960349173218,0.00141858195552214,-0.171913781881584
0.228605948605765,0.00141829117767966,-0.171651037410301
0.228212880992419,0.00138544234804505,-0.171345888888303
0.227777006638897,0.0013135615655897,-0.170989614331484
0.227294434812184,0.0011966726393926,-0.170573491755737
0.226767108508353,0.00103536402561133,-0.170091049442719
0.226202864875266,0.000834861183772295,-0.169548960662867
0.225609802106996,0.00060048709024163,-0.168958658045829
0.224996018397617,0.000337564721387462,-0.168331580800585
0.224369611941205,5.14170535743652E-05,-0.167679168136117
0.223738680931834,-0.000252632936829755,-0.167012859261403
0.223111323563576,-0.000569262273458326,-0.166344093385424
0.222495638030508,-0.000893147979944997,-0.165684309717161
0.221899722526703,-0.00121896707992364,-0.165044947465594
0.221331675246235,-0.00154139659702657,-0.164437445839702
0.220799594383178,-0.0018551135548881,-0.163873244048467
0.220311578131609,-0.00215479497714144,-0.163363781300868
0.219875724685599,-0.00243511788741935,-0.162920496805886
0.219500132239224,-0.00269075930935614,-0.1625548297725
0.219192898986559,-0.00291639626831586,-0.162278219409692
0.218960274191045,-0.00310790437337327,-0.162102026812959
0.218797706537464,-0.00326579194694321,-0.162028502812178
0.21869673418359,-0.00339168643754362,-0.162042385493702
0.218648889881294,-0.00348721529368956,-0.162126425839599
0.218645706382445,-0.0035540059638981,-0.162263374831937
0.218678716438913,-0.00359368589668629,-0.162435983452785
0.218739452802566,-0.00360788254057098,-0.16262700268421
0.218819448225274,-0.00359822334406856,-0.162819183508282
0.218910235458908,-0.00356633575569587,-0.162995276907068
0.219003347255336,-0.00351384722397019,-0.163138033862636
0.219090316366428,-0.00344238519740681,-0.163230205357055
0.219162675544053,-0.00335357712452411,-0.163254542372394
0.219211957540081,-0.00324905045383783,-0.16319379589072
0.219229695106381,-0.00313043263386414,-0.163030716894102
0.219207420994823,-0.00299935111312144,-0.162748056364608
0.219136707308354,-0.00285747080114063,-0.162328565284307
0.219013715610848,-0.00270800017247352,-0.161756481166256
0.218843429827182,-0.00255620484666519,-0.161035648421609
0.21863183492192,-0.00240749328397682,-0.16018376098784
0.218384915859627,-0.00226727394466919,-0.159218804059931
0.218108657604868,-0.00214095528900282,-0.158158762832862
0.217809045122207,-0.00203394577723848,-0.157021622501613
0.217492063376211,-0.00195165386963692,-0.155825368261167
0.217163697331444,-0.00189948802645779,-0.154587985306503
0.216829931952471,-0.00188285670796362,-0.153327458832603
0.216496752203858,-0.00190716837441363,-0.152061774034448
0.216170143050168,-0.00197783148606878,-0.150808916107019
0.215856089455967,-0.00210025450319029,-0.149586870245297
0.215560576385821,-0.00227984588603802,-0.148413621644262
0.215289588804294,-0.00252201409487363,-0.147307155498897
0.215049111675951,-0.00283216758995652,-0.146285457004181
0.214844781179941,-0.00321454105394503,-0.145366511348494
0.214677633120346,-0.00366377955914143,-0.144563732133844
0.214545453780834,-0.00416984412124655,-0.143872863066547
0.214445961107197,-0.00472266400662247,-0.143285379330337
0.214376873045228,-0.00531216848163174,-0.142792756108948
0.21433590754072,-0.00592828681263669,-0.142386468586114
0.214320782539463,-0.00656094826600007,-0.14205799194557
0.214329215987252,-0.00720008210808398,-0.141798801371051
0.214358925829879,-0.00783561760525098,-0.141600372046289
0.214407630013134,-0.00845748402386382,-0.14145417915502
0.214473046482812,-0.00905561063028459,-0.141351697880979
0.214552893184704,-0.00961992669087608,-0.1412844034079
0.214644888064603,-0.0101403614720008,-0.141243770919516
0.214746749068301,-0.0106068442400211,-0.141221275599562
0.21485619414159,-0.0110093042612993,-0.141208392631773
0.214970941229972,-0.0113376808261352,-0.141196597199884
0.215088506520236,-0.0115865538580924,-0.141177412570068
0.215205626370225,-0.0117625029567383,-0.141144343224781
0.215318848754244,-0.0118740214845188,-0.141093534059484
0.215424721646596,-0.0119296028038798,-0.141021313310375
0.215519793021587,-0.0119377402772671,-0.140924009213653
0.215600610853521,-0.0119069272671262,-0.140797950005517
0.215663723116703,-0.0118456571359027,-0.140639463922166
0.215705677785437,-0.0117624232460423,-0.140444879199798
0.215723022834028,-0.0116657189599907,-0.140210524074612
0.215712306236781,-0.0115640376401935,-0.139932726782808
0.215670075968,-0.011465872649097,-0.139607815560583
0.21559288000199,-0.0113797173491461,-0.139232118644136
0.215477266313054,-0.0113140651027865,-0.138801964269667
0.215319782875499,-0.0112774092724641,-0.138313680673373
0.215116977663628,-0.0112782432206249,-0.137763596091454
0.214865461581567,-0.0113247530209213,-0.137148038760108
0.214564438529586,-0.0114188733864784,-0.136464375253189
0.214216568154221,-0.0115567101067739,-0.135718455228121
0.213824750056537,-0.0117341462995451,-0.134920271914611
0.213391883837605,-0.0119470650825297,-0.13407984662821
0.21292086909849,-0.0121913495734662,-0.133207200684464
0.21241460544026,-0.012462882890091,-0.132312355398923
0.211875992463982,-0.0127575481501427,-0.131405332087136
0.211307929770724,-0.0130712284713583,-0.130496152064651
0.210713316961553,-0.013399806971476,-0.129594836647017
0.210095053637536,-0.0137391667682329,-0.128711407149782
0.209456039399742,-0.0140851909793673,-0.127855884888496
0.208799173849237,-0.0144337627226163,-0.127038291178706
0.208127356587089,-0.0147807651157175,-0.126268647335963
0.207443487214365,-0.0151220812764088,-0.125556974675814
0.206750465332132,-0.0154535943224281,-0.124913294513809
0.206051353163338,-0.015771867786476,-0.124347617337224
0.205350541530535,-0.0160770824437935,-0.123864940629928
0.204653070212335,-0.0163706164139703,-0.123457299330945
0.203963983386086,-0.0166538485856491,-0.123114661053727
0.203288325229136,-0.0169281578474734,-0.122826993411722
0.202631139918832,-0.0171949230880852,-0.122584264018383
0.201997471632522,-0.0174555231961275,-0.122376440487157
0.201392364547553,-0.0177113370602433,-0.122193490431495
0.200820862841274,-0.0179637435690758,-0.122025381464849
0.200288010691032,-0.0182141216112672,-0.121862081200667
0.199798852274174,-0.0184638500754604,-0.121693557252401
0.199358431768049,-0.0187143078502983,-0.1215097772335
0.198971793350004,-0.018966873824424,-0.121300708757414
0.198643981197386,-0.0192229268864796,-0.121056319437592
0.198380039487544,-0.0194838459251085,-0.120766576887487
0.198185004336204,-0.0197509991682019,-0.120421448720548
0.198060179690384,-0.0200248163691503,-0.120011398559376
0.197997218914354,-0.0203040684181648,-0.119536980638769
0.197986236253578,-0.0205873566429351,-0.119008157930665
0.198017345953519,-0.0208732823711533,-0.118435252831833
0.198080662259641,-0.0211604469305096,-0.117828587739041
0.198166299417409,-0.021447451648696,-0.117198485049056
0.198264371672286,-0.021732897853403,-0.116555267158648
0.198364993269734,-0.0220153868723219,-0.115909256464583
0.19845827845522,-0.0222935200331438,-0.11527077536363
0.198534341474206,-0.0225658986635591,-0.114650146252556
0.198583296572156,-0.02283112409126,-0.114057691528129
0.198595257994533,-0.0230877976439372,-0.113503733587117
0.198560339986802,-0.023334520649281,-0.112998594826289
0.198468656794426,-0.0235698944349834,-0.112552597642412
0.19831032266287,-0.0237925203287355,-0.112176064432254
0.198075890549836,-0.0240012728009511,-0.111879317592583
0.19776483839971,-0.0241982401092473,-0.11166998129948
0.197384966035878,-0.0243876023527296,-0.111541335366895
0.196944391187294,-0.0245735753319902,-0.111481911477906
0.196451231582911,-0.0247603748476222,-0.111480238265874
0.195913604951682,-0.0249522167002185,-0.11152484436416
0.19533962902256,-0.0251533166903724,-0.111604258406125
0.194737421524501,-0.0253678906186758,-0.111707009025131
0.194115100186455,-0.0256001542857218,-0.111821624854537
0.193480782737378,-0.0258543234921034,-0.111936634527706
0.192842586906222,-0.0261346140384142,-0.112040566677998
0.192208630421942,-0.0264452417252456,-0.112121949938774
0.19158703101349,-0.0267904223531918,-0.112169312943397
0.19098590640982,-0.027174371722845,-0.112171184325225
0.190413374339885,-0.0276013056347977,-0.11211609271762
0.189877552532639,-0.028075439725779,-0.111992566753944
0.189385207108931,-0.0285985215539257,-0.111789214338535
0.18893591872986,-0.0291635981169438,-0.111501621663077
0.188526889595714,-0.0297618001627316,-0.111137709856395
0.1881553203791,-0.0303842584391878,-0.110706660876432
0.187818411752621,-0.0310221036942104,-0.110217656681132
0.187513364388882,-0.0316664666756985,-0.10967987922844
0.187237378960491,-0.0323084781315501,-0.109102510476301
0.18698765614005,-0.0329392688096639,-0.108494732382657
0.186761396600167,-0.033549969457938,-0.107865726905454
0.186555801013445,-0.0341317108242711,-0.107224676002636
0.186368070052491,-0.0346756236565626,-0.106580761632147
0.186195404389909,-0.0351728387027093,-0.105943165751931
0.186035004698304,-0.0356144867106107,-0.105321070319932
0.185884071650282,-0.035991698428165,-0.104723657294095
0.185739805918448,-0.0362956046032705,-0.104160108632363
0.185599405425858,-0.0365175890756899,-0.103639606292682
0.185459826050502,-0.0366577534832684,-0.103170619388141
0.185317595827474,-0.0367269151829264,-0.102753229725581
0.18516919905944,-0.0367365495485941,-0.102382059847095
0.185011120049065,-0.0366981319542021,-0.102051639121427
0.184839843099013,-0.0366231377736814,-0.101756496917322
0.184651852511948,-0.0365230423809615,-0.101491162603526
0.184443632590537,-0.0364093211499734,-0.101250165548783
0.184211667637443,-0.0362934494546474,-0.101028035121838
0.18395244195533,-0.0361869026689143,-0.100819300691437
0.183662439846865,-0.0361011561667042,-0.100618491626324
0.183338145614712,-0.0360476853219471,-0.100420137295243
0.182976043561534,-0.0360379655085747,-0.10021876706694
0.182572617989998,-0.0360834721005165,-0.100008910310161
0.182124353202767,-0.036195680471703,-0.0997850963936489
0.181627733502507,-0.0363860659960653,-0.0995418546861495
0.181079913708867,-0.0366642167067248,-0.0992737147013729
0.180485937919611,-0.0370257670244232,-0.0989773893818564
0.179855985332685,-0.0374600953686548,-0.0986572887728581
0.179200322786866,-0.0379565506076434,-0.0983195181634944
0.178529217120927,-0.0385044816096123,-0.0979701828428798
0.177852935173646,-0.0390932372427857,-0.0976153881001296
0.177181743783794,-0.0397121663753859,-0.0972612392243592
0.176525909790149,-0.0403506178756374,-0.0969138415046833
0.175895700031484,-0.0409979406117631,-0.0965793002302178
0.175301381346576,-0.041643483451987,-0.0962637206900769
0.174753220574197,-0.0422765952645319,-0.0959732081733764
0.174261484553125,-0.0428866249176221,-0.0957138679692313
0.173836440122133,-0.0434629212794802,-0.0954918053667566
0.173488354119997,-0.04399483321833,-0.0953131256550677
0.173227493385491,-0.0444717096023952,-0.0951839341232799
0.173064124406337,-0.0448829139543749,-0.0951103360605079
0.173003226200945,-0.0452219545138077,-0.0950982071025159
0.173031138208565,-0.0454921576575373,-0.0951455124310612
0.173130094605316,-0.0456982714268956,-0.0952404938777998
0.173282329567316,-0.0458450438632145,-0.0953707961954868
0.173470077270685,-0.0459372230078263,-0.0955240641368782
0.173675571891539,-0.0459795569020622,-0.0956879424547288
0.173881047605998,-0.0459767935872542,-0.0958500759017939
0.174068738590179,-0.0459336811047344,-0.0959981092308297
0.174220879020201,-0.0458549674958348,-0.0961196871945909
0.174319703072182,-0.0457454008018867,-0.0962024545458331
0.174347444922242,-0.0456097290642228,-0.0962340560373121
0.174286338746497,-0.0454527003241745,-0.0962021364217822
0.174118618721066,-0.0452790626230737,-0.0960943404519996
0.173826519022069,-0.0450935640022521,-0.09589831288072
0.173392273825622,-0.0449009525030417,-0.0956016984606982
0.172798602360107,-0.0447059790987159,-0.0951921419446897
0.172044931572669,-0.0445134469471233,-0.09465978644204
0.17115122515826,-0.0443282041059727,-0.0940132460766074
0.170138707905868,-0.0441551000976339,-0.0932694163180838
0.169028604604478,-0.0439989844444781,-0.0924452317544882
0.167842140043075,-0.0438647066688762,-0.0915576269738414
0.166600539010646,-0.0437571162931989,-0.0906235365641623
0.165325026296178,-0.043681062839817,-0.0896598951134699
0.164036826688655,-0.0436413958311017,-0.0886836372097848
0.162757164977065,-0.0436429647894241,-0.0877116974411261
0.161507265950393,-0.0436906192371547,-0.0867610103955123
0.160308354397624,-0.0437892086966638,-0.0858485106609643
0.159181655107747,-0.0439435826903229,-0.0849911328255013
0.158148392869746,-0.0441585907405033,-0.0842058114771422
0.157229792472606,-0.0444390823695748,-0.0835094812039072
0.156447078705316,-0.0447899070999094,-0.0829190765938157
0.15581844010746,-0.045213751407909,-0.0824515010724465
0.155339617419555,-0.0457028268874555,-0.0821148444102107
0.154996287073679,-0.0462461786405066,-0.0818963183103538
0.154774077961455,-0.0468328510921683,-0.0817801113358081
0.154658618974509,-0.0474518886675475,-0.0817504120495049
0.154635539004465,-0.0480923357917502,-0.0817914090143772
0.154690466942948,-0.0487432368898835,-0.0818872907933566
0.154809031681584,-0.0493936363870535,-0.0820222459493756
0.154976862111997,-0.0500325787083666,-0.0821804630453662
0.155179587125813,-0.0506491082789298,-0.0823461306442608
0.155402835614656,-0.0512322695238494,-0.0825034373089912
0.155632236470151,-0.0517711068682314,-0.0826365716024902
0.155853418583923,-0.0522546647371831,-0.082729722087689
0.156052010847597,-0.0526719875558106,-0.0827670773275206
0.156213642152798,-0.0530121197492202,-0.0827328258849169
0.156323958191757,-0.0532642287245668,-0.08261115632281
0.156373356362231,-0.0534259196164286,-0.0823870992821074
0.156363490053425,-0.0535085241656597,-0.0820606732532358
0.156297642520047,-0.0535246340376192,-0.0816447923428554
0.156179097016808,-0.0534868408976663,-0.0811527913214132
0.156011136798415,-0.0534077364111605,-0.0805980049593558
0.15579704511958,-0.0532999122434616,-0.0799937680271308
0.155540105235011,-0.0531759600599284,-0.0793534152951849
0.155243600399418,-0.0530484715259203,-0.0786902815339656
0.15491081386751,-0.0529300383067963,-0.0780177015139198
0.154545028893996,-0.0528332520679171,-0.077349010005495
0.154149528733586,-0.0527707044746406,-0.0766975417791376
0.15372759664099,-0.0527549871923263,-0.0760766316052952
0.153282515870916,-0.0527986918863344,-0.0754996142544149
0.152817569678074,-0.0529144102220236,-0.074979824496944
0.152336041317173,-0.0531147338647531,-0.0745305971033288
0.151841154955012,-0.0534108263970303,-0.0741652668440174
0.151335083073435,-0.0537988009410122,-0.0738947206528879
0.150819093279609,-0.0542657497364076,-0.0737179914390511
0.15029442366307,-0.0547986428085165,-0.0736305287135568
0.149762312313357,-0.055384450182639,-0.0736277812214892
0.149223997320007,-0.0560101418840742,-0.0737051977079324
0.148680716772557,-0.0566626879381227,-0.0738582269179702
0.148133708760545,-0.0573290583700838,-0.0740823175966874
0.147584211373508,-0.057996223205258,-0.0743729184891673
0.147033462700983,-0.0586511524689446,-0.074725478340494
0.146482700832508,-0.0592808161864438,-0.0751354458957521
0.145933163857622,-0.0598721843830552,-0.0755982699000253
0.14538608986586,-0.0604122270840788,-0.0761093990983976
0.14484271694676,-0.0608879143148149,-0.0766642822359533
0.144304283189861,-0.0612862161005625,-0.0772583680577765
0.143772026684698,-0.0615941041612274,-0.0778871053089509
0.143246791586862,-0.0618039326319815,-0.0785458541582669
0.142727514366256,-0.0619253727750664,-0.0792238976059978
0.14221255481125,-0.061971571712079,-0.0799006322345135
0.141700272586944,-0.061955676564617,-0.0805545471811873
0.141189027358443,-0.0618908344542779,-0.081164131583392
0.140677178790846,-0.0617901925026592,-0.0817078745784994
0.140163086549256,-0.0616668978313579,-0.0821642653038841
0.139645110298774,-0.061534097561972,-0.0825117928969179
0.139121609704503,-0.0614049388160987,-0.0827289464949736
0.138590944431543,-0.0612925687153352,-0.0827942152354242
0.138051474144998,-0.0612101343812792,-0.0826860882556428
0.137501558509968,-0.0611707829355279,-0.082383054693002
0.136939557191556,-0.0611876614996791,-0.0818636036848741
0.136363829854862,-0.0612739171953298,-0.0811062243686331
0.135772736164989,-0.061442697144078,-0.0800894058816515
0.13516467215631,-0.0617067438253072,-0.0787916373613011
0.134540529137846,-0.06206699258989,-0.0777828075401388
0.133905257764343,-0.0625109888196778,-0.0769246496017382
0.133264181285855,-0.0630255551148253,-0.0759972430671574
0.132622622952439,-0.0635975140754865,-0.075005316996613
0.131985906014149,-0.0642136883018158,-0.0739536004503227
0.131359353721041,-0.0648609003939671,-0.0728468224885033
0.130748289323171,-0.0655259729520947,-0.0716897121713715
0.130158036070594,-0.0661957285763528,-0.0704869985591452
0.129593917213366,-0.0668569898668951,-0.0692434107120412
0.129061256001542,-0.067496579423876,-0.0679636776902768
0.128565375685177,-0.0681013198474498,-0.0666525285540689
0.128111599514328,-0.0686580337377709,-0.0653146923636347
0.127705250739049,-0.0691535436949926,-0.0639548981791913
0.127351652609396,-0.0695746723192698,-0.062577875060956
0.127056128375425,-0.0699082422107569,-0.0611883520691456
0.126823344402242,-0.0701435938425792,-0.0597910582639778
0.126651044192682,-0.0702869482833826,-0.0583907227056693
0.126532821853135,-0.0703514655636976,-0.056992074454437
0.126462215274198,-0.0703503270494661,-0.0555998425704987
0.12643276234647,-0.0702967141066302,-0.054218756114071
0.126438000960548,-0.0702038081011323,-0.0528535441453708
0.126471469007033,-0.0700847903989144,-0.0515089357246163
0.126526704376519,-0.0699528423659188,-0.0501896599120235
0.126597244959607,-0.0698211453680879,-0.0489004457678104
0.126676628646894,-0.0697028807713633,-0.0476460223521935
0.126758393328978,-0.0696112299416876,-0.0464311187253901
0.126836076896457,-0.0695593742450031,-0.0452604639476173
0.126903217239931,-0.0695604950472519,-0.0441387870790928
0.126953352249995,-0.0696277737143762,-0.0430708171800329
0.12698001981725,-0.0697743916123179,-0.0420612833106553
0.126976758298488,-0.0700134897285898,-0.0411149145311767
0.126938586782525,-0.0703506006091408,-0.0398622191488334
0.126865288395019,-0.0707747265459113,-0.0383712626512136
0.126757602489638,-0.0712727005868237,-0.0371365564414579
0.126616268420051,-0.0718313557797972,-0.0361404011805808
0.126442025539928,-0.0724375251727534,-0.0353650975295976
0.126235613202938,-0.073078041813613,-0.0347929461495238
0.125997770762751,-0.0737397387502972,-0.0344062477013731
0.125729237573034,-0.0744094490307259,-0.0341873028461608
0.125430752987458,-0.075074005702821,-0.0341184122449025
0.125103056359693,-0.0757202418145024,-0.0341818765586124
0.124746887043407,-0.0763349904136914,-0.0343599964483057
0.124362984392268,-0.0769050845483086,-0.0346350725749971
0.123952087759948,-0.0774173572662751,-0.0349894055997018
0.123514936500115,-0.0778586416155114,-0.0354052961834346
0.123052269966438,-0.0782157706439384,-0.03586504498721
0.122564870019484,-0.0784764691484068,-0.0363509526720436
0.122054758836278,-0.0786424410469218,-0.0368463794940967
0.121525365184698,-0.0787264862152028,-0.0373417895615891
0.120980193759469,-0.0787417099837811,-0.0378305671023869
0.120422749255317,-0.0787012176831861,-0.0383061053229294
0.119856536366965,-0.0786181146439495,-0.0387617974296532
0.119285059789139,-0.0785055061966025,-0.0391910366289965
0.118711824216564,-0.0783764976716754,-0.0395872161273969
0.118140334343964,-0.0782441943996985,-0.0399437291312916
0.117574094866064,-0.0781217017112037,-0.0402539688471193
0.11701661047759,-0.078022124936721,-0.0405113284813163
0.116471385873266,-0.0779585694067817,-0.0407092012403214
0.115941925747816,-0.0779441404519157,-0.0408409803305725
0.115431734795967,-0.0779919434026553,-0.0409000589585062
0.114944317712442,-0.0781150835895301,-0.0408798303305611
0.114483179191967,-0.0783266663430711,-0.0407736876531746
0.114051339409805,-0.0786358795711339,-0.0405750513450118
0.113648570173597,-0.0790346196285798,-0.0402824693803252
0.113273308012312,-0.0795100134101274,-0.0399056299643314
0.112923985349304,-0.0800491876575769,-0.0394556832204593
0.112599034607926,-0.0806392691127278,-0.0389437792721397
0.112296888211531,-0.0812673845173797,-0.0383810682428007
0.112015978583471,-0.0819206606133325,-0.0377787002558732
0.111754738147102,-0.0825862241423858,-0.0371478254347863
0.111511599325775,-0.0832512018463394,-0.0364995939029695
0.111284994542844,-0.0839027204669929,-0.0358451557838526
0.111073356221662,-0.0845279067461457,-0.0351956612008655
0.110875116785582,-0.0851138874255986,-0.0345622602774374
0.110688708657957,-0.0856477892471501,-0.0339561031369981
0.110512564262141,-0.0861167389526005,-0.0333883399029775
0.110345116021486,-0.0865078632837493,-0.0328701206988049
0.110184792892725,-0.0868084607973483,-0.0324125956479098
0.110029370622948,-0.0870152554797565,-0.0320261422486658
0.109875205782766,-0.0871390941892984,-0.0317090262728026
0.109718468706078,-0.0871919835164008,-0.0314498997827783
0.109555329726788,-0.0871859300514903,-0.0312371501902806
0.109381959178795,-0.0871329403849932,-0.0310591649069971
0.109194527396003,-0.0870450211073364,-0.0309043313446151
0.108989204712312,-0.0869341788089464,-0.0307610369148219
0.108762161461625,-0.08681242008025,-0.0306176690293058
0.108509567977842,-0.0866917515116732,-0.0304626150997538
0.108227594594865,-0.0865841796936431,-0.0302842625378537
0.107912411646596,-0.0865017112165862,-0.0300709987552925
0.107560189466936,-0.086456352670929,-0.0298112111637583
0.107167098389787,-0.0864601106470986,-0.0294932871749383
0.10672930874905,-0.0865249917355209,-0.0291056142005208
0.106242990878628,-0.0866630025266231,-0.0286365796521921
0.105704794402939,-0.0868848305457703,-0.0280745709416406
0.105118882339474,-0.0871886673182778,-0.027412066074709
0.104495381477753,-0.0875658129669996,-0.0266595989913236
0.103844582780855,-0.0880074955002732,-0.0258326839277421
0.103176777211862,-0.0885049429264369,-0.0249468352799027
0.102502255733852,-0.0890493832538277,-0.0240175674437422
0.101831309309905,-0.089632044490783,-0.0230603948151975
0.1011742289031,-0.0902441546456407,-0.0220908317902075
0.100541305476519,-0.090876941726739,-0.0211243927647087
0.0999428299932399,-0.0915216337424154,-0.0201765921346384
0.0993890934163424,-0.0921694587010065,-0.0192629442959338
0.0988903867089068,-0.0928116446108513,-0.0183989636445332
0.0984570008340129,-0.0934394194802868,-0.0176001645763733
0.0980992267547403,-0.0940440113176502,-0.0168820614873915
0.0978273554341682,-0.09461664813128,-0.0162601687735255
0.0976516778353773,-0.0951485601741588,-0.0157500008307123
0.0975782869118222,-0.0956336730075389,-0.0153668442812842
0.0975947455496504,-0.0960738341101635,-0.0151134905365202
0.0976835055603951,-0.0964723390243727,-0.0149740084376722
0.0978270185917185,-0.0968324832925067,-0.0149309293791073
0.0980077362912835,-0.0971575624569052,-0.014966784755194
0.0982081103067523,-0.0974508720599085,-0.0150641059602987
0.0984105922857872,-0.0977157076438566,-0.0152054243887896
0.0985976338760508,-0.0979553647510893,-0.0153732714350345
0.0987516867252052,-0.0981731389239471,-0.0155501784934005
0.0988552024809131,-0.0983723257047697,-0.0157186769582554
0.0988906327908368,-0.0985562206358967,-0.0158612982239668
0.0988404293026386,-0.098728119259669,-0.0159605736849024
0.0986870436639808,-0.098891317118426,-0.0159990347354291
0.0984129275225263,-0.0990491097545074,-0.0159592127699151
0.0980005325259363,-0.0992047927102544,-0.0158236391827284
0.0974325719071094,-0.099361640729422,-0.0155748453682356
0.0967061089493264,-0.0995224086450897,-0.0151974104560448
0.0958397087594158,-0.0996893071959766,-0.014695312542826
0.0948537021158837,-0.0998645214823464,-0.0140832280358105
0.0937684197972335,-0.100050236604462,-0.0133759452938251
0.0926041925819714,-0.100248637662586,-0.0125882526756969
0.0913813512486024,-0.100461909756983,-0.0117349385402523
0.0901202265756313,-0.100692237987916,-0.0108307912463175
0.0888411493415633,-0.100941807455646,-0.00989059915271984
0.0875644503249033,-0.101212803260439,-0.00892915061828536
0.0863104603041573,-0.101507410502558,-0.00796123400184112
0.0850995100578291,-0.101827814282264,-0.00700163766221373
0.0839519303644245,-0.102176199699822,-0.00606514995822938
0.0828880520024486,-0.102554751855494,-0.00516655924871579
0.0819282057504065,-0.102965655849544,-0.00432065389249869
0.0810927223868023,-0.103411096782236,-0.00354222224840495
0.0803999429550637,-0.103892447344313,-0.00284604830469237
0.0798493589889162,-0.104406132686267,-0.0022416679918309
0.0794300667310379,-0.104946715525236,-0.00172319240696783
0.0791310536434329,-0.105508755195787,-0.00128191311023373
0.0789413071881062,-0.10608681103249,-0.000909121661758938
0.0788498148270624,-0.10667544236991,-0.000596109621673779
0.0788455640223063,-0.107269208542618,-0.000334168550109037
0.078917542235843,-0.107862668885181,-0.000114590007195492
0.0790547369296772,-0.108450382732167,7.13344469367438E-05
0.079246135565813,-0.109026909418144,0.000232313252157113
0.079480725606256,-0.10958680827768,0.000377054848335279
0.0797474945130101,-0.110124638645344,0.000514267675340685
0.0800354297480812,-0.110634959855703,0.00065266017304233
0.0803335187734733,-0.111112331243325,0.000800940781310322
0.0806307490511911,-0.111551312142779,0.000967817940014104
0.0809161095965469,-0.111946489229702,0.0011620000890229
0.0811804545929371,-0.112296100705801,0.00139202769740732
0.0814201202340536,-0.112605669135023,0.00166224239983714
0.0816324447815282,-0.11288158152291,0.00197259168747865
0.0818147664969937,-0.113130224875005,0.00232281599356243
0.0819644236420816,-0.113357986196851,0.00271265575131996
0.0820787544784243,-0.113571252493989,0.00314185139398337
0.0821550972676535,-0.113776410771964,0.00361014335478327
0.0821907902714016,-0.113979848036317,0.00411727206695178
0.0821831717513002,-0.11418795129259,0.00466297796372017
0.0821295799689825,-0.114407107546328,0.00524700147831969
0.0820273531860793,-0.114643703803071,0.00586908304398182
0.0818738296642234,-0.114904127068363,0.00652896309393802
0.0816663476650468,-0.115194764347746,0.00722638206141979
0.0814022454501815,-0.115522002646764,0.00796108037965837
0.0810788612812592,-0.115892228970958,0.00873279848188591
0.0806937418974782,-0.11631130415371,0.00954127680133277
0.080249645436556,-0.116777782330041,0.0103854662837066
0.0797547838433335,-0.117284869223875,0.0112595099284609
0.0792176260533553,-0.117825648034396,0.0121557408499311
0.0786466410021667,-0.118393201960785,0.0130664888753216
0.0780502976253128,-0.118980614202228,0.0139840838318368
0.0774370648583382,-0.119580967957907,0.0149008555466821
0.0768154116367885,-0.120187346427005,0.0158091338470614
0.0761938068962083,-0.120792832808707,0.0167012485601801
0.0755807195721425,-0.121390510302195,0.017569529513243
0.0749846186001364,-0.121973462106654,0.0184063065334541
0.0744139729157352,-0.122534771421265,0.0192039094480185
0.0738772514544834,-0.123067521445213,0.0199546680841414
0.0733829231519265,-0.123564795377681,0.0206509122690266
0.0729394569436093,-0.124019676417853,0.0212849718298795
0.072555321765077,-0.124425247764911,0.0218491765939046
0.0722375694441728,-0.124777078382798,0.0223358999036038
0.0719846216816593,-0.125080741467873,0.0227433267702615
0.0717916514858741,-0.125344326661916,0.0230812357963994
0.0716538259648485,-0.125575923606728,0.0233607814060852
0.0715663122266137,-0.125783621944113,0.0235931180233848
0.0715242773792022,-0.125975511315871,0.023789400072366
0.0715228885306447,-0.126159681363805,0.0239607819770948
0.0715573127889733,-0.126344221729716,0.0241184181616387
0.0716227172622195,-0.126537222055408,0.0242734630500643
0.0717142690584143,-0.12674677198268,0.0244370710664386
0.0718271352855899,-0.126980961153336,0.0246203966348282
0.0719564830517783,-0.127247879209178,0.0248345941793
0.0720974794650098,-0.127555615792007,0.0250908181239211
0.0722452916333172,-0.127912260543625,0.0254002228927581
0.0723950866647309,-0.128325903105835,0.0257739629098777
0.0725420374578167,-0.128804510560599,0.0262231925993472
0.0726820902635024,-0.129350561274462,0.0267582073153747
0.0728127340791378,-0.129958953802265,0.0273773729244489
0.0729316409811296,-0.130624032211496,0.0280703230584229
0.0730364830458845,-0.131340140569648,0.0288264913056699
0.0731249323498091,-0.132101622944213,0.0296353112545602
0.0731946609693108,-0.132902823402682,0.0304862164934667
0.073243340980796,-0.133738086012547,0.0313686406107598
0.0732686444606712,-0.134601754841299,0.0322720171948117
0.0732682434853436,-0.135488173956431,0.0331857798339945
0.0732398101312197,-0.136391687425433,0.0340993621166787
0.0731810164747064,-0.137306639315798,0.0350021976312369
0.0730895345922111,-0.138227373695017,0.03588371996604
0.0729630365601399,-0.139148234630582,0.0367333627094601
0.0727991944548994,-0.140063566189984,0.0375405594498686
0.0725956803528969,-0.140967712440715,0.0382947437756371
0.0723508178265027,-0.141855520800201,0.0389853492751373
0.0720719774574989,-0.142726138129071,0.0396054358369109
0.0717731521245173,-0.143580890939304,0.0401626577915477
0.0714684864138981,-0.144421122763209,0.0406683405275796
0.0711721249119826,-0.145248177133096,0.0411338094335711
0.0708982122051121,-0.146063397581274,0.0415703898980857
0.0706608928796286,-0.146868127640053,0.0419894073096876
0.0704743115218727,-0.147663710841742,0.0424021870569404
0.0703526127181855,-0.148451490718652,0.0428200545284081
0.0703099410549086,-0.149232810803091,0.0432543351126546
0.0703604411183831,-0.15000901462737,0.0437163541982437
0.0705182574949501,-0.150781445723798,0.0442174371737392
0.0707975347709513,-0.151551447624685,0.0447689094277051
0.071212417532728,-0.15232036386234,0.0453820963487048
0.0717770503666209,-0.153089537969073,0.0460683233253034
0.0725055778589712,-0.15386031037263,0.0468389157460634
0.0734030001716046,-0.154632170491453,0.047704964726131
0.0744375147287368,-0.155399632260381,0.0486670696883507
0.0755680616645971,-0.156156382204725,0.0497113412278303
0.0767535811133353,-0.156896106849793,0.0508228300358256
0.0779530132091011,-0.157612492720893,0.0519865868035927
0.0791252980860446,-0.158299226343336,0.053187662222387
0.080229375878317,-0.158949994242428,0.0544111069834643
0.0812241867200667,-0.159558482943481,0.0556419717780801
0.0820686707454452,-0.160118378971801,0.056865307297491
0.0827217680886019,-0.160623368852699,0.0580661642329516
0.0831424188836871,-0.161067139111484,0.0592295932757181
0.0832895632648505,-0.161443376273464,0.0603406451170465
0.0831221413662426,-0.161745766863947,0.0613843704481922
0.0825990933220135,-0.161967997408244,0.062345819960411
0.0816793592663134,-0.162103754431662,0.0632100443449586
0.0803227016453478,-0.162147257176122,0.0639620942930905
0.0785257092987175,-0.162104242797697,0.0645892098592547
0.0763358276156367,-0.161991572476246,0.0650973318904451
0.0738042223037492,-0.161826561300263,0.065501881811894
0.0709820590707,-0.161626524358242,0.0658183550802101
0.067920503624133,-0.161408776738676,0.0660622471520023
0.0646707216716929,-0.161190633530061,0.0662490534838789
0.0612838789210239,-0.160989409820888,0.0663942695324489
0.0578111410797701,-0.160822420699653,0.0665133907543201
0.0543036738555762,-0.160706981254848,0.0666219126061018
0.050812642956086,-0.160660406574968,0.0667353305444014
0.0473892140889443,-0.160700011748507,0.0668691400258288
0.044084552961795,-0.160843111863958,0.0670388365069918
0.0409498252822826,-0.161107022009815,0.0672599154444993
0.0380361967580516,-0.161509057274573,0.067547872294959
0.035394833096746,-0.162066532746723,0.06791820251498
0.0330718896690769,-0.162791947338886,0.0683863895793644
0.0310707252590896,-0.163671120597874,0.068960773145774
0.029373002437298,-0.164680685811685,0.0696304904048992
0.0279602143541164,-0.1657972677688,0.0703814852288536
0.0268138541599578,-0.166997491257701,0.071199701489753
0.0259154150052348,-0.16825798106687,0.0720710830597116
0.0252463900403617,-0.169555361984788,0.0729815738108452
0.0247882724157511,-0.170866258799936,0.0739171176152675
0.0245225552818167,-0.172167296300796,0.0748636583450943
0.0244307317889716,-0.173435099275849,0.07580713987244
0.0244942950876292,-0.174646292513578,0.0767335060694194
0.024694738328203,-0.175777500802463,0.0776287008081471
0.0250135546611054,-0.176805348930986,0.078478667960739
0.0254322372367506,-0.177706461687629,0.079269351399309
0.0259322792055519,-0.178457463860873,0.0799866949959716
0.026495177120553,-0.179035135524828,0.0806166426228427
0.0271044562581126,-0.179431651444972,0.0811457785346235
0.0277490950706309,-0.179667413719632,0.0815745327560073
0.028418978859005,-0.179765845882701,0.0819167075831482
0.029103992924133,-0.17975037146807,0.0821866509591353
0.0297940225669129,-0.179644414009634,0.0823987108270554
0.0304789530882426,-0.179471397041284,0.0825672351299982
0.0311486697890191,-0.179254744096913,0.0827065718110516
0.0317930579701411,-0.179017878710413,0.0828310688133034
0.0324020029325063,-0.178784224415678,0.082955074079843
0.0329653899770115,-0.1785772047466,0.0830929355537577
0.0334731044045555,-0.178420243237071,0.083259001178136
0.0339150315160361,-0.178336763420984,0.083467618896067
0.0342810566123508,-0.178350188832233,0.0837331366506382
0.0345610649943973,-0.178483943004708,0.084069902384938
0.0347449419630741,-0.178761449472304,0.0844922640420553
0.0348230894121975,-0.179204257152835,0.0850145695650781
0.034797078537963,-0.179810739021272,0.0856474618807066
0.0346792678704206,-0.18056363152947,0.0863810598546273
0.0344824561098398,-0.181445377977062,0.0871984154927736
0.0342194419564885,-0.182438421663685,0.0880825742625222
0.0339030241106366,-0.183525205888974,0.0890165816312474
0.0335460012725526,-0.184688173952564,0.0899834830663255
0.0331611721425054,-0.185909769154091,0.0909663240351322
0.0327613354207639,-0.187172434793192,0.0919481500050423
0.0323592898075971,-0.1884586141695,0.0929120064434323
0.0319678340032741,-0.189750750582651,0.0938409388176777
0.0315997667080632,-0.191031287332282,0.0947179925951536
0.0312678866222342,-0.192282667718027,0.0955262132432353
0.0309849924460555,-0.193487335039522,0.0962486462292997
0.030763882879796,-0.194627732596403,0.0968683370207211
0.0306173566237253,-0.195686303786179,0.0973683310848759
0.0305557383316064,-0.196649989285146,0.0977317981486132
0.030575647594635,-0.197522235149685,0.0979542267623132
0.0306689850668025,-0.198310272979594,0.0980536929725089
0.0308276470359408,-0.199021334374675,0.098050690576805
0.0310435297898806,-0.199662650934726,0.0979657133728065
0.0313085296164528,-0.200241454259547,0.0978192551581167
0.0316145428034893,-0.200764975948939,0.0976318097303419
0.031953465638821,-0.2012404476027,0.0974238708870858
0.0323171944102787,-0.20167510082063,0.0972159324259527
0.0326976254056948,-0.20207616720253,0.0970284881445476
0.033086654912899,-0.202450878348199,0.0968820318404753
0.0334761792197229,-0.202806465857436,0.0967970573113401
0.0338580946139981,-0.203150161330042,0.0967940583547464
0.0342242973835556,-0.203489196365817,0.0968935287682995
0.0345666838162268,-0.203830802564558,0.0971159623496034
0.0348771765261964,-0.204182150474096,0.0974818528962624
0.0351503080671072,-0.204548140000649,0.0980098942778056
0.0353853965143138,-0.204930779511723,0.0986965277912273
0.0355822721823404,-0.205331889864407,0.0995231811969775
0.0357407653857107,-0.205753291915788,0.100471000782989
0.0358607064389473,-0.206196806522952,0.101521132837195
0.0359419256565747,-0.206664254542989,0.102654723647526
0.0359842533531161,-0.207157456832985,0.103852919501917
0.0359875198430939,-0.207678234250027,0.1050968666883
0.035951555441033,-0.208228407651204,0.106367711494607
0.0358761904614564,-0.208809797893601,0.107646600208771
0.0357612552188871,-0.209424225834308,0.108914679118724
0.0356065800278493,-0.210073512330412,0.1101530945124
0.0354119952028662,-0.210759478238999,0.11134299267773
0.0351773310584618,-0.211483944417157,0.112465519902648
0.0349024179091584,-0.212248731721974,0.113501822475085
0.0345871938826912,-0.213054871451406,0.114433046791982
0.0342329300052144,-0.213897298075701,0.115245348066894
0.0338417965930262,-0.214768107663239,0.115943264279035
0.0334159808222405,-0.215659380463834,0.116535549533343
0.0329576698689715,-0.216563196727295,0.117030957934757
0.0324690509093322,-0.217471636703435,0.117438243588214
0.0319523111194373,-0.218376780642065,0.117766160598654
0.0314096376754007,-0.219270708792997,0.118023463071015
0.0308432177533358,-0.220145501406042,0.118218905110236
0.0302552385293569,-0.220993238731011,0.118361240821254
0.0296478871795778,-0.221806001017716,0.118459224309008
0.029023350880113,-0.222575868515969,0.118521609678437
0.0283838168070749,-0.22329492147558,0.118557151034479
0.0277314721365784,-0.223955240146361,0.118574602482072
0.0270685040447383,-0.224548904778124,0.118582718126155
0.0263970997172387,-0.225068009154228,0.118590252071666
0.0257198861854393,-0.225509337475105,0.118605900528282
0.0250411047501971,-0.22588121788573,0.118636206468231
0.0243653669484558,-0.226193722695887,0.118684970832849
0.0236972843171579,-0.226456924215361,0.118755816748335
0.0230414683932469,-0.226680894753936,0.118852367340883
0.0224025307136644,-0.226875706621395,0.118978245736692
0.0217850828153541,-0.227051432127522,0.119137075061956
0.0211937362352583,-0.227218143582101,0.119332478442874
0.0206331025103197,-0.227385913294916,0.119568079005641
0.0201077931774813,-0.227564813575751,0.119847499876454
0.0196224197736858,-0.227764916734391,0.120174364181509
0.0191815938358761,-0.227996295080618,0.120552295047003
0.018789926900995,-0.228269020924218,0.120984915599132
0.018452030505985,-0.228593166574973,0.121475848964093
0.018172516187789,-0.228978804342669,0.122028718268082
0.0179558594689215,-0.22943557535963,0.122647146637297
0.017801477230641,-0.229964990808995,0.123333648383958
0.0177023444494433,-0.230561315951052,0.124082175766474
0.0176510183573639,-0.231218562408698,0.124882694945786
0.0176400561864407,-0.23193074180483,0.125725149868089
0.0176620151687108,-0.232691865762344,0.126599484479583
0.0177094525362098,-0.233495945904138,0.127495642726463
0.0177749255209756,-0.234336993853106,0.128403568554928
0.0178509913550449,-0.235209021232147,0.129313205911175
0.0179302072704546,-0.236106039664156,0.130214498741401
0.0180051304992415,-0.23702206077203,0.131097390991804
0.0180683182734422,-0.237951096178665,0.131951826608581
0.0181123278250939,-0.238887157506958,0.132767749537929
0.0181297163862335,-0.239824256379806,0.133535103726047
0.0181130411888979,-0.240756404420105,0.13424383311913
0.0180548594651238,-0.241677613250752,0.134883881663378
0.0179487673308527,-0.242582769667718,0.135445208556527
0.0177963829689318,-0.243471175021652,0.135923058830288
0.0176030592666736,-0.244343519446044,0.136325686887033
0.0173741699251049,-0.245200493583603,0.136663312703931
0.0171150886452525,-0.246042788077035,0.136946156258152
0.0168311891281434,-0.246871093569051,0.137184437526867
0.016527845074805,-0.247686100702356,0.137388376487245
0.0162104301862631,-0.24848850011966,0.137568193116457
0.0158843181635453,-0.24927898246367,0.137734107391672
0.0155548827076788,-0.250058238377095,0.137896339290062
0.0152274975196895,-0.250826958502643,0.138065108788795
0.014907536300605,-0.251585833483021,0.138250635865043
0.0146003727514523,-0.252335553960939,0.138463140495974
0.0143113805732578,-0.253076810579103,0.13871284265876
0.0140459334670486,-0.253810293980222,0.13900996233057
0.0138094004437768,-0.254536676206723,0.139364719488575
0.0136055250417872,-0.255255210859697,0.139786763401503
0.0134340502243591,-0.255962758790526,0.140274982500378
0.0132941145112695,-0.256655950527522,0.140818674479814
0.0131848564222954,-0.257331416598993,0.141406801318815
0.0131054144772149,-0.257985787533252,0.142028324996386
0.0130549271958049,-0.258615693858607,0.142672207491533
0.0130325330978429,-0.25921776610337,0.143327410783259
0.0130373707031066,-0.259788634795849,0.143982896850572
0.0130685785313729,-0.260324930464356,0.144627627672474
0.0131252951024199,-0.260823283637201,0.145250565227972
0.0132066589360247,-0.261280324842693,0.145840671496069
0.0133118085519641,-0.261692684609144,0.146386908455773
0.0134398824700168,-0.262056993464863,0.146878238086085
0.0135900192099587,-0.26236988193816,0.147303622366014
0.0137613572915685,-0.262627980557346,0.147652023274563
0.0139528295460567,-0.262828768940916,0.147912402790736
0.0141594904998459,-0.262979113139495,0.148077022871169
0.0143729380898283,-0.263091712688108,0.148154791244728
0.0145846492579071,-0.263179354830809,0.148159852264252
0.0147861009459849,-0.263254826811646,0.148106352202669
0.0149687700959633,-0.263330915874672,0.148008437332905
0.0151241336497454,-0.263420409263937,0.147880253927889
0.0152436685492339,-0.263536094223493,0.147735948260545
0.0153188517363305,-0.26369075799739,0.147589666603804
0.0153411601529385,-0.263897187829679,0.14745555523059
0.0153020707409608,-0.264168170964413,0.147347760413832
0.0151930604422983,-0.264516494645641,0.147280428426456
0.0150056061988546,-0.264954946117415,0.14726770554139
0.0147311849525325,-0.265496312623786,0.147323738031561
0.0143612736452334,-0.266153381408805,0.147462672169895
0.0138873492188605,-0.266938938517234,0.147698654229321
0.0133039929136458,-0.267858998729275,0.148045708086491
0.012621444695041,-0.268896903769099,0.148508523784591
0.0118548706355441,-0.270031255244035,0.149076046248012
0.0110194386138842,-0.271240654761413,0.149735704795846
0.0101303165087925,-0.272503703928561,0.150474928747184
0.00920267219899751,-0.273799004352809,0.151281147421117
0.0082516735632292,-0.275105157641487,0.152141790136736
0.00729248848021769,-0.276400765401922,0.153044286213133
0.0063402848286922,-0.277664429241446,0.153976064969399
0.00541023048738309,-0.278874750767387,0.154924555724623
0.00451749333502027,-0.280010331587075,0.155877187797899
0.00367724125033253,-0.281049773307838,0.156821390508317
0.00290464211205022,-0.281971677537005,0.157744593174968
0.00221486379890301,-0.282754645881908,0.158634225116943
0.0016230741896206,-0.283377279949873,0.159477715653333
0.00114431405847437,-0.283818855625064,0.160262494103231
0.000783931304179752,-0.284079775326656,0.160977163093751
0.000530923043367659,-0.284185259793145,0.161623295813154
0.000372712486982563,-0.284161948405436,0.162210526400334
0.000296722845968489,-0.284036480544435,0.162748610194157
0.000290377331269465,-0.283835495591046,0.163247302533488
0.000341099153829294,-0.283585632926175,0.163716358757191
0.000436311524592448,-0.283313531930726,0.16416553420413
0.000563437654503396,-0.283045831985607,0.16460458421317
0.000709900754505499,-0.28280917247172,0.165043264123175
0.000863124035543228,-0.282630192769972,0.165491329273011
0.0010105307085615,-0.282535532261268,0.165958535001541
0.00113954398450278,-0.282551830326513,0.16645463664763
0.00123758707431221,-0.282705726346613,0.166989389550144
0.00129208318893426,-0.283023859702472,0.167572549047945
0.00129045553931229,-0.283532869774996,0.168213870479899
0.00122124856058758,-0.284254626502491,0.16892310837745
0.00108540147825154,-0.285177631730968,0.16970545852262
0.000891556638123792,-0.286276137240179,0.170550852077334
0.000648472205853956,-0.287524341400821,0.171446028922966
0.00036490634709252,-0.288896442583592,0.172377728940887
4.9617227489529E-05,-0.29036663915919,0.173332692012471
-0.000288636987304969,-0.291909129498314,0.17429765801909
-0.000641098131641815,-0.293498111971663,0.175259366842116
-0.000999008039870075,-0.295107784949933,0.176204558362922
-0.00135360854633992,-0.296712346803825,0.177119972462881
-0.00169614148540176,-0.298285995904034,0.177992349023365
-0.00201784869140509,-0.299802930621262,0.178808427925747
-0.00230997199870009,-0.301237349326203,0.179554949051399
-0.00256375324163693,-0.302563450389559,0.180218652281695
-0.00277043425456558,-0.303755432182026,0.180786277498006
-0.00292125750412864,-0.304787547068504,0.181244564581705
-0.00301103542919523,-0.305646095905813,0.181580676809773
-0.00304653424469858,-0.30634456301334,0.181795043349009
-0.00303701926826117,-0.306900158025737,0.181903677421484
-0.00299175581750588,-0.307330090577658,0.181923483051001
-0.0029200092100552,-0.307651570303757,0.181871364261361
-0.00283104476353047,-0.307881806838686,0.181764225076365
-0.00273412779555438,-0.3080380098171,0.181618969519815
-0.00263852362374939,-0.308137388873649,0.181452501615511
-0.00255349756573731,-0.308197153642991,0.181281725387256
-0.00248831493914081,-0.308234513759776,0.181123544858851
-0.00245224106158215,-0.308266678858658,0.180994864054097
-0.00245454125068356,-0.308310858574292,0.180912586996795
-0.00250448082406662,-0.30838426254133,0.180893617710747
-0.00261132509935469,-0.308504100394424,0.180954860219755
-0.00278433939416933,-0.30868758176823,0.181113218547619
-0.003032539422819,-0.308951261667571,0.181385596718142
-0.00335712029402768,-0.309300854268012,0.181786016741927
-0.00375008988886893,-0.309733159094749,0.182308337417561
-0.00420293093638668,-0.310244710906237,0.182937806709518
-0.00470712616562508,-0.310832044460929,0.183659640308985
-0.00525415830562737,-0.31149169451728,0.18445905390715
-0.00583551008543703,-0.312220195833743,0.185321263195201
-0.00644266423409934,-0.313014083168772,0.186231483864326
-0.00706710348065598,-0.313869891280823,0.18717493160571
-0.00770031055415221,-0.314784154928348,0.188136822110543
-0.00833376818363085,-0.315753408869801,0.189102371070011
-0.00895895909813627,-0.316774187863637,0.190056794175303
-0.00956736602671238,-0.317843026668309,0.190985307117605
-0.010150471698402,-0.318956460042273,0.191873125588105
-0.0106997588422495,-0.32011102274398,0.19270546527799
-0.0112067101872988,-0.321303249531886,0.193467541878448
-0.0116640394719658,-0.322528738485558,0.194144601260706
-0.0120730728528951,-0.323778782106978,0.194728623796199
-0.0124388144773484,-0.325043436556794,0.195226784042947
-0.0127662822776446,-0.326312757888575,0.195648338822594
-0.013060494186105,-0.327576802155892,0.196002544956785
-0.0133264681350485,-0.328825625412314,0.196298659267163
-0.0135692220567956,-0.330049283711411,0.196545938575372
-0.0137937738836651,-0.331237833106753,0.196753639703057
-0.0140051415479787,-0.332381329651909,0.19693101947186
-0.0142083429820554,-0.333469829400449,0.197087334703427
-0.0144083961182144,-0.334493388405943,0.197231842219401
-0.0146103188887772,-0.33544206272196,0.197373798841425
-0.0148191292260624,-0.33630590840207,0.197522461391145
-0.0150398450623903,-0.337074981499843,0.197687086690204
-0.0152774843300816,-0.337739338068849,0.197876931560246
-0.0155370524366842,-0.338289198468378,0.198101252822914
-0.0158207599599636,-0.338724696579261,0.19836893639987
-0.0161245118627322,-0.339061364052495,0.198682726018789
-0.0164433489646278,-0.339316060803504,0.199040314547257
-0.0167723120852878,-0.339505646747712,0.199439244841395
-0.0171064420443496,-0.339646981800542,0.19987705975732
-0.0174407796614509,-0.339756925877416,0.200351302151154
-0.0177703657562291,-0.339852338893759,0.200859514879014
-0.0180902411483213,-0.339950080764994,0.201399240797022
-0.0183954466573661,-0.340067011406544,0.201968022761295
-0.0186810231030001,-0.340219990733833,0.202563403627954
-0.0189420113048606,-0.340425878662284,0.203182926253118
-0.0191734520825859,-0.340701535107321,0.203824133492906
-0.0193703862558132,-0.341063819984366,0.204484568203439
-0.0195278546441795,-0.341529593208844,0.205161773240835
-0.0196408980673233,-0.342115714696178,0.205853291461214
-0.0197049747492235,-0.342836957094535,0.206556665720695
-0.0197224552313369,-0.343687382764441,0.2072689232549
-0.0197013942045574,-0.344649207004691,0.207984721176574
-0.0196500151800534,-0.345704505767787,0.208698036020579
-0.0195765416689946,-0.346835355006234,0.209402844262831
-0.0194891971825493,-0.348023830672531,0.210093122379247
-0.0193962052318877,-0.349252008719182,0.210762846845747
-0.0193057893281783,-0.35050196509869,0.211405994138245
-0.0192261729825898,-0.351755775763555,0.212016540732659
-0.0191655797062922,-0.352995516666281,0.212588463104908
-0.0191322330104542,-0.354203263759371,0.213115737730907
-0.0191343564062445,-0.355361092995327,0.213592341086575
-0.0191801734048325,-0.356451080326649,0.214012249647828
-0.0192779075173881,-0.357455301705842,0.214369439890584
-0.0194357822550792,-0.358355833085407,0.21465788829076
-0.0196620211290754,-0.359134754484013,0.214871571324273
-0.0199624805394765,-0.359781297970968,0.215004584290826
-0.0203321361240443,-0.360306563257837,0.215058191821477
-0.0207628391229473,-0.360725814951424,0.215044794016757
-0.0212464405057551,-0.361054317658528,0.214977751560953
-0.0217747912420363,-0.361307335985952,0.214870425138357
-0.0223397423013594,-0.361500134540498,0.214736175433258
-0.0229331446532939,-0.361647977928968,0.214588363129946
-0.0235468492674087,-0.361766130758162,0.21444034891271
-0.0241727071132722,-0.361869857634883,0.21430549346584
-0.0248025691604536,-0.361974423165932,0.214197157473626
-0.0254282863785213,-0.362095091958111,0.214128701620357
-0.0260417097370444,-0.362247128618222,0.214113486590323
-0.0266346902055923,-0.362445797753066,0.214164873067814
-0.0271990787537333,-0.362706363969444,0.214296221737119
-0.0277267263510363,-0.36304409187416,0.214520893282529
-0.0282095620366398,-0.363473808699203,0.214852248388333
-0.0286442252417434,-0.363998656748406,0.215301979344938
-0.0290346716205492,-0.364609112071956,0.215865224301398
-0.0293854879497291,-0.36529501667995,0.216527651816683
-0.0297012610059559,-0.366046212582482,0.21727481906752
-0.0299865775659029,-0.36685254178965,0.21809228323064
-0.0302460244062419,-0.367703846311548,0.21896560148277
-0.030484188303646,-0.368589968158272,0.219880331000639
-0.0307056560347876,-0.369500749339918,0.220822028960975
-0.030915014376339,-0.370426031866582,0.221776252540509
-0.0311168501049732,-0.371355657748359,0.222728558915968
-0.0313157499973631,-0.372279468995346,0.22366450526408
-0.03151630083018,-0.373187307617638,0.224569648761575
-0.0317230893800982,-0.374069015625329,0.225429546585182
-0.0319407024237892,-0.374914435028517,0.226229755911628
-0.0321737267379261,-0.375713407837298,0.226955833917644
-0.0324262576706533,-0.376457375390489,0.227593340950327
-0.0326975145169284,-0.37714793577659,0.228133413778017
-0.0329839272862988,-0.377790661291557,0.228584239269899
-0.0332818931804666,-0.378391133454321,0.228957251644963
-0.0335878094011335,-0.378954933783815,0.229263885122203
-0.0338980731500012,-0.37948764379897,0.229515573920606
-0.0342090816287708,-0.379994845018722,0.229723752259166
-0.0345172320391447,-0.380482118962001,0.229899854356873
-0.0348189215828241,-0.38095504714774,0.230055314432716
-0.035110547461511,-0.381419211094872,0.230201566705688
-0.0353885068769071,-0.38188019232233,0.230350045394779
-0.0356491970307138,-0.382343572349045,0.23051218471898
-0.0358890151246332,-0.382814932693952,0.230699418897281
-0.0361043583603662,-0.383299854875982,0.230923182148674
-0.0362916239396152,-0.383803920414068,0.231194908692149
-0.0364472099011088,-0.384332689142725,0.231526032746698
-0.0365689865444843,-0.384888375218822,0.231927593825589
-0.0366593256580459,-0.385466265222334,0.23240008646352
-0.0367214563803531,-0.386060786345394,0.232932574626558
-0.0367586078499655,-0.386666365780139,0.233513550095895
-0.0367740092054434,-0.387277430718703,0.234131504652722
-0.0367708895853456,-0.387888408353219,0.234774930078229
-0.0367524781282325,-0.388493725875824,0.235432318153607
-0.0367220039726637,-0.389087810478651,0.236092160660048
-0.0366826962571989,-0.389665089353835,0.236742949378741
-0.036637784120398,-0.390219989693513,0.237373176090878
-0.0365904967008199,-0.390746938689816,0.237971332577649
-0.036544063137026,-0.391240363534882,0.238525910620246
-0.0365017125675744,-0.391694691420843,0.239025401999859
-0.0364666741310253,-0.392104349539837,0.239458298497679
-0.0364421769659387,-0.392463765083995,0.239813091894896
-0.0364314613533552,-0.392767946041407,0.240078273972703
-0.0364380652574054,-0.393020399877832,0.24024501105554
-0.0364658493253831,-0.393231080667256,0.240321454510356
-0.0365186903572685,-0.393410102844245,0.240322401736006
-0.0366004651530425,-0.393567580843368,0.240262665554854
-0.0367150505126872,-0.393713629099192,0.240157058789264
-0.0368663232361837,-0.393858362046283,0.240020394261596
-0.0370581601235125,-0.394011894119211,0.239867484794216
-0.037294437974656,-0.394184339752542,0.239713143209485
-0.0375790335895947,-0.394385813380845,0.239572182329767
-0.0379158237683102,-0.394626429438686,0.239459414977426
-0.0383086853107839,-0.394916302360633,0.239389653974824
-0.0387614950169963,-0.395265546581253,0.239377712144324
-0.0392781296869296,-0.395684276535115,0.239438402308289
-0.0398624661205644,-0.396182606656785,0.239586537289084
-0.0405183811178824,-0.396770651380831,0.239836929909069
-0.0412481238661713,-0.397454515541732,0.240204335486975
-0.0420436071819132,-0.398223500980506,0.240694637135763
-0.0428926993906729,-0.399062508616344,0.241295347134659
-0.0437832594319259,-0.399956439352724,0.241991698802823
-0.0447031462451477,-0.400890194093126,0.242768925459418
-0.0456402187698155,-0.401848673741026,0.243612260423605
-0.046582335945405,-0.402816779199903,0.244506937014547
-0.047517356711392,-0.403779411373233,0.245438188551403
-0.0484331400072526,-0.404721471164497,0.246391248353335
-0.0493175447724641,-0.40562785947717,0.247351349739506
-0.0501584299465014,-0.406483477214733,0.248303726029077
-0.0509436544688406,-0.407273225280661,0.249233610541209
-0.051661077278959,-0.407982004578433,0.250126236595063
-0.0522985573163315,-0.408594716011528,0.250966837509802
-0.0528439535204348,-0.409096260483424,0.251740646604586
-0.0532851712001234,-0.409471797920813,0.252432897198578
-0.0536172699714621,-0.409719137431561,0.253029786856972
-0.0538501231948891,-0.409854190741959,0.253531624103574
-0.0539954419227138,-0.409894263413725,0.253949420216558
-0.0540649372072461,-0.409856661008572,0.254294452707108
-0.0540703201007953,-0.409758689088218,0.254577999086412
-0.0540233016556704,-0.409617653214379,0.254811336865655
-0.0539355929241818,-0.40945085894877,0.255005743556024
-0.0538189049586382,-0.409275611853107,0.255172496668705
-0.0536849488113496,-0.409109217489106,0.255322873714883
-0.0535454355346254,-0.408968981418484,0.255468152205746
-0.0534120761807753,-0.408872209202956,0.255619609652479
-0.0532965818021083,-0.408836206404238,0.255788523566268
-0.0532106634509342,-0.408878278584046,0.2559861714583
-0.0531660321795626,-0.409015731304096,0.256223830839761
-0.0531743990403031,-0.409265870126106,0.256512779221837
-0.0532467333912408,-0.409643830091441,0.256864294115714
-0.0533831504970816,-0.410145352946555,0.257286180699295
-0.0535755331063326,-0.410755978211968,0.257771692675987
-0.0538155591821237,-0.411461154405102,0.258310272529373
-0.0540949066875844,-0.412246330043383,0.258891362729431
-0.0544052535858444,-0.413096953644233,0.259504405746137
-0.054738277840032,-0.413998473725077,0.260138844049469
-0.055085657413279,-0.414936338803338,0.260784120109401
-0.0554390702687131,-0.415895997396441,0.261429676395912
-0.0557901943694643,-0.416862898021809,0.262064955378978
-0.056130707678663,-0.417822489196866,0.262679399528575
-0.056452288159438,-0.418760219439036,0.26326245131468
-0.0567466137749191,-0.419661537265742,0.263803553207269
-0.0570053624882363,-0.420511891194409,0.26429214767632
-0.0572202122625183,-0.42129672974246,0.264717677191808
-0.057382841060895,-0.422001508065947,0.26506958422371
-0.0574875839399467,-0.422616931825891,0.265337484892944
-0.0575399110128325,-0.42314838109363,0.265519475418204
-0.0575482088083898,-0.423603779847948,0.265625788137691
-0.0575208638658682,-0.42399105206763,0.265667589826428
-0.0574662627245186,-0.424318121731458,0.265656047259442
-0.0573927919235913,-0.424592912818218,0.265602327211756
-0.0573088380023359,-0.424823349306694,0.265517596458395
-0.057222787500004,-0.425017355175668,0.265413021774384
-0.0571430269558448,-0.425182854403925,0.265299769934746
-0.0570779429091086,-0.42532777097025,0.265189007714508
-0.0570359218990462,-0.425460028853425,0.265091901888693
-0.0570253504649076,-0.425587552032236,0.265019619232326
-0.0570546151459435,-0.425718264485466,0.264983326520432
-0.0571321024814033,-0.4258600901919,0.264994190528035
-0.0572661990105381,-0.42602095313032,0.265063378030159
-0.0574651807653148,-0.426208530030626,0.26520205580183
-0.0577319272473262,-0.426424807182846,0.265420103226566
-0.0580615948234582,-0.426666078372216,0.265715897025311
-0.0584487452074616,-0.426928389722095,0.266081762716114
-0.0588879401130893,-0.427207787355848,0.266509971840744
-0.0593737412540927,-0.427500317396836,0.266992795940969
-0.0599007103442246,-0.427802025968422,0.267522506558558
-0.0604634090972365,-0.428108959193965,0.26809137523528
-0.0610563992268809,-0.428417163196831,0.268691673512904
-0.0616742424469097,-0.428722684100379,0.269315672933198
-0.0623115004710746,-0.429021568027972,0.269955645037931
-0.0629627350131281,-0.429309861102973,0.270603861368873
-0.0636225077868222,-0.429583609448743,0.271252593467791
-0.0642853805059092,-0.429838859188645,0.271894112876454
-0.0649459148841403,-0.43007165644604,0.272520691136632
-0.0655986726352689,-0.43027804734429,0.273124599790093
-0.066238597995371,-0.430454671683578,0.273698112649924
-0.066864052983862,-0.430601596792354,0.27423529992014
-0.0674751976126018,-0.430720117358966,0.274735252460427
-0.0680722079314109,-0.430811529633223,0.2751979314948
-0.0686552599901076,-0.43087712986493,0.275623298247277
-0.0692245298385121,-0.430918214303894,0.276011313941878
-0.0697801935264439,-0.430936079199922,0.276361939802618
-0.0703224271037222,-0.430932020802822,0.276675137053515
-0.0708514066201669,-0.430907335362398,0.276950866918588
-0.0713673081255979,-0.430863319128459,0.277189090621852
-0.0718703076698335,-0.430801268350812,0.277389769387327
-0.0723605813026949,-0.430722479279262,0.277552864439029
-0.0728383050740005,-0.430628248163617,0.277678337000976
-0.0733036550335697,-0.430519871253684,0.277766148297185
-0.0737568072312227,-0.43039864479927,0.277816259551675
-0.0741979371150348,-0.430265876633024,0.277828631988462
-0.0746267442121269,-0.430124176590685,0.277803391742587
-0.0750415979186347,-0.429978631356717,0.277744460380773
-0.0754406370435685,-0.429834605086489,0.277659556278707
-0.075822000395936,-0.429697461935375,0.277556562998548
-0.0761838267847461,-0.429572566058747,0.277443364102457
-0.0765242550190082,-0.429465281611976,0.277327843152597
-0.0768414239077306,-0.429380972750432,0.277217883711128
-0.0771334722599224,-0.429325003629488,0.27712136934021
-0.0773985388845921,-0.429302738404517,0.277046183602006
-0.077634762590749,-0.429319541230888,0.277000210058677
-0.0778402821874014,-0.429380776263976,0.276991332272383
-0.0780132364835586,-0.42949180765915,0.277027433805286
-0.078151764288229,-0.429657999571781,0.277116398219547
-0.0782540044104219,-0.429884716157244,0.277266109077327
-0.0783180956591458,-0.430177321570908,0.277484449940787
-0.0783423668910903,-0.430540538770601,0.277779304372088
-0.0783295209155088,-0.430970754348995,0.278156340362144
-0.0782866360814247,-0.431458525578128,0.278608434543245
-0.0782209811029839,-0.43199429014263,0.279123883103896
-0.0781398246943308,-0.432568485727128,0.279690976405318
-0.0780504355696106,-0.433171550016251,0.280298004808732
-0.0779600824429692,-0.433793920694628,0.280933258675359
-0.0778760340285505,-0.434426035446886,0.28158502836642
-0.0778055590405009,-0.435058331957655,0.282241604243134
-0.0777559261929643,-0.435681247911563,0.282891276666723
-0.0777344042000869,-0.436285220993237,0.283522335998408
-0.0777482617760137,-0.436860688887307,0.28412307259941
-0.077804767634889,-0.437398089278401,0.284681776830949
-0.0779111904908589,-0.437887859851147,0.285186739054246
-0.0780747990580684,-0.438320438290174,0.285626249630521
-0.0783028620506621,-0.438686262289594,0.285988598920996
-0.0786009863183192,-0.438978571552513,0.286262146431127
-0.0789651841177215,-0.439201312950395,0.286443024024245
-0.0793880319881157,-0.439360990477513,0.286542149208125
-0.0798621020977954,-0.439464108128138,0.286572095863881
-0.0803799666150535,-0.43951716989654,0.286545437872622
-0.0809341977081839,-0.439526679776989,0.286474749115462
-0.0815173675454799,-0.439499141763758,0.286372603473512
-0.0821220482952347,-0.439441059851117,0.286251574827886
-0.0827408121257416,-0.439358938033337,0.286124237059694
-0.0833662312052941,-0.439259280304689,0.28600316405005
-0.0839908777021858,-0.439148590659444,0.285900929680065
-0.08460732378471,-0.439033373091873,0.28583010783085
-0.0852081416211601,-0.438920131596247,0.28580327238352
-0.0857859033798292,-0.438815370166836,0.285832997219185
-0.0863331812290111,-0.438725592797912,0.285931856218957
-0.0868425760516449,-0.438657203852083,0.28611242326395
-0.0873099164835762,-0.438612595738133,0.286386207816701
-0.0877371714346276,-0.438588867460558,0.286750880575101
-0.0881269976835972,-0.438582755913567,0.287194435286143
-0.0884820520092835,-0.438590997991371,0.287704667176002
-0.0888049911904851,-0.438610330588178,0.288269371470854
-0.0890984720060004,-0.438637490598198,0.28887634339687
-0.0893651512346276,-0.438669214915641,0.289513378180227
-0.0896076856551662,-0.438702240434716,0.290168271047099
-0.0898287320464137,-0.438733304049635,0.290828817223661
-0.0900309471871683,-0.438759142654604,0.291482811936087
-0.0902169878562296,-0.438776493143835,0.292118050410552
-0.0903895108323951,-0.438782092411538,0.29272232787323
-0.0905511728944635,-0.438772677351921,0.293283439550295
-0.0907046308212336,-0.438744984859194,0.293789180667923
-0.0908525413915036,-0.438695751827568,0.294227346452287
-0.0909975931386162,-0.43862247026782,0.294585732142591
-0.091142887444464,-0.43852872477683,0.29485598185129
-0.0912918143810964,-0.438421044639237,0.295044447186089
-0.091447769942987,-0.438305978283934,0.295160992249334
-0.0916141501246097,-0.438190074139809,0.29521548114337
-0.091794350920438,-0.438079880635753,0.295217777970544
-0.0919917683249458,-0.437981946200657,0.295177746833202
-0.0922097983326069,-0.437902819263411,0.295105251833689
-0.0924518369378939,-0.437849048252905,0.295010157074353
-0.0927212801352817,-0.437827181598031,0.294902326657538
-0.0930215239192436,-0.437843767727679,0.29479162468559
-0.0933559642842527,-0.437905355070738,0.294687915260857
-0.0937279972247837,-0.438018492056101,0.294601062485683
-0.0941410187353091,-0.438189727112656,0.294540930462415
-0.0945984248103038,-0.438425608669295,0.294517383293399
-0.0951036114365418,-0.438732675662526,0.294540285080981
-0.0956577001316754,-0.439113357002957,0.294619323149634
-0.0962531211051241,-0.439559569377339,0.294757066357324
-0.0968802288781547,-0.440061572731822,0.294946691399785
-0.0975293779720352,-0.440609627012556,0.295180732475341
-0.0981909229080331,-0.441193992165692,0.295451723782316
-0.0988552182074167,-0.441804928137379,0.295752199519035
-0.0995126183914539,-0.44243269487377,0.296074693883821
-0.100153477981412,-0.443067552321012,0.296411741074998
-0.100768151498559,-0.443699760425257,0.296755875290893
-0.101346993464162,-0.444319579132656,0.297099630729827
-0.101880358399491,-0.444917268389358,0.297435541590127
-0.102358600825811,-0.445483088141514,0.297756142070116
-0.102772075264392,-0.446007298335273,0.298053966368117
-0.1031111362365,-0.446480158916789,0.298321548682456
-0.103366138263405,-0.446891929832208,0.298551423211456
-0.103527691349712,-0.447233263732088,0.298736124153443
-0.103596693267208,-0.447502668020088,0.298869284291073
-0.103587615550821,-0.447705901565559,0.298953400230034
-0.103515858287126,-0.447848995043165,0.298995252666673
-0.103396821562694,-0.447937979127571,0.299001650149425
-0.103245905464098,-0.44797888449344,0.298979401226726
-0.103078510077909,-0.447977741815438,0.298935314447009
-0.102910035490701,-0.447940581768229,0.298876198358711
-0.102755881789044,-0.447873435026478,0.298808861510267
-0.102631449059513,-0.447782332264849,0.298740112450111
-0.102552137388679,-0.447673304158006,0.298676759726679
-0.102533346863114,-0.447552381380613,0.298625611888406
-0.102590477569391,-0.447425594607336,0.298593477483727
-0.102738929594081,-0.447298974512839,0.298587165061077
-0.102994103023758,-0.447178551771787,0.298613483168891
-0.103371397944993,-0.447070357058843,0.298679240355605
-0.103884076183571,-0.446979515484108,0.298791237368517
-0.104528147211814,-0.446906393496145,0.298952897207089
-0.105291282040634,-0.446849799899184,0.299159003596424
-0.106161097470239,-0.446808542604338,0.299402978700377
-0.107125210300838,-0.446781429522723,0.299678244682807
-0.10817123733264,-0.44676726856545,0.299978223707569
-0.109286795365854,-0.446764867643634,0.300296337938522
-0.110459501200688,-0.446773034668388,0.300626009539522
-0.11167697163735,-0.446790577550826,0.300960660674427
-0.11292682347605,-0.446816304202062,0.301293713507093
-0.114196673516996,-0.44684902253321,0.301618590201379
-0.115474138560397,-0.446887540455382,0.30192871292114
-0.116746835406461,-0.446930665879694,0.302217503830234
-0.118002380855397,-0.446977206717258,0.302478385092519
-0.119228391707414,-0.447025970879187,0.30270477887185
-0.1204124926531,-0.447075765996064,0.302890107332086
-0.12154572477175,-0.447125375791734,0.303028113610829
-0.122627867248877,-0.4471735421663,0.303118960864079
-0.123660076407269,-0.447219002800644,0.303168739174194
-0.124643508569714,-0.447260495375645,0.30318376078139
-0.125579320059001,-0.447296757572185,0.303170337925881
-0.126468667197917,-0.447326527071145,0.303134782847879
-0.127312706309253,-0.447348541553407,0.303083407787602
-0.128112593715795,-0.447361538699849,0.303022524985263
-0.128869485740332,-0.447364256191354,0.302958446681076
-0.129584538705654,-0.447355431708802,0.302897485115256
-0.130258908934547,-0.447333802933073,0.302845952528017
-0.130893752749801,-0.447298107545051,0.302810161159573
-0.131490226474203,-0.447247083225613,0.30279642325014
-0.132049486430544,-0.447179467655642,0.302811051039932
-0.13257268894161,-0.447093998516018,0.302860356769161
-0.133061154715231,-0.446989784867739,0.302950652678045
-0.133519492438412,-0.446870245302751,0.303086772466087
-0.133955346242793,-0.446741575073865,0.30326578023238
-0.134376474037013,-0.446610015546443,0.30348219686635
-0.13479063372971,-0.446481808085849,0.303730541799202
-0.135205583229521,-0.446363194057446,0.304005334462145
-0.135629080445083,-0.446260414826596,0.304301094286384
-0.136068883285035,-0.446179711758664,0.304612340703127
-0.136532749658015,-0.44612732621901,0.304933593143581
-0.137028437472658,-0.446109499572999,0.305259371038951
-0.137563704637605,-0.446132473185993,0.305584193820448
-0.138146309061492,-0.446202488423355,0.305902580919275
-0.138784008652957,-0.446325786650449,0.306209051766641
-0.139484561320637,-0.446508609232637,0.306498125793753
-0.140255724973171,-0.446757197535282,0.306764322431817
-0.141105257519195,-0.447077792651805,0.307002161112041
-0.142038389273783,-0.447473441023205,0.307206192822196
-0.143047068271802,-0.447936054437705,0.307373657767163
-0.144118894882646,-0.448455120308895,0.307506500814711
-0.145241466982859,-0.449020126050364,0.307607141443878
-0.146402382448983,-0.449620559075701,0.307677999133699
-0.147589239157564,-0.450245906798497,0.30772149336321
-0.148789634985144,-0.450885656632338,0.307740043611447
-0.149991167808267,-0.451529295990816,0.307736069357445
-0.151181435503477,-0.452166312287519,0.307711990080241
-0.152348035947318,-0.452786192936037,0.30767022525887
-0.153478567016333,-0.453378425349959,0.307613194372369
-0.154560626587066,-0.453932496942875,0.307543316899773
-0.15558181253606,-0.454437895128372,0.307463012320117
-0.156529722739859,-0.454884107320041,0.307374700112438
-0.157391955075008,-0.455260620931471,0.307280799755771
-0.158156218750522,-0.455557178236938,0.307183730729153
-0.158819710611005,-0.455772115863458,0.307085911445122
-0.159396225687559,-0.455914229386732,0.306989747940483
-0.159901233453529,-0.455992946675195,0.306897638278268
-0.160350203382257,-0.456017695597283,0.306811980389089
-0.160758604947089,-0.455997904021435,0.306735172203554
-0.161141907621367,-0.455942999816084,0.306669611652277
-0.161515580878436,-0.455862410849669,0.306617696665866
-0.161895094191639,-0.455765564990623,0.306581825174933
-0.162295917034321,-0.455661890107385,0.306564395110089
-0.162733518879825,-0.455560814068391,0.306567804401942
-0.163223369201496,-0.455471764742075,0.306594450981106
-0.163780937472676,-0.455404169996876,0.306646732778189
-0.16442169316671,-0.455367457701228,0.306727047723804
-0.165161105756942,-0.455371055723569,0.306837793748559
-0.166014644716715,-0.455424391932334,0.306981368783066
-0.166996197283805,-0.455535437074187,0.307160170631106
-0.168101290280673,-0.455701519865981,0.307375107146602
-0.169313620786083,-0.455915248485645,0.307621893107021
-0.170616689419923,-0.456169209879729,0.307895112588846
-0.171993996802076,-0.456455990994781,0.308189349668558
-0.173429043552427,-0.456768178777349,0.30849918842264
-0.174905330290865,-0.457098360173982,0.308819212927576
-0.176406357637272,-0.457439122131228,0.309144007259847
-0.177915626211535,-0.457783051595638,0.309468155495937
-0.17941663663354,-0.458122735513758,0.309786241712328
-0.180892889523172,-0.458450760832138,0.310092849985502
-0.182327885500315,-0.458759714497327,0.310382564391942
-0.183705125184858,-0.459042183455873,0.310649969008131
-0.185008109196684,-0.459290754654324,0.310889647910551
-0.186220338155679,-0.45949801503923,0.311096185175685
-0.187325313234429,-0.459656566203609,0.311264164880016
-0.188313028475419,-0.459762932913464,0.31138831796917
-0.189196108192696,-0.459822833694238,0.311468328075885
-0.189992104043568,-0.459843302335378,0.31150990603493
-0.190718567685345,-0.45983137262633,0.311519127053844
-0.191393050775336,-0.459794078356545,0.311502066340164
-0.192033104970851,-0.459738453315466,0.311464799101425
-0.192656281929198,-0.459671531292543,0.311413400545167
-0.193280133307687,-0.459600346077223,0.311353945878925
-0.193922210763628,-0.459531931458953,0.311292510310237
-0.194600065954329,-0.459473321227179,0.31123516904664
-0.1953312505371,-0.459431549171351,0.311187997295671
-0.19613331616925,-0.459413649080913,0.311157070264867
-0.197023814508087,-0.459426654745315,0.311148463161765
-0.198020297210923,-0.459477599954003,0.311168251193902
-0.199140315935065,-0.459573518496425,0.311222509568817
-0.200400933045651,-0.459721014659973,0.311317313494044
-0.201802711111088,-0.459919170054915,0.311457719843347
-0.203326133174014,-0.460160657967024,0.311641348131026
-0.204950468375112,-0.460437946847882,0.311862518844275
-0.206654985855064,-0.460743505149076,0.312115537632386
-0.208418954754553,-0.461069801322189,0.312394710144649
-0.210221644214259,-0.461409303818806,0.312694342030355
-0.212042323374866,-0.461754481090509,0.313008738938795
-0.213860261377055,-0.462097801588884,0.313332206519259
-0.215654727361509,-0.462431733765513,0.313659050421039
-0.21740499046891,-0.462748746071984,0.313983576293425
-0.219090319839939,-0.463041306959877,0.314300089785709
-0.22068998461528,-0.463301884880778,0.314602896547181
-0.222183253935613,-0.463522948286271,0.314886302227131
-0.223549396941622,-0.463696965627939,0.315144612474851
-0.224767682773989,-0.463816405357367,0.315372132939632
-0.225820835916811,-0.463876151064439,0.315563178603964
-0.226716816814794,-0.463882648197586,0.315714564421565
-0.227474779955172,-0.463845797984891,0.315828963903546
-0.22811393017218,-0.463775502274651,0.315909888689287
-0.228653472300054,-0.463681662915156,0.315960850418164
-0.22911261117303,-0.463574181754704,0.315985360729555
-0.229510551625344,-0.463462960641589,0.315986931262837
-0.229866498491231,-0.463357901424103,0.31596907365739
-0.230199656604927,-0.463268905950544,0.315935299552589
-0.230529230800667,-0.463205876069204,0.315889120587813
-0.230874425912687,-0.463178713628379,0.31583404840244
-0.231254446775224,-0.463197320476363,0.315773594635847
-0.231688498222512,-0.463271598461449,0.315711270927411
-0.232195785088787,-0.463411449431934,0.31565058891651
-0.232795512208285,-0.463626775236112,0.315595060242523
-0.233506848199993,-0.463927357565127,0.315548196544827
-0.234339261142095,-0.464314969712363,0.315513354103486
-0.235279486381136,-0.464778489354787,0.31549116809879
-0.236311007107256,-0.465305626481521,0.315479955694438
-0.237417306510595,-0.465884091081684,0.31547795996159
-0.238581867781295,-0.466501593144401,0.315483423971406
-0.239788174109495,-0.467145842658788,0.315494590795045
-0.241019708685337,-0.467804549613968,0.315509703503667
-0.242259954698962,-0.468465423999062,0.315527005168431
-0.24349239534051,-0.469116175803191,0.315544738860496
-0.244700513800121,-0.469744515015474,0.315561147651022
-0.245867793267937,-0.470338151625033,0.315574474611169
-0.246977716934099,-0.470884795620987,0.315582962812097
-0.248013767988746,-0.471372156992461,0.315584855324963
-0.248959429622021,-0.471787945728571,0.315578395220928
-0.249798185024062,-0.472119871818441,0.315561825571152
-0.250514608383483,-0.472357071230085,0.315533389446794
-0.251112382596664,-0.472503508400607,0.315492060415548
-0.251611468647956,-0.472571944798271,0.315440309110941
-0.252032347830715,-0.472575257506456,0.315381651421362
-0.252395501438299,-0.472526323608542,0.315319603422797
-0.252721410764067,-0.472438020187906,0.315257681191229
-0.253030557101376,-0.472323224327928,0.315199400802644
-0.253343421743583,-0.472194813111985,0.315148278333025
-0.253680485984046,-0.472065663623457,0.315107829858357
-0.254062231116123,-0.471948652945724,0.315081571454626
-0.254509138433171,-0.471856658162163,0.315073019197814
-0.255041689228548,-0.471802556356152,0.315085689163906
-0.255680364795612,-0.471799224611072,0.315123097428888
-0.25644564642772,-0.4718595400103,0.315188760068743
-0.25735801541823,-0.471996379637215,0.315286193159456
-0.258437953060499,-0.472222618635856,0.315418912777011
-0.259699523978121,-0.472545789385142,0.31559038503173
-0.261126074624966,-0.47295642714683,0.315800745854139
-0.26269176995304,-0.473441694710129,0.316044768713704
-0.264370773266537,-0.473988754864246,0.316316741513288
-0.266137247869652,-0.474584770398389,0.316610952155754
-0.267965357066579,-0.475216904101769,0.316921688543967
-0.269829264161513,-0.475872318763591,0.317243238580789
-0.271703132458647,-0.476538177173065,0.317569890169085
-0.273561125262177,-0.477201642119397,0.317895931211718
-0.275377405876296,-0.477849876391796,0.318215649611552
-0.277126137605199,-0.47847004277947,0.318523333271451
-0.27878148375308,-0.479049304071626,0.318813270094278
-0.280317607624134,-0.479574823057475,0.319079747982897
-0.281708672522554,-0.480033762526221,0.319317054840172
-0.282928841752535,-0.480413285267075,0.319519478568966
-0.2839525815035,-0.480700947020767,0.319681307072144
-0.284774545073259,-0.480895545488273,0.319797499897262
-0.285421892287635,-0.481008501058324,0.319870000890599
-0.285924726412806,-0.481051904378867,0.319904897353376
-0.286313150714947,-0.481037846097849,0.319908331042233
-0.286617268460238,-0.480978416863212,0.319886443713807
-0.286867182914855,-0.480885707322903,0.319845377124738
-0.287092997344977,-0.480771808124869,0.319791273031665
-0.287324815016779,-0.480648809917052,0.319730273191227
-0.287592739196441,-0.480528803347401,0.319668519360062
-0.287926873150139,-0.48042387906386,0.31961215329481
-0.288357320144051,-0.480346127714374,0.31956731675211
-0.288914183444354,-0.480307639946889,0.3195401514886
-0.289627566317227,-0.480320506409351,0.319536799260921
-0.290527572028845,-0.480396817749705,0.319563401825709
-0.291644303845388,-0.480548664615896,0.319626100939605
-0.29300416385153,-0.480786081183036,0.319731037468845
-0.294595066286421,-0.481105478733003,0.319881899271234
-0.296382092366151,-0.481497729050251,0.320074570366927
-0.298330023223465,-0.481953687865633,0.320303386382426
-0.300403639991106,-0.482464210910002,0.320562682944233
-0.302567723801818,-0.483020153914214,0.32084679567885
-0.304787055788345,-0.483612372609121,0.321150060212781
-0.307026417083432,-0.484231722725578,0.321466812172527
-0.309250588819823,-0.484869059994438,0.32179138718459
-0.311424352130263,-0.485515240146556,0.322118120875473
-0.313512488147494,-0.486161118912784,0.322441348871679
-0.315479778004262,-0.486797552023978,0.322755406799709
-0.31729100283331,-0.487415395210989,0.323054630286066
-0.318910943767382,-0.488005504204673,0.323333354957253
-0.320304381939225,-0.488558734735883,0.323585916439771
-0.321436103523152,-0.489065964931555,0.323806650360123
-0.322284783923432,-0.489522104811872,0.323990034052101
-0.322873284815542,-0.489930731536284,0.324134598956999
-0.323233235066794,-0.490296545699549,0.324243428545474
-0.323396263544504,-0.490624247896424,0.324319847998955
-0.323393999115987,-0.490918538721664,0.324367182498872
-0.323258070648556,-0.491184118770025,0.324388757226655
-0.323020107009527,-0.491425688636265,0.324387897363733
-0.322711737066215,-0.49164794891514,0.324367928091537
-0.322364589685934,-0.491855600201406,0.324332174591496
-0.322010293735998,-0.492053343089821,0.324283962045039
-0.321680478083723,-0.49224587817514,0.324226615633598
-0.321406771596423,-0.49243790605212,0.324163460538601
-0.321220803141411,-0.492634127315517,0.324097821941479
-0.321154201586005,-0.492839242560088,0.32403302502366
-0.321238595797517,-0.49305795238059,0.323972394966575
-0.321504820516466,-0.493294688707383,0.323919256951654
-0.321960991289304,-0.493549735863773,0.323876513314963
-0.322589714117321,-0.493820118795732,0.323844265296864
-0.323372240456086,-0.494102774671344,0.323821475123987
-0.324289821761166,-0.494394640658688,0.323807101722069
-0.325323709488128,-0.494692653925847,0.323800104016851
-0.32645515509254,-0.4949937516409,0.323799440934072
-0.327665410029968,-0.495294870971928,0.323804071399473
-0.328935725755982,-0.495592949087015,0.323812954338791
-0.330247353726149,-0.49588492315424,0.323825048677767
-0.331581545396036,-0.496167730341684,0.32383931334214
-0.332919552221211,-0.496438307817429,0.32385470725765
-0.334242625657241,-0.496693592749555,0.323870189350036
-0.335532017159694,-0.496930522306145,0.323884718545037
-0.336768978184138,-0.497146033655277,0.323897253768393
-0.337934760186139,-0.497337063965036,0.323906753945845
-0.339012797695265,-0.497501163528821,0.323912181044611
-0.340000986790731,-0.49763855816789,0.323913044579717
-0.340903104073293,-0.49775020332087,0.323910031099608
-0.341722943185596,-0.497837054442721,0.323903979719895
-0.342464297770294,-0.497900066988399,0.323895729556192
-0.343130961470033,-0.497940196412863,0.323886119724111
-0.343726727927464,-0.497958398171071,0.323875989339264
-0.344255390785235,-0.497955627717982,0.323866177517262
-0.344720743685997,-0.497932840508551,0.323857523373719
-0.345126580272399,-0.49789099199774,0.323850866024247
-0.34547669418709,-0.497831037640504,0.323847044584457
-0.345774879072719,-0.497753932891803,0.323846898169964
-0.346024928571937,-0.497660633206594,0.323851265896378
-0.34623063632739,-0.497552094039835,0.323860986879313
-0.346395795981732,-0.497429270846486,0.323876900234379
-0.346524211491084,-0.497293153913422,0.323899845077191
-0.346621543512776,-0.497146594966933,0.323930551357279
-0.346697443952643,-0.496995206739402,0.323968063732003
-0.346762082062481,-0.496844825520877,0.324010102479859
-0.346825627094086,-0.496701287601404,0.324054352212657
-0.346898248299253,-0.496570429271032,0.324098497542209
-0.34699011492978,-0.496458086819807,0.324140223080327
-0.34711139623746,-0.496370096537777,0.324177213438821
-0.347272261474091,-0.49631229471499,0.324207153229503
-0.347482879891467,-0.496290517641494,0.324227727064184
-0.347753420741386,-0.496310601607335,0.324236619554675
-0.348094053275642,-0.496378382902561,0.324231515312788
-0.348514946746032,-0.496499697817221,0.324210098950333
-0.349026270404352,-0.496680382641361,0.324170055079122
-0.349638193502397,-0.496926273665029,0.324109068310966
-0.350360885291963,-0.497243207178272,0.324024823257676
-0.351203537089327,-0.497635926627469,0.323915004531064
-0.352160242965599,-0.498098956062486,0.323777928828394
-0.353213232893376,-0.498621241828063,0.323614671112139
-0.354344417334669,-0.499191673864974,0.323427058524645
-0.35553570675149,-0.499799142113994,0.323216918225093
-0.356769011605849,-0.500432536515895,0.322986077372667
-0.358026242359757,-0.501080747011453,0.322736363126547
-0.359289309475227,-0.501732663541439,0.322469602645915
-0.360540123414267,-0.502377176046629,0.322187623089953
-0.361760594638889,-0.503003174467796,0.321892251617843
-0.362932633611105,-0.503599548745713,0.321585315388767
-0.364038150792925,-0.504155188821154,0.321268641561907
-0.365059056646361,-0.504658984634893,0.320944057296445
-0.365977261633423,-0.505099826127704,0.320613389751562
-0.366774676216122,-0.50546660324036,0.320278466086441
-0.36743321085647,-0.505748210749857,0.319941113460262
-0.367939980876245,-0.505938807245915,0.319603157425579
-0.368304814323083,-0.506047851257053,0.319266337675573
-0.368543733012779,-0.506087565618285,0.318932266551322
-0.36867275889977,-0.506070173164628,0.318602546082248
-0.368707913938486,-0.506007896731093,0.318278778297774
-0.368665220083362,-0.505912959152696,0.317962565227322
-0.368560699288831,-0.505797583264449,0.317655508900313
-0.368410373509328,-0.505673991901366,0.317359211346171
-0.368230264699286,-0.505554407898462,0.317075274594317
-0.368036394813138,-0.505451054090751,0.316805300674174
-0.367844785805318,-0.505376153313246,0.316550891615164
-0.367671459630259,-0.505341928400962,0.316313649446709
-0.367532438242396,-0.505360602188911,0.316095176198232
-0.367443743596162,-0.505444397512109,0.315897073899154
-0.367421397645989,-0.505605537205569,0.315720944578898
-0.367481262142858,-0.505855791080139,0.315568390266887
-0.367630637465453,-0.506195811689348,0.315440803919184
-0.367864125217052,-0.50661473232172,0.31533762340569
-0.368175298785677,-0.507101152808268,0.315257219518211
-0.368557731559348,-0.507643672980005,0.315197952257837
-0.369004996926084,-0.508230892667949,0.315158181625657
-0.369510668273906,-0.508851411703111,0.315136267622763
-0.370068318990835,-0.509493829916508,0.315130570250244
-0.37067152246489,-0.510146747139154,0.31513944950919
-0.371313852084091,-0.510798763202062,0.315161265400691
-0.37198888123646,-0.511438477936247,0.315194377925838
-0.372690183310015,-0.512054491172724,0.31523714708572
-0.373411331692778,-0.512635402742507,0.315287932881428
-0.374145899772769,-0.513169812476611,0.31534509531405
-0.374887460938007,-0.51364632020605,0.315406994384679
-0.375629588576515,-0.514053525761839,0.315471990094403
-0.376366044418,-0.514382015011795,0.315538442444869
-0.377092351412446,-0.514634326794345,0.315604712043939
-0.377804993776702,-0.5148174503331,0.315669161261515
-0.378500465448332,-0.514938382357146,0.315730152785853
-0.3791752603649,-0.515004119595567,0.31578604930521
-0.37982587246397,-0.51502165877745,0.315835213507841
-0.380448795683104,-0.514997996631876,0.315876008082005
-0.381040523959867,-0.514940129887932,0.315906795715958
-0.381597551231821,-0.514855055274702,0.315925939097956
-0.382116371436532,-0.51474976952127,0.315931800916255
-0.382593478511561,-0.51463126935672,0.315922743859114
-0.383025366394473,-0.514506551510139,0.315897130614787
-0.383408529022832,-0.514382612710609,0.315853323871532
-0.383739460334201,-0.514266449687218,0.315789686317606
-0.384014654266142,-0.514165059169046,0.315704580641265
-0.384230606987772,-0.514085412699318,0.315596369530765
-0.384386243520174,-0.514031247331862,0.31546347764141
-0.384487548650507,-0.513999915083154,0.315305850305869
-0.384541782684576,-0.513988019761764,0.315125008522919
-0.384556205928184,-0.51399216517626,0.314922546260482
-0.384538078687133,-0.51400895513521,0.314700057486482
-0.384494661267229,-0.514034993447185,0.314459136168841
-0.384433213974275,-0.514066883920753,0.314201376275481
-0.384360997114074,-0.514101230364484,0.313928371774324
-0.384285270992431,-0.514134636586946,0.313641716633294
-0.384213295915147,-0.514163706396709,0.313343004820312
-0.384152332188028,-0.514185043602342,0.313033830303301
-0.384109640116876,-0.514195252012414,0.312715787050184
-0.384092480007497,-0.514190935435494,0.312390469028882
-0.384108112165692,-0.51416869768015,0.312059470207319
-0.384163796897267,-0.514125142554953,0.311724384553417
-0.384266545019094,-0.514057276086554,0.311386806035098
-0.384417244865302,-0.513967608467855,0.311048356985466
-0.384610440894082,-0.513862638515701,0.310710830453586
-0.384840383778539,-0.51374895426673,0.310376083050277
-0.385101324191776,-0.513633143757582,0.310045971493554
-0.385387512806898,-0.513521795024895,0.30972235250143
-0.385693200297011,-0.513421496105308,0.309407082791921
-0.386012637335219,-0.513338835035461,0.30910201908304
-0.386340074594626,-0.513280399851993,0.308809018092803
-0.386669762748339,-0.513252778591541,0.308529936539223
-0.38699595246946,-0.513262559290746,0.308266631140315
-0.387312894431094,-0.513316329986246,0.308020958614094
-0.387614839306348,-0.513420678714681,0.307794775678575
-0.387896037768324,-0.513582193512689,0.30758993905177
-0.388150740490128,-0.513807462416909,0.307408305451696
-0.388373198144865,-0.514103073463965,0.307251731596366
-0.388558556975638,-0.514472874649452,0.307122063826258
-0.388707353217251,-0.514909811729379,0.307019815748734
-0.38882212993109,-0.515404119304543,0.306942870091996
-0.388905433563014,-0.515946031975742,0.306888801294025
-0.388959810558877,-0.516525784343772,0.306855183792801
-0.388987807364535,-0.517133611009429,0.306839592026305
-0.388991970425845,-0.517759746573512,0.306839600432519
-0.388974846188661,-0.518394425636816,0.306852783449421
-0.388938981098838,-0.519027882800138,0.306876715514994
-0.388886921602235,-0.519650352664275,0.306908971067217
-0.388821214144704,-0.520252069830025,0.306947124544072
-0.388744405172103,-0.520823268898184,0.306988750383539
-0.388659041130287,-0.521354184469549,0.307031423023598
-0.388567668465112,-0.521835051144916,0.307072716902231
-0.388472833622434,-0.522256103525083,0.307110206457417
-0.388377082108751,-0.522607721937939,0.307141466127137
-0.388282838793917,-0.522886658975207,0.307164218430817
-0.388192290405251,-0.523098379053729,0.307178212313147
-0.388107595764187,-0.523248974621832,0.307184665178883
-0.388030913692157,-0.523344538127846,0.307184827280131
-0.387964403010596,-0.523391162020103,0.307179948868989
-0.387910222540936,-0.523394938746931,0.307171280197561
-0.387870531104612,-0.523361960756662,0.307160071517949
-0.387847487523055,-0.523298320497622,0.307147573082256
-0.387843250617701,-0.523210110418145,0.307135035142582
-0.387859979209981,-0.523103422966558,0.307123707951031
-0.387899832121331,-0.522984350591193,0.307114841759704
-0.387964968173182,-0.522858985740378,0.307109686820703
-0.388057546186968,-0.522733420862444,0.30710949338613
-0.388179724984124,-0.522613748405721,0.307115511708089
-0.388333663386081,-0.522506060818537,0.30712899203868
-0.388521248478534,-0.522415902544303,0.307151184630002
-0.388740648770728,-0.522344195918021,0.307182698733026
-0.38898733808531,-0.522289544513509,0.307221593144986
-0.389256729968649,-0.52225053449257,0.307265292419492
-0.389544237967117,-0.522225752017012,0.307311221110156
-0.389845275627088,-0.522213783248639,0.307356803770589
-0.390155256494931,-0.522213214349257,0.307399464954401
-0.390469594117019,-0.522222631480672,0.307436629215205
-0.390783702039723,-0.522240620804689,0.30746572110661
-0.391092993809416,-0.522265768483114,0.307484165182228
-0.391392882972468,-0.522296660677752,0.307489385995669
-0.391678783075252,-0.52233188355041,0.307478808100545
-0.391946107664138,-0.522370023262892,0.307449856050466
-0.3921902702855,-0.522409665977005,0.307399954399045
-0.392406684485709,-0.522449397854553,0.307326527699891
-0.392590763811142,-0.522487805487994,0.307227000506615
-0.392739192332127,-0.522523713853047,0.307098843612099
-0.392853709355879,-0.522556581696231,0.306941549731293
-0.392937311319556,-0.522585971921996,0.306757375845027
-0.392992994660314,-0.522611447434787,0.306548778208795
-0.393023755815313,-0.522632571139053,0.306318213078089
-0.39303259122171,-0.522648905939243,0.306068136708402
-0.393022497316663,-0.522660014739802,0.305801005355227
-0.392996470537331,-0.52266546044518,0.305519275274058
-0.392957507320871,-0.522664805959825,0.305225402720388
-0.392908604104442,-0.522657614188184,0.304921843949709
-0.392852757325201,-0.522643448034704,0.304611055217515
-0.392792963420306,-0.522621870403833,0.304295492779298
-0.392732218826916,-0.52259244420002,0.303977612890552
-0.392673519982188,-0.522554732327712,0.30365987180677
-0.392619863323281,-0.522508297691356,0.303344725783445
-0.392574210362742,-0.522452786164303,0.303034631076069
-0.392537995451454,-0.522389606595952,0.302731816850694
-0.392510565084913,-0.522321853674862,0.302436596903682
-0.392491115246077,-0.522252689621438,0.302148324152827
-0.392478841917905,-0.522185276656081,0.301866344300505
-0.392472941083351,-0.522122776999196,0.301590003049095
-0.392472608725374,-0.522068352871187,0.301318646100975
-0.392477040826931,-0.522025166492455,0.301051619158522
-0.392485433370979,-0.521996380083405,0.300788267924114
-0.392496982340475,-0.52198515586444,0.30052793810013
-0.392510883718377,-0.521994656055962,0.300269975388946
-0.392526333487641,-0.522028042878376,0.300013725492941
-0.392542527631224,-0.522088478552086,0.299758534114491
-0.392558662132085,-0.522179125297493,0.299503746955976
-0.39257393297318,-0.522303145335002,0.299248709719772
-0.392587536137466,-0.522463700885017,0.298992768108258
-0.392598742340483,-0.522662901730438,0.298735268183252
-0.392607452624398,-0.522897095191147,0.298475754971788
-0.392613884245713,-0.523160666405123,0.298214302474049
-0.39261825683544,-0.523447998864263,0.297951071625029
-0.392620790024594,-0.523753476060468,0.297686223359725
-0.392621703444187,-0.524071481485638,0.297419918613133
-0.392621216725233,-0.524396398631673,0.297152318320249
-0.392619549498744,-0.524722610990471,0.296883583416068
-0.392616921395734,-0.525044502053934,0.296613874835587
-0.392613552047217,-0.525356455313962,0.296343353513801
-0.392609661084205,-0.525652854262453,0.296072180385707
-0.392605468137712,-0.525928082391309,0.295800516386299
-0.392601192838751,-0.526176523192429,0.295528522450576
-0.392597054818336,-0.526392560157712,0.29525635951353
-0.392593273707478,-0.526570576779058,0.29498418851016
-0.392590069007505,-0.526704997134545,0.294712170375461
-0.392587588432583,-0.526794133424909,0.294440462578036
-0.392585788842003,-0.526843353420312,0.294169148930358
-0.392584595728757,-0.526858770376828,0.293898242811508
-0.392583934585835,-0.526846497550533,0.293627754779125
-0.392583730906226,-0.526812648197503,0.293357695390847
-0.39258391018292,-0.526763335573811,0.293088075204312
-0.392584397908907,-0.526704672935536,0.29281890477716
-0.392585119577177,-0.52664277353875,0.292550194667029
-0.392586000680719,-0.526583750639529,0.292281955431558
-0.392586966712525,-0.526533717493951,0.292014197628385
-0.392587943165582,-0.526498787358088,0.291746931815148
-0.392588855532882,-0.526485073488016,0.291480168549487
-0.392589629307414,-0.526498689139811,0.29121391838904
-0.392590189982167,-0.526545747569548,0.290948191891445
-0.392590463050133,-0.526632362033302,0.290682999614342
-0.392590377528936,-0.526764098350279,0.290418352115368
-0.392589937329922,-0.526939848979451,0.290154234329967
-0.392589217981271,-0.527154049363172,0.289890490903109
-0.392588297880008,-0.527401053541169,0.289626918709319
-0.392587255423162,-0.527675215553159,0.289363314583045
-0.39258616900776,-0.527970889438863,0.289099475358738
-0.392585117030829,-0.528282429238003,0.288835197870847
-0.392584177889397,-0.5286041889903,0.288570278953823
-0.392583429980492,-0.528930522735473,0.288304515442114
-0.392582951701139,-0.529255784513244,0.28803770417017
-0.392582821448367,-0.529574328363334,0.287769641972442
-0.392583117619204,-0.529880508325464,0.287500125683378
-0.392583918610676,-0.530168678439353,0.287228952137429
-0.392585302819811,-0.530433192744724,0.286955918169044
-0.392587348643636,-0.530668405281297,0.286680820612673
-0.392590134479179,-0.530868670140009,0.286403456302766
-0.392593700662615,-0.531029978833183,0.286123625552108
-0.392597879133657,-0.531154264240149,0.28584146189532
-0.392602430870736,-0.531244806390025,0.285557703546955
-0.39260711679275,-0.53130488531193,0.285273152611577
-0.392611697818603,-0.531337781034985,0.28498861119375
-0.392615934867193,-0.531346773588308,0.284704881398035
-0.392619588857422,-0.531335143001021,0.284422765328996
-0.392622420708191,-0.531306169302242,0.284143065091194
-0.392624191338401,-0.531263132521091,0.283866582789193
-0.39262466166695,-0.531209312686687,0.283594120527554
-0.392623592612742,-0.531147989828152,0.283326480410842
-0.392620745094675,-0.531082443974602,0.283064464543617
-0.392615880031651,-0.531015955155159,0.282808875030444
-0.392608758342572,-0.530951803398943,0.282560513975885
-0.392599140946336,-0.530893268735072,0.282320183484502
-0.392586792626809,-0.530843582937062,0.282088685660858
-0.392571848428147,-0.53080422204681,0.281866645362353
-0.392555115286177,-0.530774448550415,0.281652526769534
-0.392537471128267,-0.530753383569639,0.281443350985959
-0.392519793881788,-0.530740148226243,0.281236112758926
-0.392502961474111,-0.530733863641988,0.281027806835737
-0.392487851832605,-0.530733650938637,0.28081542796369
-0.392475342884639,-0.530738631237951,0.280595970890086
-0.392466312557584,-0.530747925661693,0.280366430362223
-0.39246163877881,-0.530760655331622,0.280123801127402
-0.392462199475686,-0.530775941369501,0.279865077932923
-0.392468872575583,-0.530792904897092,0.279587255526085
-0.39248253600587,-0.530810667036157,0.279287328654188
-0.392504067693918,-0.530828348908456,0.278962292064532
-0.392534345567096,-0.530845071635752,0.278609140504416
-0.392574247552773,-0.530859956339806,0.27822486872114
-0.392624458353945,-0.530872215790447,0.277806471505778
-0.392683307231467,-0.530881761769946,0.277352343123714
-0.392747550288992,-0.530888828047586,0.276865955818773
-0.392813914898139,-0.530893650107197,0.276351933219233
-0.392879128430527,-0.530896463432616,0.275814898953371
-0.392939918257777,-0.530897503507674,0.275259476649464
-0.392993011751508,-0.530897005816207,0.274690289935791
-0.393035136283339,-0.530895205842046,0.274111962440628
-0.393063019224892,-0.530892339069027,0.273529117792254
-0.393073387947783,-0.530888640980984,0.272946379618944
-0.393062969823635,-0.53088434706175,0.272368371548979
-0.393028492224066,-0.530879692795158,0.271799717210633
-0.392966682520696,-0.530874913665044,0.271245040232187
-0.392874268085144,-0.53087024515524,0.270708964241915
-0.392747976289029,-0.53086592274958,0.270196112868097
-0.392584534554983,-0.530862181691441,0.26971110973901
-0.392382301113335,-0.530859178685114,0.269258498163434
-0.392145551563737,-0.530856879219737,0.268839899106017
-0.39187990321438,-0.530855220238215,0.268453249157481
-0.391590973373454,-0.53085413868345,0.26809624961334
-0.391284379349151,-0.530853571498343,0.267766601769104
-0.39096573844966,-0.530853455625801,0.267462006920288
-0.390640667983173,-0.530853728008725,0.2671801663624
-0.390314785257879,-0.530854325590018,0.266918781390955
-0.38999370758197,-0.530855185312584,0.266675553301465
-0.389683052263637,-0.530856244119325,0.266448183389441
-0.389388436611069,-0.530857438953144,0.266234372950396
-0.389115477932457,-0.530858706756946,0.266031823279842
-0.388869793535993,-0.530859984473633,0.26583823567329
-0.388657000729867,-0.530861209046109,0.265651311426253
-0.388482716822269,-0.530862317417276,0.265468751834243
-0.388352424256136,-0.530863248717785,0.265288258192772
-0.388266698537792,-0.530863982656137,0.26510755438251
-0.388219928705265,-0.530864534747965,0.264924536544247
-0.388206108710096,-0.530864921737821,0.264737180167171
-0.388219232503824,-0.530865160370259,0.264543461162996
-0.388253294037988,-0.530865267389833,0.264341355443434
-0.388302287264129,-0.530865259541095,0.264128838920199
-0.388360206133785,-0.530865153568602,0.263903887505005
-0.388421044598497,-0.530864966216905,0.263664477109564
-0.388478796609805,-0.530864714230558,0.26340858364559
-0.388527456119247,-0.530864414354116,0.263134183024796
-0.388561017078365,-0.530864083332131,0.262839251158894
-0.388573473438697,-0.530863737909157,0.262521763959599
-0.388558819151783,-0.530863394829749,0.262179697338623
-0.388511048169163,-0.530863070838459,0.261811027207679
-0.388424154442376,-0.530862782679841,0.261413729478482
-0.388293054880846,-0.530862544356879,0.26098578475353
-0.388119705921119,-0.53086235620224,0.260526705757772
-0.387909306626193,-0.530862214296157,0.260039735397474
-0.387667073325797,-0.530862114717513,0.259528673452311
-0.387398222349658,-0.53086205354519,0.258997319701957
-0.387107970027507,-0.530862026858071,0.258449473926086
-0.386801532689071,-0.530862030735037,0.257888935904372
-0.386484126664079,-0.530862061254972,0.25731950541649
-0.386160968282261,-0.530862114496757,0.256744982242113
-0.385837273873345,-0.530862186539274,0.256169166160916
-0.385518259767058,-0.530862273461407,0.255595856952573
-0.385209142293132,-0.530862371342036,0.255028854396758
-0.384915137781294,-0.530862476260044,0.254471958273145
-0.384641462561272,-0.530862584294314,0.253928968361409
-0.384393332962797,-0.530862691523729,0.253403684441224
-0.384175959770092,-0.530862794040779,0.252899906292263
-0.383992742474456,-0.530862888944742,0.252421329949553
-0.383842670703556,-0.530862975015878,0.251969727216014
-0.383724075742859,-0.530863051194103,0.251545171893579
-0.383635288877833,-0.530863116419335,0.251147679507759
-0.383574641393946,-0.530863169631492,0.250777265584067
-0.383540464576663,-0.530863209770491,0.250433945648015
-0.383531089711453,-0.530863235776248,0.250117735225113
-0.383544848083782,-0.530863246588681,0.249828649840876
-0.383580070979118,-0.530863241147708,0.249566705020813
-0.383635089682928,-0.530863218393246,0.249331916290439
-0.38370823548068,-0.530863177265212,0.249124299175263
-0.383797839657839,-0.530863116703524,0.248943869200798
-0.383902233499874,-0.530863035648099,0.248790641892557
-0.384019748292252,-0.530862933038854,0.248664632776051
-0.384148715320441,-0.530862807815706,0.248565857376791
-0.384287370794348,-0.530862659411382,0.248494331220291
-0.384432187484102,-0.530862492632962,0.248449555443674
-0.38457808204688,-0.530862315593607,0.248428466283374
-0.384719917733126,-0.530862136454762,0.248427202111559
-0.38485255779328,-0.530861963377878,0.248441901046507
-0.384970865477783,-0.530861804524403,0.248468701206495
-0.385069704037077,-0.530861668055785,0.248503740709803
-0.385143936721603,-0.530861562133472,0.248543157674708
-0.385188426781804,-0.530861494918914,0.248583090219488
-0.385198037468122,-0.530861474573559,0.248619676462421
-0.385167632030995,-0.530861509258854,0.248649054521785
-0.385092073720868,-0.530861607136249,0.248667362515859
-0.38496622578818,-0.530861776367192,0.248670738562919
-0.384784951483375,-0.530862025113131,0.248655320781245
-0.384543114056893,-0.530862361535515,0.248617247289114
-0.384235576759175,-0.530862793794113,0.248552656204805
-0.383859081601331,-0.530863322091661,0.248457714679923
-0.383419738680234,-0.530863920286993,0.248330737599336
-0.382926572225418,-0.530864556794398,0.248173625815958
-0.382388607393726,-0.530865200028166,0.247988620775241
-0.381814869342005,-0.530865818402584,0.247777963922641
-0.381214383227098,-0.530866380331944,0.247543896703612
-0.380596174205851,-0.530866854230531,0.247288660563607
-0.379969267435107,-0.530867208512636,0.24701449694808
-0.379342688071714,-0.530867411592548,0.246723647302486
-0.378725461272514,-0.530867431884555,0.246418353072278
-0.378126612194353,-0.530867237802947,0.246100855702911
-0.377555165994076,-0.530866797762011,0.245773396639838
-0.377020147828529,-0.530866080176039,0.245438217328514
-0.376530582854554,-0.530865053459317,0.245097559214393
-0.376095496228998,-0.530863686026134,0.244753663742928
-0.375723848376261,-0.530861948448278,0.244408772359575
-0.375419811154175,-0.530859877534325,0.244065086425373
-0.375179561178797,-0.530857587132192,0.24372437015814
-0.374998515684152,-0.53085519542328,0.24338811886356
-0.374872091904263,-0.530852820588981,0.243057823919498
-0.37479570707315,-0.530850580810694,0.242734976703821
-0.374764778424839,-0.530848594269812,0.242421068594397
-0.374774723193351,-0.530846979147734,0.242117590969092
-0.374820958612708,-0.530845853625853,0.241826035205772
-0.374898901916936,-0.530845335885567,0.241547892682304
-0.375003970340055,-0.530845544108272,0.241284654776556
-0.375131581116088,-0.530846596475364,0.241037812866393
-0.375277151479059,-0.530848611168239,0.240808858329682
-0.375436098662991,-0.530851706368292,0.240599282544292
-0.375603839901905,-0.53085600025692,0.240410576888086
-0.375775792429825,-0.530861611015518,0.240244232738934
-0.3759474107889,-0.530868605240928,0.240101741343549
-0.376114556387499,-0.530876692968575,0.239983972743967
-0.376273340920995,-0.530885433593349,0.239889740316348
-0.376419879740529,-0.530894385975375,0.239817432381736
-0.376550288197244,-0.530903108974782,0.239765437261167
-0.376660681642282,-0.530911161451695,0.239732143275684
-0.376747175426783,-0.530918102266243,0.239715938746326
-0.376805884901892,-0.530923490278552,0.239715211994132
-0.376832925418749,-0.530926884348749,0.239728351340144
-0.376824412328497,-0.530927843336961,0.239753745105401
-0.376776460982278,-0.530925926103314,0.239789781610942
-0.376685186731234,-0.530920691507937,0.239834849177809
-0.376546704926505,-0.530911698410954,0.23988733612704
-0.376357130919236,-0.530898505672497,0.239945630779678
-0.376112580060568,-0.530880672152687,0.24000812145676
-0.375809168158759,-0.53085775948805,0.240073196479326
-0.375445176180896,-0.530829919163893,0.240139243761299
-0.375026053437109,-0.530798619311938,0.240204638717727
-0.374558730732885,-0.530765506310281,0.240267742226349
-0.374050138873711,-0.530732226537017,0.240326914347177
-0.373507208665075,-0.530700426370243,0.240380515140223
-0.372936870912464,-0.530671752188055,0.240426904665499
-0.372346056421365,-0.530647850368548,0.240464442983019
-0.371741695997265,-0.53063036728982,0.240491490152794
-0.371130720445651,-0.530620949329966,0.240506406234836
-0.370520060572011,-0.530621242867083,0.240507551289158
-0.369916647181832,-0.530632894279265,0.240493285375771
-0.369327411080602,-0.530657549944611,0.240461968554689
-0.368759283073805,-0.530696856241215,0.240411960885923
-0.368219193966932,-0.530752459547174,0.240341622429487
-0.367714074565469,-0.530826006240583,0.24024931324539
-0.367250697449503,-0.53091889108218,0.240133393393648
-0.366830977558588,-0.53102840661483,0.239992519545805
-0.366451179959868,-0.531148505576976,0.239827398603853
-0.366107251914135,-0.531273043596109,0.239639603653859
-0.365795140682181,-0.531395876299714,0.239430710856773
-0.365510793524799,-0.531510859315281,0.239202296373545
-0.365250157702779,-0.531611848270299,0.238955936365124
-0.365009180476914,-0.531692698792256,0.238693206992461
-0.364783809107996,-0.531747266508641,0.238415684416506
-0.364569990856818,-0.531769407046943,0.238124944798209
-0.36436367298417,-0.531752976034649,0.237822564298519
-0.364160802750845,-0.531691829099249,0.237510119078388
-0.363957327417636,-0.531579821868232,0.237189185298764
-0.363749194245333,-0.531410809969085,0.236861339120597
-0.36353235049473,-0.531178649029297,0.236528156704838
-0.363302743426617,-0.530877194676358,0.236191214212437
-0.363056941691989,-0.530502626791229,0.235852088275712
-0.362795809098839,-0.530061687156605,0.235512455669927
-0.362522024078785,-0.529564116125627,0.235174216707038
-0.362238271505211,-0.52901965425432,0.234839301961195
-0.361947236251502,-0.528438042098714,0.234509642006547
-0.36165160319104,-0.527829020214835,0.234187167417243
-0.361354057197208,-0.527202329158713,0.23387380876743
-0.361057283143394,-0.526567709486373,0.233571496631258
-0.360763965902977,-0.525934901753845,0.233282161582876
-0.360476790349345,-0.525313646517154,0.233007734196432
-0.36019844135588,-0.52471368433233,0.232750145046075
-0.359931603795965,-0.5241447557554,0.232511324705955
-0.359678962542986,-0.52361660134239,0.232293203750219
-0.359443202470325,-0.52313896164933,0.232097712753016
-0.359227008451367,-0.522721577232247,0.231926782288496
-0.359033061666955,-0.522374086033243,0.231782342930807
-0.358863258812933,-0.52210010165397,0.231666175598057
-0.358717745476419,-0.521893975366577,0.231577621306438
-0.358596430181046,-0.521749270431308,0.231514034635657
-0.358499221450447,-0.52165955010841,0.23147271240613
-0.358426027808255,-0.521618377658125,0.231450951438273
-0.358376757778105,-0.521619316340699,0.231446048552502
-0.358351319883627,-0.521655929416374,0.231455300569232
-0.358349622648457,-0.521721780145399,0.231476004308879
-0.35837157459623,-0.521810431788014,0.23150545659186
-0.358417084250576,-0.521915447604467,0.23154095423859
-0.358486060135131,-0.522030390855002,0.231579794069485
-0.358578410773527,-0.522148824799862,0.231619272904961
-0.358694044689397,-0.522264312699293,0.231656687565434
-0.358832870406376,-0.522370417813538,0.231689334871319
-0.358994796448096,-0.522460703402843,0.231714511643033
-0.359179446389785,-0.522529296914126,0.231729514700991
-0.359381798179492,-0.522575850632503,0.231732370999918
-0.35959304754631,-0.522603144787781,0.231724425380001
-0.359804280244358,-0.522613995227031,0.231707964643733
-0.36000658202776,-0.522611217797326,0.231685275657341
-0.360191038650635,-0.522597628345736,0.231658645287051
-0.360348735867107,-0.522576042719337,0.23163036039909
-0.360470759431296,-0.522549276765199,0.231602707859685
-0.360548195097324,-0.522520146330393,0.231577974535064
-0.360572128619312,-0.522491467261994,0.231558447291452
-0.360533645751382,-0.522466055407073,0.231546412995077
-0.360423832247655,-0.5224467266127,0.231544158512166
-0.360233773862254,-0.52243629672595,0.231553970708945
-0.359954556349298,-0.522437581593894,0.231578136451641
-0.359577265462909,-0.522453397063604,0.231618942606481
-0.359092986957212,-0.52248655792213,0.231678676039692
-0.35849644652438,-0.522538215147635,0.231759568235085
-0.357798910508659,-0.522604489158197,0.231860599241237
-0.357016341218314,-0.522680553305283,0.231975750075761
-0.356164701279343,-0.52276158094036,0.232098576453332
-0.35525995331774,-0.522842745414895,0.232222634088627
-0.354318059959507,-0.522919220080354,0.232341478696323
-0.35335498383064,-0.522986178288204,0.232448665991098
-0.352386687557136,-0.523038793389912,0.232537751687626
-0.351429133764994,-0.523072238736944,0.232602291500586
-0.350498285080212,-0.523081687680768,0.232635841144654
-0.349610104128787,-0.523062313572852,0.232631956334508
-0.348780553536717,-0.52300928976466,0.232584192784822
-0.34802559593,-0.522917789607659,0.232486106210275
-0.347361193934633,-0.522782986453316,0.232331252325542
-0.346803310176615,-0.522600053653099,0.232113186845302
-0.346367708570818,-0.522364307809314,0.23182546548423
-0.346058486940382,-0.522074820610693,0.231462664941119
-0.345861806674315,-0.52173469389818,0.231029359974461
-0.345762303182273,-0.521347227862915,0.230535785848381
-0.345744611873906,-0.520915722696036,0.229992242282024
-0.345793368158867,-0.520443478588681,0.229409028994534
-0.345893207446811,-0.519933795731989,0.228796445705055
-0.346028765147391,-0.519389974317101,0.228164792132732
-0.346184676670258,-0.518815314535155,0.227524367996708
-0.346345577425067,-0.518213116577289,0.226885473016128
-0.346496102821469,-0.517586680634641,0.226258406910137
-0.34662088826912,-0.516939306898353,0.225653469397878
-0.34670456917767,-0.51627429555956,0.225080960198496
-0.346731780956773,-0.515594946809404,0.224551179031135
-0.346687159016083,-0.514904560839022,0.224074425614939
-0.346555338765253,-0.514206437839554,0.223660999669053
-0.34632265586764,-0.513504034158386,0.223321198322625
-0.345992095842182,-0.512801786122336,0.223061253457633
-0.345576070696961,-0.512104509347958,0.222875105598334
-0.345087099777561,-0.51141702027515,0.222754381265319
-0.344537702429571,-0.510744135343815,0.222690706979177
-0.343940397998572,-0.510090670993849,0.222675709260499
-0.343307705830152,-0.509461443665155,0.222701014629874
-0.342652145269897,-0.50886126979763,0.222758249607892
-0.341986235663391,-0.508294965831175,0.222839040715143
-0.341322496356219,-0.507767348205689,0.222935014472218
-0.340673446693968,-0.507283233361074,0.223037797399706
-0.340051606022222,-0.506847437737227,0.223139016018196
-0.339469493686568,-0.506464777774047,0.223230296848279
-0.33893962903259,-0.506140069911437,0.223303266410545
-0.338474531405874,-0.505878130589294,0.223349551225584
-0.338086717259943,-0.505683747243764,0.223360777813985
-0.337784163677458,-0.505557415383002,0.223328780373505
-0.337561122860718,-0.505490836938161,0.223250837019141
-0.337409263129574,-0.505474636514425,0.22313006855833
-0.337320252803873,-0.505499438716978,0.222969883355685
-0.337285760203465,-0.505555868151005,0.22277368977582
-0.337297453648199,-0.505634549421689,0.222544896183348
-0.337347001457922,-0.505726107134216,0.222286910942881
-0.337426071952486,-0.50582116589377,0.222003142419035
-0.337526333451738,-0.505910350305535,0.22169699897642
-0.337639454275528,-0.505984284974695,0.221371888979653
-0.337757102743704,-0.506033594506434,0.221031220793344
-0.337870947176116,-0.506048903505938,0.220678402782108
-0.337972655892611,-0.50602083657839,0.220316843310558
-0.33805389721304,-0.505940018328975,0.219949950743307
-0.338106339457252,-0.505797073362876,0.219581133444969
-0.338121815813218,-0.505583217819039,0.219213799780156
-0.338096481217056,-0.505298196172619,0.21885114461147
-0.338031128927652,-0.504948156772212,0.218495022941068
-0.337926780486141,-0.504539403645335,0.218146771193573
-0.337784457433657,-0.504078240819508,0.217807724667903
-0.337605181311339,-0.503570972322251,0.217479218662976
-0.337389973660322,-0.503023902181081,0.217162588477709
-0.33713985602174,-0.502443334423521,0.216859169411021
-0.336855849936732,-0.501835573077087,0.216570296761829
-0.336538976946432,-0.501206922169297,0.216297305829052
-0.336190258591975,-0.500563685727675,0.216041531911608
-0.335810716414499,-0.499912167779736,0.215804310308414
-0.335401371955139,-0.499258672353001,0.215586976318388
-0.334963246755031,-0.498609503474989,0.215390865240448
-0.334497362355311,-0.497970965173219,0.215217312373512
-0.334004740297114,-0.497349361475211,0.215067653016498
-0.333486734154006,-0.496749555862327,0.214943215336691
-0.332946781213479,-0.496170443578817,0.21484427217402
-0.332389125240476,-0.495609374467737,0.214768934146124
-0.331818011750604,-0.49506369836975,0.214715046970678
-0.331237686259471,-0.494530765125515,0.214680456365359
-0.330652394282684,-0.494007924575694,0.214663008047842
-0.330066381335852,-0.493492526560946,0.214660547735804
-0.32948389293458,-0.492981920921933,0.214670921146921
-0.328909174594477,-0.492473457499315,0.214691973998868
-0.32834647183115,-0.491964486133753,0.214721552009322
-0.327800030160206,-0.491452356665908,0.214757500895957
-0.327274095097253,-0.49093441893644,0.214797666376452
-0.326772912157898,-0.49040802278601,0.21483989416848
-0.326300726857749,-0.489870518055278,0.214882029989719
-0.325861784712413,-0.489319254584906,0.214921919557845
-0.325460312724575,-0.488751639509494,0.214957408590532
-0.325097798384942,-0.488167809248164,0.21498644998094
-0.324770116296596,-0.487571766939865,0.215008541806309
-0.324472453411892,-0.486967809194436,0.215024342412782
-0.324199996683187,-0.486360232621716,0.215034538352774
-0.323947933062837,-0.485753333831541,0.215039816178704
-0.323711449503199,-0.48515140943375,0.215040862442988
-0.323485732956629,-0.484558756038182,0.215038363698046
-0.323265970375482,-0.483979670254673,0.215033006496292
-0.323047348712114,-0.483418448693064,0.215025477390144
-0.322825054918884,-0.48287938796319,0.215016462932021
-0.322594275948146,-0.482366784674891,0.215006649674339
-0.322350198752256,-0.481884935438004,0.214996724169515
-0.322088010283571,-0.481438136862367,0.214987372969968
-0.321802897494448,-0.481030685557819,0.214979282628113
-0.321490047337242,-0.480666878134198,0.214973139696368
-0.321144896861272,-0.480350164504556,0.214969630727151
-0.320766488845784,-0.480076525524492,0.214969236591544
-0.320356573589695,-0.479838053622722,0.214971586015092
-0.319916967212053,-0.479626807797196,0.214976087070793
-0.319449485831903,-0.479434847045862,0.214982147831301
-0.318955945568292,-0.47925423036667,0.21498917636927
-0.318438162540263,-0.479077016757565,0.214996580757357
-0.317897952866865,-0.478895265216496,0.215003769068217
-0.317337132667142,-0.478701034741411,0.215010149374503
-0.31675751806014,-0.478486384330259,0.215015129748872
-0.316160925164904,-0.478243372980986,0.215018118263977
-0.315549170100481,-0.477964059691543,0.215018522992474
-0.314924068985916,-0.477640503459876,0.215015752007017
-0.314287437940255,-0.477264763283933,0.215009213380263
-0.313641093082543,-0.476828898161662,0.214998315184865
-0.312986850531827,-0.476324972155292,0.214982465493478
-0.312326900891524,-0.475748734659787,0.214961091126172
-0.311664986267947,-0.475106121883219,0.214934511964762
-0.311005250509893,-0.474404815390076,0.21490431313825
-0.310351837466785,-0.473652496744845,0.214872175803601
-0.309708890988045,-0.472856847512013,0.214839781117778
-0.309080554923093,-0.472025549256067,0.214808810237742
-0.308470973121353,-0.471166283541495,0.214780944320457
-0.307884289432245,-0.470286731932783,0.214757864522887
-0.307324647705191,-0.469394575994418,0.214741252001994
-0.306796191789613,-0.468497497290888,0.214732787914741
-0.306303065534933,-0.467603177386681,0.214734153418091
-0.305849412790573,-0.466719297846281,0.214747029669008
-0.305439377405954,-0.465853540234176,0.214773097824454
-0.305077103230498,-0.465013586114856,0.214814039041392
-0.304766734113627,-0.464207117052805,0.214871534476786
-0.30451233683282,-0.463441587153602,0.214947265287597
-0.3043143067256,-0.46271930807505,0.21504237200505
-0.304167837608884,-0.462037498049332,0.21515322608034
-0.304067728521863,-0.461393157654433,0.215273716158899
-0.304008778503725,-0.460783287468338,0.215397709540218
-0.303985786593659,-0.460204888069037,0.215519073523792
-0.303993551830855,-0.459654960034514,0.215631675409112
-0.304026873254501,-0.459130503942757,0.215729382495673
-0.304080549903788,-0.458628520371751,0.215806062082967
-0.304149380817903,-0.458146009899484,0.215855581470487
-0.304228165036035,-0.45767997310394,0.215871807957726
-0.304311701597377,-0.457227410563108,0.215848608844178
-0.304394789541114,-0.456785322854975,0.215779851429335
-0.304472227906438,-0.456350710557524,0.215659403012689
-0.304538815732534,-0.455920574248744,0.215481130893735
-0.304589352058597,-0.455491914506622,0.215238902371966
-0.304618779497418,-0.455061814420258,0.214926589866011
-0.304623307183091,-0.454627827899877,0.214541791046633
-0.304599803606732,-0.454187675596435,0.214092400740921
-0.304545142928277,-0.453739078355534,0.213588078038017
-0.304456199307667,-0.453279757022782,0.213038482027065
-0.304329846904839,-0.452807432443785,0.212453271797208
-0.304162959879734,-0.452319825464149,0.211842106437589
-0.303952412392287,-0.451814656929479,0.211214645037351
-0.303695078602441,-0.451289647685383,0.210580546685638
-0.303387832670132,-0.450742518577466,0.209949470471591
-0.303027548755301,-0.450170990451335,0.209331075484354
-0.302611101017884,-0.449572784152595,0.208735020813071
-0.302135363617822,-0.448945620526852,0.208170965546884
-0.301597210715054,-0.448287220419713,0.207648568774936
-0.300993516469516,-0.447595304676785,0.207177489586371
-0.300321159655595,-0.446867617353453,0.206767387070331
-0.29958037702862,-0.44610441857509,0.206427584235289
-0.298780687307552,-0.445310705223307,0.206159805894047
-0.297933199535489,-0.44449199805973,0.205958251096153
-0.297049022755522,-0.443653817845988,0.205816797297385
-0.296139266010748,-0.442801685343709,0.205729321953521
-0.295215038344262,-0.441941121314521,0.205689702520342
-0.294287448799157,-0.441077646520053,0.205691816453625
-0.293367606418529,-0.440216781721932,0.205729541209148
-0.292466620245472,-0.439364047681787,0.20579675424269
-0.291595599323081,-0.438524965161245,0.20588733301003
-0.290765652694451,-0.437705054921936,0.205995154966947
-0.289987889402676,-0.436909837725487,0.206114097569218
-0.289273418490852,-0.436144834333526,0.206238038272623
-0.288633349002072,-0.435415565507682,0.206360854532939
-0.288078789979431,-0.434727552009582,0.206476423805945
-0.287620295963404,-0.434085783935407,0.206578623547421
-0.287255885160804,-0.433488450167306,0.20666222052157
-0.286971158951706,-0.432929031559878,0.206727056023349
-0.286751188115638,-0.432400914776926,0.20677476848659
-0.286581043432125,-0.431897486482254,0.206806998443113
-0.286445795680694,-0.431412133339666,0.20682538642474
-0.28633051564087,-0.430938242012963,0.206831572963291
-0.286220274092179,-0.43046919916595,0.206827198590588
-0.286100141814148,-0.429998391462429,0.20681390383845
-0.285955189586303,-0.429519205566203,0.206793329238701
-0.28577048818817,-0.429025028141076,0.206767115323158
-0.285531108399275,-0.42850924585085,0.206736902623645
-0.285222120999144,-0.427965245359329,0.206704331671982
-0.284828596767303,-0.427386413330315,0.20667104299999
-0.284335606483278,-0.426766136427613,0.206638677139489
-0.283728220926597,-0.426097801331576,0.2066088746223
-0.282995011790687,-0.425377326604763,0.206583269790562
-0.282144527522552,-0.424610195889757,0.206562825990133
-0.281192391312094,-0.423804151213794,0.206547243348509
-0.28015423460831,-0.422966934604113,0.206536082282629
-0.279045688860196,-0.42210628808795,0.206528903209429
-0.277882385516748,-0.421229953692542,0.206525266545848
-0.276679956026961,-0.420345673445129,0.206524732708824
-0.275454031839834,-0.419461189372947,0.206526862115295
-0.274220244404361,-0.418584243503234,0.206531215182198
-0.272994225169537,-0.417722577863227,0.206537352326471
-0.271791605584362,-0.416883934480163,0.206544833965052
-0.270628017097829,-0.416076055381281,0.206553220514879
-0.269519091158935,-0.415306682593817,0.206562072392889
-0.268480459216677,-0.414583558145009,0.206570950016021
-0.26752775272005,-0.413914424062095,0.206579413801212
-0.266676532725131,-0.413306823865512,0.206587024165399
-0.265934729302099,-0.412760487500456,0.206593365901801
-0.265295906418346,-0.412264938546944,0.206598336219479
-0.264752039166124,-0.411809012788144,0.206602048592177
-0.26429510263769,-0.411381546007224,0.206604620820322
-0.263917071925298,-0.410971373987352,0.206606170704345
-0.263609922121204,-0.4105673325117,0.206606816044671
-0.263365628317661,-0.410158257363433,0.206606674641728
-0.263176165606924,-0.409732984325722,0.206605864295946
-0.263033509081249,-0.409280349181736,0.206604502807751
-0.262929633832891,-0.408789187714642,0.206602707977571
-0.262856514954104,-0.40824833570761,0.206600597605834
-0.262806127537142,-0.407646628943808,0.206598289492969
-0.262770446674262,-0.406972903206406,0.206595901439402
-0.262741447457717,-0.406215994278571,0.206593551245562
-0.262711104979762,-0.405364737943473,0.206591356711876
-0.262671600196992,-0.404410179857639,0.206589435638601
-0.262617752503153,-0.403360975036666,0.206587879472671
-0.262546207706327,-0.402234200014239,0.206586680102033
-0.262453648154617,-0.401046983796562,0.206585805908039
-0.262336756196122,-0.39981645538984,0.206585225272039
-0.262192214178946,-0.398559743800277,0.206584906575385
-0.262016704451191,-0.397293978034079,0.206584818199427
-0.261806909360956,-0.39603628709745,0.206584928525515
-0.261559511256346,-0.394803799996595,0.206585205935002
-0.26127119248546,-0.393613645737718,0.206585618809236
-0.260938635396402,-0.392482953327025,0.20658613552957
-0.260558522337273,-0.39142885177072,0.206586724477354
-0.260127535656175,-0.390468470075007,0.206587354033938
-0.259642357701208,-0.389618937246091,0.206587992580674
-0.259099670820476,-0.388897382290178,0.206588608498912
-0.25849615737525,-0.388320912298431,0.206589170170004
-0.257830514354049,-0.387897743589101,0.206589646398354
-0.257109049711967,-0.387613599072308,0.206590022640593
-0.256339868408422,-0.387450698607833,0.206590306105063
-0.255531075402829,-0.38739126205545,0.206590505465932
-0.254690775654605,-0.387417509274941,0.20659062939737
-0.253827074123166,-0.387511660126082,0.206590686573545
-0.252948075767928,-0.387655934468651,0.206590685668628
-0.252061885548307,-0.387832552162427,0.206590635356786
-0.251176608423721,-0.388023733067187,0.20659054431219
-0.250300349353584,-0.38821169704271,0.206590421209007
-0.249441213297314,-0.388378663948774,0.206590274721407
-0.248607305214326,-0.388506853645156,0.20659011352356
-0.247806730064038,-0.388578485991635,0.206589946289634
-0.247047592805864,-0.388575780847989,0.206589781693798
-0.246337998399222,-0.388480958073997,0.206589628410221
-0.245685868887832,-0.388277056736833,0.206589495113072
-0.245091926433404,-0.387963227919089,0.206589389558603
-0.244547488460012,-0.387553349954473,0.206589312188639
-0.244043238615771,-0.3870618427299,0.20658925994695
-0.243569860548799,-0.38650312613229,0.206589229755508
-0.243118037907211,-0.385891620048559,0.206589218536286
-0.242678454339123,-0.385241744365624,0.206589223211257
-0.242241793492651,-0.384567918970403,0.206589240702395
-0.24179873901591,-0.383884563749813,0.206589267931671
-0.241339974557018,-0.383206098590772,0.206589301821061
-0.240856183764089,-0.382546943380196,0.206589339292535
-0.24033805028524,-0.381921518005005,0.206589377268068
-0.239776257768588,-0.381344242352115,0.206589412669632
-0.239161489862247,-0.380829536308443,0.2065894424192
-0.238484430214333,-0.380391819760907,0.206589463438746
-0.237735762472964,-0.380045512596424,0.206589472650243
-0.236907630164757,-0.379801487694606,0.206589466979878
-0.236003809847087,-0.379652193464427,0.206589445064286
-0.235033641469986,-0.379584114646756,0.206589409867474
-0.234006499647691,-0.379583732945989,0.206589365027381
-0.23293175899444,-0.379637530066523,0.206589314181945
-0.231818794124468,-0.379731987712753,0.206589260969105
-0.230676979652014,-0.379853587589075,0.206589209026802
-0.229515690191314,-0.379988811399886,0.206589161992972
-0.228344300356605,-0.380124140849581,0.206589123505556
-0.227172184762124,-0.380246057642556,0.206589097202492
-0.226008718022108,-0.380341043483209,0.206589086721719
-0.224863274750794,-0.380395580075934,0.206589095701175
-0.22374522956242,-0.380396149125127,0.206589127778801
-0.222663957071222,-0.380329232335186,0.206589186592534
-0.221628831891437,-0.380181311410505,0.206589275780314
-0.220649221621551,-0.379938979369181,0.206589398980079
-0.219731647620646,-0.379598016625081,0.20658955944531
-0.218875430341301,-0.379170111586777,0.20658975286802
-0.218078768790293,-0.378668536437926,0.206589968028634
-0.217339861974404,-0.37810656336218,0.206590193453425
-0.216656908900413,-0.377497464543195,0.206590417668663
-0.216028108575099,-0.376854512164625,0.206590629200619
-0.215451660005243,-0.376190978410125,0.206590816575567
-0.214925762197623,-0.37552013546335,0.206590968319775
-0.21444861415902,-0.374855255507953,0.206591072959517
-0.214018414896215,-0.374209610727591,0.206591119021063
-0.213633363415985,-0.373596473305917,0.206591095030685
-0.213291658725111,-0.373029115426586,0.206590989514654
-0.212991499830373,-0.372520809273252,0.206590790999242
-0.21273108573855,-0.37208482702957,0.20659048801072
-0.212508615456422,-0.371734440879195,0.206590069075359
-0.212322278586477,-0.37148159077444,0.206589522719432
-0.212170079769354,-0.371322969063052,0.206588844290812
-0.212049854580591,-0.371245543510451,0.20658806457131
-0.211959432378833,-0.371236124789468,0.206587225812063
-0.211896642522723,-0.371281523572929,0.206586370270046
-0.211859314370905,-0.371368550533665,0.206585540202234
-0.211845277282024,-0.371484016344506,0.206584777865604
-0.211852360614723,-0.371614731678281,0.206584125517129
-0.211878393727647,-0.371747507207817,0.206583625413787
-0.21192120597944,-0.371869153605946,0.206583319812552
-0.211978626728745,-0.371966481545496,0.2065832509704
-0.212048485334208,-0.372026301699297,0.206583461144307
-0.212128611154471,-0.372035424740178,0.206583992591247
-0.212216833548179,-0.371980661340967,0.206584887568197
-0.212310981873976,-0.371848822174494,0.206586188332132
-0.212408885490506,-0.371626718455447,0.206587937140027
-0.212507468330391,-0.371306229582325,0.206590175418648
-0.212598951207894,-0.370896700213946,0.206592876072504
-0.212674032622882,-0.370411234363493,0.206595893359675
-0.212723410300116,-0.369862936044153,0.206599069725986
-0.212737781964357,-0.369264909269108,0.206602247617266
-0.212707845340366,-0.368630258051544,0.206605269479339
-0.212624298152905,-0.367972086404646,0.206607977758033
-0.212477838126733,-0.367303498341598,0.206610214899175
-0.212259162986614,-0.366637597875584,0.206611823348592
-0.211958970457307,-0.36598748901979,0.206612645552108
-0.211567958263575,-0.3653662757874,0.206612523955552
-0.211076824130178,-0.364787062191598,0.20661130100475
-0.210476265781878,-0.364262952245568,0.206608819145529
-0.209756980943435,-0.363807049962497,0.206604920823715
-0.208909667339611,-0.363432459355568,0.206599448485134
-0.20792514275801,-0.363151943768357,0.206592244575614
-0.206804134501968,-0.362967017601673,0.206583189074626
-0.20556452822172,-0.362865641831675,0.206572591540328
-0.204225917825696,-0.362834970844643,0.206561035506587
-0.202807897222324,-0.36286215902685,0.206549108933121
-0.201330060320032,-0.362934360764574,0.206537399779646
-0.199812001027249,-0.363038730444089,0.206526496005883
-0.198273313252402,-0.363162422451675,0.206516985571549
-0.19673359090392,-0.363292591173604,0.206509456436361
-0.195212427890232,-0.363416390996154,0.206504496560039
-0.193729418119766,-0.363520976305602,0.206502693902299
-0.192304155500949,-0.363593501488222,0.20650463642286
-0.190956233942212,-0.363621120930292,0.206510912081441
-0.189705247351981,-0.363590989018087,0.206522108837758
-0.188570789638686,-0.363490260137884,0.206538814651531
-0.187572454710755,-0.363306088675958,0.206561617482477
-0.18672802880115,-0.363027800442155,0.206591105232977
-0.186034609002881,-0.362660387996182,0.206627329512727
-0.18547609733665,-0.362215719256099,0.206668493835198
-0.185036182667668,-0.361705691551774,0.206712403915693
-0.184698553861149,-0.361142202213073,0.206756865469511
-0.184446899782305,-0.360537148569865,0.206799684211955
-0.184264909296349,-0.359902427952016,0.206838665858325
-0.184136271268495,-0.359249937689393,0.206871616123922
-0.184044674563955,-0.358591575111864,0.206896340724048
-0.183973808047943,-0.357939237549295,0.206910645374004
-0.18390736058567,-0.357304822331553,0.20691233578909
-0.183829021042349,-0.356700226788506,0.206899217684609
-0.183722478283195,-0.356137348250022,0.206869096775861
-0.183571421173419,-0.355628084045965,0.206819778778147
-0.183359538578235,-0.355184331506205,0.206749069406769
-0.183070519960189,-0.354817966107305,0.206654774377028
-0.182693641870044,-0.354535312652845,0.206534749135952
-0.182237434294038,-0.354329827369026,0.206388491276933
-0.181714571473086,-0.354193147661947,0.206217476953253
-0.181137727648105,-0.354116910937707,0.206023300066029
-0.180519577060009,-0.354092754602406,0.205807554516375
-0.179872793949713,-0.354112316062143,0.20557183420541
-0.179210052558133,-0.354167232723017,0.20531773303425
-0.178544027126186,-0.354249141991126,0.20504684490401
-0.177887391894785,-0.354349681272572,0.204760763715808
-0.177252821104847,-0.354460487973452,0.204461083370759
-0.176652988997287,-0.354573199499866,0.20414939776998
-0.17610056981302,-0.354679453257913,0.203827300814587
-0.175608237792962,-0.354770886653692,0.203496386405697
-0.175188667178029,-0.354839137093302,0.203158248444426
-0.174854532209135,-0.354875841982843,0.20281448083189
-0.174618149067974,-0.354872943560157,0.202466677469206
-0.174480010786722,-0.354827638558487,0.202116504225131
-0.174426365132973,-0.354741555413977,0.201766146212587
-0.174442612111736,-0.354616461338483,0.201418016414971
-0.174514151728019,-0.354454123543857,0.201074528790478
-0.17462638398683,-0.354256309241952,0.200738097297301
-0.174764708893177,-0.354024785644621,0.200411135893636
-0.174914526452069,-0.353761319963718,0.200096058537676
-0.175061236668513,-0.353467679411095,0.199795279187616
-0.175190239547518,-0.353145631198607,0.19951121180165
-0.175286935094091,-0.352796942538107,0.199246270337973
-0.175336723313241,-0.352423380641447,0.199002868754779
-0.175325004209976,-0.352026712720481,0.198783421010261
-0.175237177789304,-0.351608705987062,0.198590341062615
-0.175058644056234,-0.351171127653042,0.198426042870034
-0.174774803015772,-0.350715744930278,0.198292940390714
-0.174373454832411,-0.350244258638243,0.198193439958525
-0.173859716742616,-0.349758055393648,0.198128011352406
-0.173246305585613,-0.349258428956804,0.198092634678224
-0.172545970710651,-0.348746673074199,0.198082655480046
-0.171771461466977,-0.348224081492319,0.19809341930194
-0.170935527203838,-0.347691947957655,0.198120271687972
-0.170050917270482,-0.347151566216693,0.198158558182211
-0.169130381016156,-0.34660423001592,0.198203624328724
-0.168186667790107,-0.346051233101824,0.198250815671577
-0.167232526941583,-0.345493869220894,0.198295477754838
-0.166280707819831,-0.344933432119617,0.198332956122575
-0.165343959774098,-0.34437121554448,0.198358596318855
-0.164435032153633,-0.343808513241972,0.198367743887744
-0.16356667430768,-0.34324661895858,0.198355744373311
-0.16275163558549,-0.342686826440793,0.198317943319624
-0.162002647894199,-0.342130420229656,0.198249686270747
-0.161328012897799,-0.341578088630587,0.198146549513411
-0.160725761266681,-0.341029569610723,0.198008086729349
-0.160192471988651,-0.340484516250222,0.197837206181778
-0.159724724051517,-0.339942581629239,0.197636921180313
-0.159319096443085,-0.339403418827932,0.19741024503457
-0.158972168151163,-0.338866680926457,0.197160191054161
-0.158680518163558,-0.338332021004971,0.196889772548703
-0.158440725468077,-0.337799092143632,0.196602002827808
-0.158249369052527,-0.337267547422593,0.196299895201093
-0.158103027904716,-0.336737039922013,0.195986462978172
-0.157998281012451,-0.33620722272205,0.195664719468659
-0.157931707363539,-0.335677748902857,0.195337677982169
-0.157899885945787,-0.335148271544594,0.195008351828316
-0.157899395747003,-0.334618443727417,0.194679754316715
-0.157926815754992,-0.334087918531482,0.194354898756981
-0.157978657563292,-0.33355637442727,0.194036798458728
-0.158050271065912,-0.333023750417507,0.193727931513188
-0.158136026365892,-0.332490138485533,0.193428243083828
-0.158230262884795,-0.331955632564231,0.193136929777517
-0.158327320044182,-0.331420326586489,0.192853188089689
-0.158421537265618,-0.330884314485191,0.192576214515781
-0.158507253970666,-0.330347690193223,0.192305205551227
-0.158578809580887,-0.329810547643472,0.192039357691462
-0.158630543517846,-0.329272980768822,0.191777867431922
-0.158656795203105,-0.328735083502159,0.191519931268043
-0.158651904058228,-0.328196949776369,0.191264745695259
-0.158610209504776,-0.327658673524337,0.191011507209006
-0.158526050964314,-0.327120348678948,0.190759412304719
-0.158393767858404,-0.32658206917309,0.190507657477833
-0.158207699608609,-0.326043928939646,0.190255439223784
-0.157962185636491,-0.325506021900798,0.190001954038007
-0.157653239397112,-0.324968416209237,0.189746404050369
-0.157284796730215,-0.324431098952896,0.189488356332525
-0.156863134779327,-0.323894041320074,0.189227959635795
-0.156394531036503,-0.323357214499073,0.188965414668824
-0.155885262993803,-0.322820589678195,0.188700922140257
-0.155341608143284,-0.322284138045738,0.188434682758738
-0.154769843977005,-0.321747830790005,0.18816689723291
-0.154176247987024,-0.321211639099298,0.187897766271419
-0.153567097665398,-0.320675534161915,0.187627490582908
-0.152948670504187,-0.320139487166158,0.187356270876021
-0.152327243995449,-0.319603469300329,0.187084307859404
-0.151709095631239,-0.319067451752728,0.186811802241701
-0.15110050290362,-0.318531405711656,0.186538954731555
-0.150507743304646,-0.317995302365413,0.18626596603761
-0.149937094326377,-0.317459112902301,0.185993036868512
-0.149394800126877,-0.316922809320772,0.185720367932904
-0.148884945824053,-0.316386386347841,0.185448148418471
-0.148408175247853,-0.31584986397775,0.18517644929537
-0.147964824842364,-0.315313263524412,0.184905272118202
-0.147555231051673,-0.314776606301735,0.184634617556954
-0.147179730319869,-0.314239913623632,0.184364486281616
-0.146838659091037,-0.313703206804012,0.184094878962173
-0.146532353809266,-0.313166507156788,0.183825796268615
-0.146261150918643,-0.312629835995869,0.183557238870928
-0.146025386863255,-0.312093214635168,0.1832892074391
-0.145825398087188,-0.311556664388593,0.183021702643119
-0.145661521034532,-0.311020206570056,0.182754725152972
-0.145534092149373,-0.31048386249347,0.182488275638647
-0.145443447875798,-0.309947653472742,0.182222354770132
-0.145389924657895,-0.309411600821785,0.181956963217415
-0.14537385893975,-0.30887572585451,0.181692101650482
-0.145395128736432,-0.30834004225081,0.181427770721525
-0.145448908084499,-0.307804513721299,0.181163928241859
-0.145527608915133,-0.30726908387685,0.18090039725547
-0.145623607959927,-0.30673369627352,0.180636974373765
-0.145729281950474,-0.306198294467365,0.180373456208148
-0.145837007618365,-0.30566282201444,0.180109639370025
-0.145939161695194,-0.305127222470801,0.1798453204708
-0.146028120912554,-0.304591439392504,0.179580296121879
-0.146096262002036,-0.304055416335604,0.179314362934668
-0.146135961695234,-0.303519096856158,0.17904731752057
-0.14613959672374,-0.30298242451022,0.178778956490992
-0.146099543819147,-0.302445342853848,0.178509076457339
-0.146008179713047,-0.301907795443096,0.178237474031016
-0.145857881137033,-0.301369725834021,0.177963945823428
-0.145641024822699,-0.300831077582678,0.177688288445981
-0.145349989071011,-0.300291794690204,0.177410298510078
-0.144980929928649,-0.299751897780611,0.177129789052549
-0.144541887343181,-0.29921157045086,0.176847033921089
-0.144043232110264,-0.298671017162817,0.176562819244442
-0.14349533502556,-0.298130442378349,0.176277957906997
-0.142908566884727,-0.297590050559321,0.175993262793146
-0.142293298483425,-0.297050046167599,0.175709546787282
-0.141659900617312,-0.29651063366505,0.175427622773795
-0.141018744082049,-0.295972017513539,0.175148303637077
-0.140380199673294,-0.295434402174932,0.17487240226152
-0.139754638186707,-0.294897992111096,0.174600731531515
-0.139152430417947,-0.294362991783897,0.174334104331454
-0.138583947162674,-0.2938296056552,0.174073333545728
-0.138059559216546,-0.293298038186871,0.173819232058728
-0.137589637375223,-0.292768493840777,0.173572612754848
-0.137184552434366,-0.292241177078784,0.173334288518476
-0.136854386697091,-0.291716258288125,0.173105072234006
-0.136601128884455,-0.29119338976439,0.172885397721907
-0.136417770124498,-0.290671820721432,0.172673217599297
-0.136296831614834,-0.290150789755732,0.172465486439157
-0.136230834553077,-0.289629535463769,0.172259156092518
-0.136212300136842,-0.289107296442024,0.172051178410406
-0.136233749563741,-0.288583311286976,0.171838505243851
-0.136287704031388,-0.288056818595106,0.171618088443881
-0.136366684737398,-0.287527056962893,0.171386879861526
-0.136463212879384,-0.286993264986819,0.171141831347813
-0.136569809654959,-0.286454681263363,0.170879894753772
-0.136678996261739,-0.285910544389006,0.170598021930432
-0.136783293897336,-0.285360092960226,0.17029316472882
-0.136875223759365,-0.284802565573505,0.169962274999966
-0.136947307045438,-0.284237200825323,0.169602304594899
-0.136992064953172,-0.283663237312159,0.169210205364647
-0.13700272922326,-0.283080469819482,0.168782942521863
-0.136977182531982,-0.282491092579822,0.168319781553815
-0.136915178357127,-0.281897946735798,0.167824880514378
-0.136816475278698,-0.281303873439623,0.167303023837082
-0.136680831876698,-0.280711713843511,0.166758995955461
-0.136508006731128,-0.280124309099675,0.166197581303049
-0.136297758421992,-0.27954450036033,0.165623564313376
-0.136049845529292,-0.278975128777687,0.165041729419977
-0.135764026633031,-0.278419035503961,0.164456861056384
-0.135440060313211,-0.277879061691366,0.163873743656129
-0.135077705149835,-0.277358048492114,0.163297161652745
-0.134676719722906,-0.276858837058419,0.162731899479766
-0.134236862612426,-0.276384268542495,0.162182741570723
-0.133757892398397,-0.275937184096555,0.16165447235915
-0.133239567660822,-0.275520424872813,0.161151876278578
-0.13268166179701,-0.275136781530512,0.160679737762542
-0.132086499082057,-0.274786415258616,0.160242570180748
-0.131461829377812,-0.274465626355112,0.159840765481927
-0.130816097166653,-0.274170406892628,0.159471509098082
-0.130157746930955,-0.273896748943791,0.159131901999976
-0.129495223153093,-0.273640644581227,0.15881904515837
-0.128836970315444,-0.273398085877564,0.158530039544028
-0.128191432900384,-0.273165064905427,0.158261986127711
-0.127567055390287,-0.272937573737444,0.158011985880183
-0.126972282267531,-0.272711604446242,0.157777139772205
-0.12641555801449,-0.272483149104448,0.157554548774539
-0.125905327113541,-0.272248199784688,0.157341313857947
-0.12545003404706,-0.272002748559589,0.157134535993194
-0.125058123297421,-0.271742787501779,0.15693131615104
-0.124738039347002,-0.271464308683884,0.156728755302247
-0.124498226678178,-0.271163304178531,0.156523954417579
-0.124346346753403,-0.270836028599762,0.156314014467798
-0.124278155519021,-0.270481160086203,0.156096517407333
-0.124280146281927,-0.270098685853553,0.155871120195467
-0.124338568366499,-0.269688605903168,0.155638039229359
-0.124439671097114,-0.269250920236406,0.155397490914466
-0.124569703798147,-0.268785628854624,0.155149691656245
-0.124714915793977,-0.268292731759179,0.154894857860154
-0.124861556408981,-0.267772228951427,0.154633205931649
-0.124995874967535,-0.267224120432728,0.154364952276186
-0.125104120794016,-0.266648406204437,0.154090313299225
-0.125172543212802,-0.266045086267911,0.153809505406221
-0.125187391548268,-0.265414160624509,0.15352274500263
-0.125134915124793,-0.264755629275586,0.153230248493912
-0.125001363266753,-0.264069492222501,0.152932232285522
-0.124772985298525,-0.263355749466611,0.152628912782917
-0.124436030544486,-0.262614401931478,0.152320506391554
-0.123980968121833,-0.261846363746339,0.152007242912243
-0.123416471696398,-0.261055174061412,0.151690049721657
-0.122756123025698,-0.260244840798642,0.151370878457667
-0.122013503940045,-0.259419371879972,0.151051762527683
-0.121202196269751,-0.258582775227348,0.150734735339113
-0.120335781845127,-0.257739058762713,0.150421830299368
-0.119427842496484,-0.256892230408012,0.150115080815858
-0.118491960054135,-0.256046298085189,0.149816520295991
-0.117541716348392,-0.25520526971619,0.149528182147178
-0.116590693209565,-0.254373153222957,0.149252099776828
-0.115652472467967,-0.253553956527436,0.14899030659235
-0.114740635953908,-0.25275168755157,0.148744836001155
-0.113868765497702,-0.251970354217305,0.148517721410651
-0.113050442929658,-0.251213964446584,0.148310996228249
-0.11229925008009,-0.250486526161353,0.148126693861357
-0.111628612620157,-0.249791912825971,0.147966847717386
-0.111043824082212,-0.249130758200323,0.147833243058094
-0.110538237456206,-0.248500372400159,0.147725374508227
-0.110104252486318,-0.247897914292264,0.147641499395242
-0.109734268916731,-0.247320542743427,0.147579862962005
-0.109420686491625,-0.246765416620433,0.14753871045138
-0.109155904955182,-0.246229694790071,0.147516287106234
-0.108932324051582,-0.245710536119127,0.147510838169433
-0.108742343525008,-0.245205099474388,0.147520608883841
-0.10857836311964,-0.244710543722642,0.147543844492325
-0.108432782579658,-0.244224027730677,0.14757879023775
-0.108298001649246,-0.243742710365278,0.147623691362982
-0.108166420072582,-0.243263750493234,0.147676793110886
-0.10803043759385,-0.242784306981331,0.147736340724328
-0.10788245395723,-0.242301538696357,0.147800579446174
-0.107714868906903,-0.241812604505098,0.147867754519289
-0.107520817741404,-0.241315057339891,0.147936111219926
-0.107300225674889,-0.240808794038923,0.148003927885476
-0.107056685523204,-0.240294574586605,0.148069577887981
-0.106793825923391,-0.239773160315885,0.14813145157061
-0.106515275512492,-0.23924531255971,0.148187939276528
-0.106224662927548,-0.238711792651023,0.148237431348904
-0.105925616805602,-0.238173361922773,0.148278318130903
-0.105621765783694,-0.237630781707904,0.148308989965692
-0.105316738498868,-0.237084813339362,0.14832783719644
-0.105014163588164,-0.236536218150095,0.148333250166313
-0.104717669688625,-0.235985757473047,0.148323619218478
-0.104430885437291,-0.235434192641165,0.148297334696102
-0.104157439471206,-0.234882284987395,0.148252786942352
-0.103900960427411,-0.234330795844683,0.148188366300394
-0.103665076942947,-0.233780486545974,0.148102463113397
-0.103453415228972,-0.23323211597306,0.147993467724528
-0.103267199287637,-0.2326861401037,0.147859833450325
-0.103100747941647,-0.23214242320396,0.147701530926874
-0.102947146898654,-0.231600761075266,0.147520087423044
-0.102799481866311,-0.231060949519049,0.147317101045341
-0.102650838552267,-0.230522784336737,0.14709416990027
-0.102494302664176,-0.229986061329757,0.146852892094337
-0.102322959909689,-0.229450576299541,0.146594865734045
-0.102129895996457,-0.228916125047516,0.146321688925902
-0.101908196632132,-0.22838250337511,0.146034959776413
-0.101650947524366,-0.227849507083754,0.145736276392082
-0.101351234380811,-0.227316931974874,0.145427236879415
-0.101002142909117,-0.226784573849901,0.145109439344918
-0.100596758816938,-0.226252228510262,0.144784481895095
-0.100128167811923,-0.225719691757388,0.144453962636452
-0.0995894556017263,-0.225186759392706,0.144119479675495
-0.0989740563985899,-0.224653237871293,0.143782631118728
-0.0982838015006722,-0.224119077328695,0.143445038525632
-0.0975291368577464,-0.223584330975551,0.143108462954215
-0.0967209004462424,-0.2230490542732,0.142774716832991
-0.0958699302425896,-0.222513302682981,0.142445612670733
-0.0949870642232176,-0.221977131666233,0.142122962976213
-0.0940831403645561,-0.221440596684295,0.141808580258204
-0.0931689966430353,-0.220903753198506,0.141504277025478
-0.092255471035084,-0.220366656670205,0.141211865786809
-0.0913534015171329,-0.219829362560731,0.140933159050968
-0.0904736260656112,-0.219291926331423,0.140669969326728
-0.0896269826569478,-0.21875440344362,0.140424109122862
-0.0888243092675736,-0.21821684935866,0.140197390948143
-0.0880764438739177,-0.217679319537883,0.139991627311342
-0.0873942244524097,-0.217141869442628,0.139808630721233
-0.0867884889794792,-0.216604554534231,0.139650213686587
-0.0862677898323121,-0.216067417884343,0.139518178395581
-0.0858270846208038,-0.215530453828132,0.139413051658364
-0.0854563246649784,-0.214993644718813,0.139332868881784
-0.0851454534633103,-0.2144569729096,0.139275377202206
-0.0848844145142717,-0.213920420753711,0.139238323755995
-0.0846631513163372,-0.21338397060436,0.139219455679518
-0.0844716073679797,-0.212847604814762,0.139216520109139
-0.0842997261676719,-0.212311305738134,0.139227264181223
-0.0841374512138882,-0.211775055727689,0.139249435032136
-0.0839747260051014,-0.211238837136644,0.139280779798243
-0.0838014940397851,-0.210702632318214,0.139319045615909
-0.0836076988164125,-0.210166423625614,0.139361979621501
-0.0833832838334576,-0.20963019341206,0.139407328951382
-0.0831181925893929,-0.209093924030767,0.139452840741918
-0.0828023685826926,-0.20855759783495,0.139496262129476
-0.0824258052185769,-0.208021197488129,0.139535340250418
-0.081984663177493,-0.207484718905854,0.139567939442429
-0.0814871506815504,-0.206948175939815,0.139593504679062
-0.0809428699265429,-0.206411583715811,0.139612614868075
-0.0803614231082648,-0.205874957359642,0.13962587367727
-0.0797524124225097,-0.205338311997108,0.139633884774454
-0.0791254400650718,-0.204801662754008,0.139637251827432
-0.0784901082317446,-0.204265024756141,0.13963657850401
-0.0778560191183231,-0.203728413129308,0.139632468471993
-0.0772327749205999,-0.203191842999308,0.139625525399186
-0.0766299778343702,-0.20265532949194,0.139616352953393
-0.0760572300554272,-0.202118887733004,0.139605554802422
-0.0755241337795649,-0.201582532848299,0.139593734614075
-0.0750402912025774,-0.201046279963626,0.13958149605616
-0.0746153045202593,-0.200510144204784,0.139569442796482
-0.0742587759284037,-0.199974140697572,0.139558178502844
-0.0739795621771524,-0.19943828027069,0.139548306843032
-0.0737764665618244,-0.198902537962837,0.139540301759153
-0.0736410801181349,-0.198366871045806,0.139534126900132
-0.0735648363983166,-0.197831236663185,0.139529620458385
-0.0735391689546037,-0.197295591958559,0.139526620626323
-0.0735555113392299,-0.196759894075515,0.139524965596362
-0.0736052971044285,-0.196224100157639,0.139524493560913
-0.0736799598024329,-0.195688167348517,0.139525042712392
-0.0737709329854774,-0.195152052791735,0.139526451243211
-0.0738696502057947,-0.19461571363088,0.139528557345784
-0.073967545015619,-0.194079107009539,0.139531199212525
-0.0740560509671835,-0.193542190071297,0.139534215035848
-0.0741266016127218,-0.193004919959741,0.139537443008166
-0.0741706305044676,-0.192467253818457,0.139540721321893
-0.0741795711946545,-0.191929148791031,0.139543888169442
-0.0741448572357144,-0.19139056211632,0.139546781743228
-0.0740590828734531,-0.190851500102655,0.139549242180188
-0.0739194080953656,-0.19031209809278,0.139551192661413
-0.0737241153848791,-0.189772512386551,0.139552668765204
-0.0734714872254219,-0.189232899283824,0.139553714054102
-0.0731598061004219,-0.188693415084453,0.139554372090645
-0.0727873544933073,-0.188154216088294,0.139554686437375
-0.0723524148875054,-0.187615458595201,0.139554700656832
-0.0718532697664451,-0.18707729890503,0.139554458311555
-0.0712882016135541,-0.186539893317636,0.139554002964085
-0.07065549291226,-0.186003398132874,0.139553378176963
-0.0699534261459911,-0.185467969650599,0.139552627512727
-0.0691802837981752,-0.184933764170667,0.13955179453392
-0.0683343483522407,-0.184400937992932,0.139550922803079
-0.0674139022916147,-0.183869647417249,0.139550055882747
-0.0664172280997266,-0.183340048743474,0.139549237335463
-0.0653427706810843,-0.182812280865599,0.139548510723767
-0.0641959114014885,-0.182286119153031,0.139547915459624
-0.0629914198722947,-0.18176099479593,0.139547456385378
-0.0617447326075575,-0.181236325451289,0.13954712118229
-0.0604712861213312,-0.180711528776103,0.139546897407785
-0.0591865169276702,-0.180186022427363,0.13954677261929
-0.0579058615406292,-0.179659224062063,0.13954673437423
-0.0566447564742618,-0.179130551337197,0.139546770230031
-0.0554186382426236,-0.178599421909757,0.139546867744118
-0.0542429433597687,-0.178065253436737,0.139547014473917
-0.0531331083397513,-0.177527463575129,0.139547197976854
-0.0521045696966262,-0.176985469981927,0.139547405810353
-0.0511727639444475,-0.176438690314123,0.139547625531842
-0.0503531275972702,-0.175886542228712,0.139547844698745
-0.0496610971691485,-0.175328443382685,0.139548050868488
-0.0491121091741367,-0.174763811433037,0.139548231598497
-0.0487189400439181,-0.174192398602467,0.139548374455119
-0.0484722107209339,-0.173615767781344,0.139548471599896
-0.0483515436987925,-0.173036091579916,0.139548527278023
-0.048336482105612,-0.172455543070356,0.139548547697255
-0.0484065690695135,-0.171876295324836,0.13954853906535
-0.0485413477186161,-0.171300521415528,0.139548507590066
-0.0487203611810392,-0.170730394414605,0.139548459479159
-0.0489231525849037,-0.170168087394239,0.139548400940387
-0.0491292650583286,-0.169615773426603,0.139548338181507
-0.0493182417294338,-0.169075625583869,0.139548277410277
-0.049469625726339,-0.16854981693821,0.139548224834454
-0.0495629601771639,-0.168040520561797,0.139548186661794
-0.0495777882100283,-0.167549909526804,0.139548169100056
-0.0494936529530528,-0.167080156905402,0.139548178356996
-0.0492900975343553,-0.166633435769765,0.139548220640373
-0.0489466845423954,-0.166211905893938,0.139548302157942
-0.0484529998022734,-0.165816495357257,0.139548428679249
-0.0478249865119584,-0.165445920190884,0.139548596821673
-0.0470828686991904,-0.165098665727098,0.139548794537474
-0.0462468703917092,-0.164773217298176,0.139549009438196
-0.0453372156172551,-0.164468060236397,0.139549229135385
-0.0443741284035673,-0.16418167987404,0.139549441240586
-0.043377832778386,-0.163912561543382,0.139549633365345
-0.042368552769452,-0.163659190576701,0.139549793121207
-0.0413665124045042,-0.163420052306276,0.139549908119716
-0.0403919357112827,-0.163193632064385,0.139549965972419
-0.0394650467175279,-0.162978415183306,0.13954995429086
-0.0386060694509791,-0.162772886995318,0.139549860686584
-0.0378352279393765,-0.162575532832698,0.139549672771137
-0.0371727462104605,-0.162384838027724,0.139549378156065
-0.0366388482919699,-0.162199287912676,0.139548964452912
-0.0362527899023319,-0.162017311208777,0.139548419273223
-0.0360136034460357,-0.161836656141112,0.139547736995894
-0.0359011742183446,-0.161654621032753,0.139546948624677
-0.0358946346479456,-0.161468496204453,0.139546097496289
-0.0359731171635249,-0.161275571976966,0.139545226956792
-0.0361157541937687,-0.161073138671046,0.139544380352249
-0.0363016781673626,-0.160858486607447,0.139543601028721
-0.0365100215129937,-0.160628906106923,0.139542932332269
-0.0367199166593473,-0.160381687490227,0.139542417608956
-0.0369104960351099,-0.160114121078114,0.139542100204843
-0.0370608920689679,-0.159823497191338,0.139542023465991
-0.0371502371896069,-0.159507106150651,0.139542230738464
-0.0371576638257136,-0.159162238276809,0.139542765368322
-0.0370623044059737,-0.158786183890565,0.139543670701627
-0.0368432913590739,-0.158376233312673,0.139544990084441
-0.0364797571137003,-0.157929676931627,0.139546766862825
-0.0359554416531067,-0.157445375691054,0.139549043645977
-0.035279021019117,-0.15692782474462,0.139551794793493
-0.0344675681620241,-0.15638278219907,0.139554872092867
-0.0335381623936171,-0.155816006161149,0.139558114548307
-0.0325078830256846,-0.155233254737603,0.139561361164022
-0.0313938093700157,-0.154640286035178,0.139564450944217
-0.0302130207383993,-0.154042858160618,0.139567222893102
-0.0289825964426238,-0.15344672922067,0.139569516014884
-0.0277196157944786,-0.152857657322078,0.139571169313771
-0.0264411581057522,-0.152281400571588,0.139572021793971
-0.0251643026882333,-0.151723717075945,0.139571912459691
-0.0239061288537117,-0.151190364941895,0.13957068031514
-0.0226837159139746,-0.150687102276183,0.139568164364525
-0.0215141431808121,-0.150219687185554,0.139564203612054
-0.0204144899660132,-0.149793877776754,0.139558637061934
-0.0194017455843531,-0.149415278395819,0.139551303718374
-0.0184845636762401,-0.149084019320163,0.139542078666271
-0.0176566275220909,-0.148793398053737,0.139531270700358
-0.0169100591138296,-0.148536282404726,0.139519475357513
-0.0162369804433804,-0.148305540181317,0.139507293274847
-0.0156295135026672,-0.148094039191697,0.139495325089464
-0.0150797802836142,-0.147894647244052,0.139484171438473
-0.0145799027781457,-0.147700232146568,0.139474432958981
-0.0141220029781854,-0.147503661707433,0.139466710288094
-0.0136982028756576,-0.147297803734831,0.13946160406292
-0.0133006244624863,-0.147075526036951,0.139459714920565
-0.0129213897305958,-0.146829696421978,0.139461643498138
-0.0125526206719102,-0.146553182698099,0.139467990432745
-0.0121864392783528,-0.1462388526735,0.139479356361492
-0.0118149675418484,-0.145879574156369,0.139496341921488
-0.0114303274543213,-0.14546821495489,0.13951954774984
-0.0110250730558994,-0.144999037321544,0.139549574460917
-0.0105969518448252,-0.144476809078991,0.139586495516456
-0.0101471449130464,-0.143911085994351,0.139628493270647
-0.00967689442515463,-0.143311448172212,0.139673326170855
-0.00918744254574322,-0.142687475717159,0.139718752664442
-0.00868003143940554,-0.142048748733781,0.139762531198773
-0.00815590327073412,-0.141404847326664,0.139802420221212
-0.00761630020432191,-0.140765351600394,0.139836178179122
-0.00706246440476233,-0.140139841659559,0.139861563519867
-0.00649563803664788,-0.139537897608745,0.139876334690811
-0.00591706326457175,-0.138969099552539,0.139878250139317
-0.00532798225312625,-0.138443027595528,0.13986506831275
-0.00472963716690522,-0.137969261842298,0.139834547658473
-0.00412327017050118,-0.137557382397437,0.13978444662385
-0.00351012342850709,-0.137216969365532,0.139712523656244
-0.00289143911885326,-0.136957584782227,0.13961653720302
-0.00226876863915648,-0.136783220536972,0.139494293566493
-0.00164477268184804,-0.136684453087948,0.139345302743564
-0.00102236059663219,-0.136649880042506,0.139171201295481
-0.00040444173321319,-0.136668099007994,0.138973759517721
0.00020607455870536,-0.136727707591762,0.138754747705761
0.00080627892941898,-0.136817303401158,0.138515936155078
0.00139326202922319,-0.136925484043532,0.138259095161148
0.00196411450841461,-0.137040847126233,0.137985995019449
0.00251592701728831,-0.13715199025661,0.137698406025457
0.00304579020614071,-0.137247511042012,0.137398098474649
0.00355079472526754,-0.137316007089788,0.137086842662502
0.0040280312249652,-0.137346076007286,0.136766408884493
0.00447459035552877,-0.137326315401858,0.136438567436099
0.00488756276725444,-0.137245322880851,0.136105088612796
0.00526403911043838,-0.137091696051614,0.135767742710061
0.00560121970078487,-0.136854621749474,0.135428300023372
0.00590020907619171,-0.136534038615623,0.135088529626103
0.00616698505394875,-0.13613927895779,0.134750191384465
0.00640783191950289,-0.135679991130147,0.134415040968478
0.00662903395830372,-0.135165823486867,0.134084834026831
0.0068368754557997,-0.134606424382125,0.133761326208215
0.00703764069743884,-0.134011442170092,0.133446273161319
0.00723761396867007,-0.133390525204942,0.133141430534832
0.00744307955494161,-0.132753321840848,0.132848553977446
0.00766032174170173,-0.132109480431983,0.132569399137848
0.00789562481439954,-0.13146864933252,0.13230572166473
0.00815527305848263,-0.130840476896632,0.132059277206781
0.00844555075940034,-0.130234611478492,0.131831821412691
0.00877274220260071,-0.129660701432273,0.131625109931149
0.0091431316735322,-0.129128395112149,0.131440898410846
0.00956300345764327,-0.128647340872291,0.13128094250047
0.0100373634398654,-0.128224896669239,0.131146994444388
0.0105615861943393,-0.127857130782646,0.131039757029347
0.011126656797033,-0.127536638973617,0.130957405473516
0.0117235380117775,-0.127256016051993,0.130897742164621
0.0123431926024056,-0.127007856827616,0.130858569490386
0.0129765833327493,-0.126784756110327,0.130837689838536
0.0136146729666409,-0.126579308709969,0.130832905596797
0.0142484242679122,-0.126384109436381,0.130842019152893
0.0148688000003954,-0.126191753099407,0.130862832894548
0.0154667629279228,-0.125994834508887,0.13089314920949
0.0160332758143267,-0.125785948474662,0.130930770485441
0.0165593014234382,-0.125557689806576,0.130973499110127
0.0170358025190906,-0.125302653314468,0.131019137471273
0.0174537418651153,-0.12501343380818,0.131065487956606
0.0178040822253442,-0.124682626097554,0.131110352953847
0.0180778028252822,-0.124302895036004,0.131151534850724
0.018270957560818,-0.123871933821418,0.131186909850563
0.0183918224292563,-0.123395745568141,0.131215701090405
0.0184504762559385,-0.122881112126711,0.131238308499947
0.0184569978662041,-0.122334815347668,0.131255171601636
0.0184214660853934,-0.121763637081549,0.131266729917923
0.0183539597388465,-0.121174359178896,0.131273422971256
0.0182645576519043,-0.120573763490246,0.131275690284085
0.0181633386499067,-0.119968631866139,0.13127397137886
0.0180603815581941,-0.119365746157113,0.13126870577803
0.0179657652021066,-0.118771888213708,0.131260333004044
0.017889568406984,-0.118193839886463,0.131249292579352
0.0178418699981675,-0.117638383025917,0.131236024026403
0.0178327488009975,-0.117112299482608,0.131220966867646
0.0178722836408132,-0.116622371107076,0.131204560625531
0.0179705533429553,-0.116175379749861,0.131187244822507
0.0181372175482168,-0.115777383823027,0.131169458981024
0.0183742869210135,-0.115426658219626,0.131151642623534
0.0186770893476018,-0.115116738505767,0.13113423527251
0.0190407278746318,-0.114841093025373,0.131117676450429
0.0194603055487546,-0.114593190122368,0.131102405679769
0.01993092541662,-0.114366498140678,0.131088862483006
0.0204476905248789,-0.114154485424226,0.131077486382618
0.0210057039201819,-0.113950620316936,0.131068716901084
0.0216000686491795,-0.113748371162731,0.13106299356088
0.022225887758522,-0.113541206305538,0.131060755884484
0.0228782642948606,-0.113322594089279,0.131062443394373
0.0235523013048455,-0.113086002857879,0.131068495613025
0.024243101835127,-0.112824900955262,0.131079352062917
0.0249457689323558,-0.112532756725352,0.131095452266527
0.0256554056431826,-0.112203038512074,0.131117235746332
0.0263671150142575,-0.111829215298313,0.13114514202481
0.0270761633261019,-0.111407322683039,0.131179597604503
0.0277786214608575,-0.110941798302294,0.131220094302373
0.0284708077828639,-0.110438796373918,0.131264579260163
0.0291490407242574,-0.109904471115756,0.131310854865514
0.0298096387171738,-0.109344976745648,0.131356723506066
0.0304489201937481,-0.108766467481437,0.13139998756946
0.0310632035861162,-0.108175097540967,0.131438449443337
0.0316488073264143,-0.107577021142078,0.131469911515338
0.0322020498467774,-0.106978392502614,0.131492176173103
0.0327192495793411,-0.106385365840417,0.131503045804273
0.0331967249562422,-0.105804095373328,0.131500322796488
0.0336307944096146,-0.105240735319191,0.13148180953739
0.034017776371595,-0.104701439895848,0.131445308414619
0.0343539892743192,-0.104192363321141,0.131388621815816
0.0346357515499223,-0.103719659812912,0.131309552128621
0.0348594315660613,-0.103289320271271,0.131205901740675
0.0350249825018816,-0.102902421765326,0.131075687854652
0.0351382818490182,-0.10255438282534,0.130919238881372
0.0352057622763553,-0.102240308791943,0.130738290509138
0.0352338564527785,-0.101955305005762,0.130534598386948
0.0352289970471733,-0.101694476807427,0.130309918163801
0.0351976167284231,-0.101452929537565,0.130066005488696
0.0351461481654138,-0.101225768536804,0.129804616010631
0.0350810240270312,-0.101008099145773,0.129527505378606
0.0350086769821585,-0.100795026705101,0.12923642924162
0.0349355396996815,-0.100581656555415,0.12893314324867
0.0348680448484859,-0.100363094037344,0.128619403048756
0.0348126250974556,-0.100134444491516,0.128296964290876
0.0347757131154758,-0.0998908132585596,0.127967582624031
0.0347637415714317,-0.0996273056791033,0.127633013697217
0.034783143134208,-0.0993390270937751,0.127295013159434
0.0348398779465793,-0.0990215624489694,0.126955336660418
0.0349348222138479,-0.0986737720736723,0.126615742812961
0.0350657565695305,-0.0982958852348048,0.126277999929662
0.0352304177398337,-0.0978881357960892,0.125943878304847
0.0354265424509654,-0.0974507576212482,0.125615148232842
0.0356518674291331,-0.0969839845740044,0.12529358000797
0.0359041294005438,-0.0964880505180801,0.124980943924559
0.0361810650914045,-0.0959631893171975,0.124679010276932
0.0364804112279231,-0.0954096348350795,0.124389549359414
0.0367999045363063,-0.0948276209354488,0.124114331466331
0.0371372817427622,-0.0942173814820271,0.123855126892008
0.0374902795734973,-0.0935791503385375,0.123613705930769
0.0378566347547198,-0.0929131613687026,0.123391838876941
0.0382340840126361,-0.0922196484362445,0.123191296024849
0.0386203640734544,-0.0914988454048859,0.123013847668816
0.0390132115771726,-0.0907509913819466,0.122861264103169
0.0394100168759934,-0.089977387202191,0.122735256321631
0.0398070367194274,-0.0891816784985928,0.122635751107962
0.0402002962558004,-0.0883678244756347,0.122560620632848
0.0405858206334353,-0.0875397843377972,0.122507623347951
0.0409596350006589,-0.0867015172895624,0.122474517704932
0.0413177645057954,-0.0858569825354125,0.122459062155452
0.0416562342971689,-0.085010139279829,0.122459015151175
0.041971069523105,-0.0841649467272927,0.122472135143761
0.0422582953319284,-0.0833253640822869,0.122496180584872
0.0425139368719638,-0.082495350549292,0.122528909926171
0.0427340192915362,-0.0816788653327902,0.122568081619318
0.0429145677389702,-0.0808798676372637,0.122611454115975
0.0430516073625911,-0.0801023166671937,0.122656785867804
0.0431411633107233,-0.0793501716270617,0.122701835326467
0.0431792607316914,-0.0786273917213496,0.122744360943626
0.0431621545099006,-0.0779377108723836,0.122782121170942
0.0430930117262649,-0.0772812467691009,0.12281314025216
0.0429829592251656,-0.0766552022449245,0.122837257610955
0.0428435644091345,-0.0760566971741268,0.122855071320898
0.0426863946807043,-0.0754828514309802,0.122867182003057
0.0425230174424072,-0.0749307848897574,0.122874190278498
0.0423650000967757,-0.0743976174247309,0.122876696768288
0.0422239100463422,-0.0738804689101726,0.122875302093495
0.0421113146936387,-0.0733764592203559,0.122870606875186
0.0420387814411984,-0.0728827082295529,0.122863211734427
0.0420178776915534,-0.0723963358120363,0.122853717292286
0.0420601708472357,-0.0719144618420777,0.12284272416983
0.042177228310778,-0.071434206193951,0.122830832988124
0.042380617484713,-0.0709526887419278,0.122818644368238
0.0426819057715726,-0.0704670293602807,0.122806758931239
0.0430926605738897,-0.0699743479232828,0.122795777298191
0.0436218793399641,-0.069472333812203,0.122786299018235
0.0442610084710799,-0.068961234867069,0.122778706595676
0.044994158952459,-0.0684420170712956,0.122772903196795
0.0458054171374911,-0.0679156464453512,0.12276872788566
0.0466788693795654,-0.0673830890097016,0.122766019726342
0.0475986020320705,-0.0668453107848148,0.122764617782912
0.0485487014483965,-0.0663032777911583,0.12276436111944
0.0495132539819325,-0.065757956049199,0.122765088799995
0.0504763459860671,-0.065210311579404,0.122766639888648
0.0514220638141905,-0.0646613104022415,0.122768853449469
0.0523344938196915,-0.0641119185381782,0.122771568546529
0.0531977223559594,-0.0635631020076815,0.122774624243897
0.0539958357763835,-0.0630158268312184,0.122777859605642
0.0547129204343533,-0.0624710590292565,0.122781113695837
0.0553330626832582,-0.0619297646222634,0.12278422557855
0.0558403888919083,-0.0613928968366686,0.122787034317852
0.0562271277811635,-0.0608606777840408,0.122789385699342
0.0565034019114605,-0.0603322168665457,0.122791233402731
0.0566817267989439,-0.0598065301280408,0.122792618075498
0.0567746179597588,-0.0592826336123855,0.122793582840297
0.05679459091005,-0.0587595433634376,0.122794170819778
0.0567541611659625,-0.0582362754250552,0.122794425136596
0.056665844243641,-0.0577118458410968,0.122794388913401
0.0565421556592305,-0.0571852706554206,0.122794105272848
0.0563956109288752,-0.0566555659118848,0.122793617337587
0.0562387255687207,-0.0561217476543481,0.122792968230272
0.0560840150949118,-0.0555828319266682,0.122792201073555
0.0559439950235927,-0.0550378347727039,0.122791358990088
0.0558311808709087,-0.0544857722363126,0.122790485102525
0.0557580881530051,-0.0539256603613536,0.122789622533516
0.0557372323860261,-0.0533565151916848,0.122788814405715
0.0557804609859087,-0.0527775977303036,0.122788103841775
0.0558888970115496,-0.0521905365369555,0.122787525868159
0.0560550191817482,-0.0515982867988345,0.122787079139937
0.0562710601903782,-0.0510038183200394,0.122786752102957
0.0565292527313157,-0.05041010090467,0.122786533202538
0.0568218294984355,-0.0498201043568263,0.122786410884
0.0571410231856127,-0.0492367984806066,0.122786373592664
0.0574790664867222,-0.048663153080112,0.12278640977385
0.0578281920956398,-0.0481021379594417,0.122786507872877
0.0581806327062393,-0.0475567229226948,0.122786656335067
0.058528621012397,-0.0470298777739715,0.122786843605738
0.0588643897079875,-0.0465245723173708,0.122787058130211
0.0591801714868856,-0.0460437763569932,0.122787288353807
0.0594681990429669,-0.045590459696937,0.122787522721845
0.0597207050701065,-0.0451675921413028,0.122787749679645
0.0599299222621785,-0.0447781423582734,0.122787957672527
0.0600900275678116,-0.0444234802198444,0.122788135241938
0.0602039323245533,-0.044100195302835,0.122788276422402
0.0602769995583417,-0.043803987624949,0.12278838360856
0.0603145924216084,-0.0435305572038904,0.122788459896478
0.0603220740667874,-0.0432756040573639,0.122788508382223
0.0603048076463111,-0.0430348282030735,0.122788532161861
0.0602681563126131,-0.0428039296587235,0.122788534331462
0.060217483218125,-0.0425786084420186,0.122788517987092
0.0601581515152814,-0.042354564570662,0.122788486224817
0.060095524356514,-0.0421274980623589,0.122788442140705
0.0600349648942566,-0.0418931089348134,0.122788388830823
0.0599818362809421,-0.0416470972057295,0.122788329391238
0.0599415016690021,-0.0413851628928119,0.122788266918018
0.0599193242108713,-0.041103006013764,0.122788204507229
0.0599206670589818,-0.0407963265862907,0.122788145254939
0.0599508549313621,-0.040460921041469,0.122788092257215
0.0600130162131085,-0.0400950659572952,0.122788048366906
0.0601069366130509,-0.0396996733877961,0.122788014086134
0.0602321213835044,-0.0392757829021331,0.122787988599823
0.0603880757767843,-0.0388244340694675,0.122787971078384
0.0605743050452046,-0.0383466664589607,0.122787960692229
0.0607903144410813,-0.0378435196397753,0.122787956611769
0.0610356092167288,-0.0373160331810713,0.122787958007416
0.0613096946244629,-0.0367652466520108,0.12278796404958
0.0616120759165979,-0.0361921996217556,0.122787973908672
0.0619422583454488,-0.0355979316594668,0.122787986755105
0.0622997471633311,-0.0349834823343063,0.12278800175929
0.0626840476225596,-0.0343498912154354,0.122788018091637
0.0630946649754494,-0.0336981978720154,0.122788034922558
0.063531104474315,-0.0330294418732078,0.122788051422465
0.0639928713714724,-0.0323446627881747,0.122788066761768
0.0644792919027237,-0.0316448064696988,0.122788080111043
0.0649879620897933,-0.0309302375733489,0.122788090872199
0.0655155084530457,-0.0302010982556864,0.12278809913881
0.0660585468307877,-0.0294575302223614,0.122788105133165
0.0666136930613266,-0.0286996751790229,0.122788109077553
0.0671775629829694,-0.027927674831322,0.122788111194259
0.0677467724340228,-0.0271416708849073,0.122788111705572
0.0683179372527936,-0.0263418050454287,0.12278811083378
0.0688876732775892,-0.0255282190185362,0.12278810880117
0.0694525963467163,-0.0247010545098796,0.12278810583003
0.0700093222984821,-0.0238604532251083,0.122788102142648
0.0705544669711933,-0.0230065568698719,0.122788097961311
0.0710846462031569,-0.0221395071498207,0.122788093508307
0.0715964758326801,-0.0212594457706041,0.122788089005924
0.0720865716980696,-0.0203665144378717,0.12278808467645
0.0725515502977963,-0.0194608652627095,0.122788080742171
0.0729889573067719,-0.0185441282847847,0.122788077420287
0.0733991165762014,-0.0176209298731431,0.122788074797081
0.0737828689446207,-0.0166962589139861,0.122788072819721
0.0741410552505644,-0.0157751042935144,0.122788071428646
0.0744745163325677,-0.0148624548979279,0.122788070564295
0.0747840930291663,-0.0139632996134274,0.122788070167103
0.0750706261788954,-0.0130826273262135,0.122788070177509
0.0753349566202894,-0.0122254269224866,0.122788070535953
0.0755779251918844,-0.011396687288447,0.122788071182871
0.0758003727322154,-0.0106013973102956,0.122788072058701
0.0760031400798178,-0.00984454587423267,0.122788073103882
0.0761870680732266,-0.00913112186645892,0.122788074258851
0.0763529975509771,-0.00846611417317456,0.122788075464046
0.0765017693516048,-0.0078545116805806,0.122788076659906
0.0766342243136446,-0.00730130327487677,0.122788077786868
0.0767511884687784,-0.00681102058913474,0.12278807878537
0.0768531069557754,-0.00638170005802841,0.122788079603734
0.0769400201655468,-0.00600654967295089,0.122788080239165
0.0770119489056458,-0.00567866273937145,0.122788080707587
0.077068913983624,-0.0053911325627618,0.122788081024961
0.0771109362070332,-0.00513705244859097,0.122788081207246
0.0771380363834258,-0.00490951570232956,0.122788081270404
0.0771502353203541,-0.00470161562944682,0.122788081230394
0.0771475538253699,-0.00450644553541402,0.122788081103178
0.077130012706025,-0.00431709872569996,0.122788080904716
0.0770976327698718,-0.00412666850577614,0.122788080650967
0.0770504348244625,-0.00392824818111137,0.122788080357893
0.0769884396773488,-0.00371493105717646,0.122788080041454
0.0769116681360829,-0.00347981043944157,0.122788079717611
0.0768201410082174,-0.00321597963337616,0.122788079402324
0.0767138791013031,-0.00291653194445107,0.122788079111552
0.076593492995362,-0.00257614889424507,0.122788078861215
0.076463250839373,-0.00219601723276464,0.122788078661056
0.0763288210048905,-0.00177898901724505,0.122788078508311
0.076195874701132,-0.0013279163057216,0.122788078398699
0.0760700831373156,-0.000845651156231808,0.12278807832794
0.0759571175226572,-0.000335045626811192,0.122788078291755
0.0758626490663756,0.000201048224503841,0.122788078285864
0.0757923489776875,0.000759778339676664,0.122788078305986
0.0757518884658108,0.00133829266067109,0.122788078347843
0.0757469387399625,0.00193373912945138,0.122788078407155
0.0757831710093599,0.00254326568798091,0.12278807847964
0.0758662564832209,0.0031640202782226,0.12278807856102
0.0760018663707622,0.00379315084214116,0.122788078647015
0.0761956718812018,0.00442780532169995,0.122788078733346
0.0764533442237572,0.00506513165886235,0.122788078815731
0.0767805220072404,0.00570228424665409,0.122788078889892
0.0771782134655057,0.00633671733111063,0.122788078951757
0.0776380392823581,0.0069663057114886,0.122788079000226
0.0781504843692973,0.007588955647442,0.122788079036405
0.0787060336378234,0.00820257339862573,0.122788079061452
0.079295171999437,0.00880506522469382,0.122788079076527
0.0799083843656383,0.00939433738530071,0.122788079082788
0.0805361556479267,0.00996829614010086,0.122788079081395
0.0811689707578032,0.0105248477487485,0.122788079073505
0.0817973146067676,0.0110618984708981,0.122788079060278
0.0824116721063204,0.0115773545662043,0.122788079042873
0.0830025281679612,0.0120691222943206,0.122788079022447
0.0835603677031911,0.0125351079149021,0.122788079000161
0.0840756756235093,0.0129732176876027,0.122788078977173
0.0845389368404166,0.0133813578720776,0.122788078954641
0.0849406362654135,0.0137574347279803,0.122788078933725
0.0852718555018313,0.0140998270059081,0.122788078915584
0.085532152053067,0.0144110287410377,0.122788078901129
0.0857273842928237,0.014695654116669,0.122788078890264
0.0858635602540392,0.0149583348742606,0.122788078882633
0.0859466879696522,0.0152037027552703,0.122788078877882
0.0859827754725999,0.0154363895011556,0.122788078875653
0.085977830795821,0.015661026853375,0.122788078875592
0.0859378619722533,0.0158822465533861,0.122788078877345
0.0858688770348348,0.0161046803426466,0.122788078880554
0.0857768840165043,0.0163329599626145,0.122788078884865
0.0856678909501989,0.0165717171547481,0.122788078889923
0.0855479058688571,0.0168255836605045,0.122788078895372
0.0854229368054173,0.0170991912213425,0.122788078900856
0.0852989917928173,0.0173971715787193,0.12278807890602
0.085182078863995,0.0177241564740935,0.122788078910509
0.0850782060518884,0.0180847748553201,0.122788078913967
0.084992187711949,0.0184817800280856,0.122788078916044
0.0849239489753706,0.0189127976115691,0.122788078916635
0.0848721633554261,0.0193745849362055,0.122788078915976
0.0848355043647842,0.0198638993324312,0.122788078914331
0.084812645516114,0.0203774981306821,0.122788078911962
0.0848022603220853,0.020912138661394,0.122788078909132
0.0848030222953673,0.0214645782550027,0.122788078906105
0.0848136049486294,0.0220315742419446,0.122788078903143
0.0848326817945411,0.0226098839526552,0.122788078900508
0.0848589263457717,0.0231962647175703,0.122788078898464
0.0848910121149904,0.023787473867126,0.122788078897274
0.084927612614867,0.0243802687317585,0.1227880788972
0.0849674013580703,0.0249714066419033,0.122788078898506
0.0850090518572699,0.0255576449279959,0.122788078901454
0.0850512376251353,0.0261357409204734,0.122788078906307
0.0850926374861816,0.0267025605656075,0.122788078913328
0.0851321771658424,0.0272573823404445,0.122788078922713
0.0851691286758052,0.0278018506163851,0.122788078934069
0.0852027899324548,0.0283377090522654,0.122788078946705
0.0852324588521764,0.0288667013069235,0.122788078959923
0.0852574333513536,0.0293905710391971,0.122788078973028
0.085277011346371,0.0299110619079235,0.122788078985322
0.0852904907536136,0.0304299175719402,0.122788078996112
0.0852971694894653,0.0309488816900849,0.122788079004699
0.0852963454703102,0.0314696979211952,0.122788079010389
0.0852873166125343,0.0319941099241086,0.122788079012485
0.0852693808325207,0.0325238613576619,0.122788079010291
0.085241836046654,0.033060695880694,0.122788079003111
0.0852039801713191,0.0336063571520415,0.122788078990249
0.0851551111229005,0.0341625888305421,0.122788078971009
0.0850945268177825,0.0347311345750334,0.122788078944695
0.0850218649835426,0.0353131026166003,0.122788078910612
0.0849397230230384,0.0359060175006769,0.12278807886883
0.084852223130395,0.0365061486018954,0.122788078821518
0.0847635001274054,0.0371097639544689,0.122788078771196
0.0846776888358631,0.037713131592612,0.122788078720386
0.0845989240775598,0.0383125195505385,0.122788078671609
0.0845313406742885,0.0389041958624625,0.122788078627387
0.0844790734478422,0.0394844285625977,0.12278807859024
0.0844462572200137,0.0400494856851585,0.122788078562692
0.0844370268125958,0.0405956352643586,0.122788078547262
0.0844555170473811,0.0411191453344117,0.122788078546472
0.0845058627461621,0.041616283929532,0.122788078562845
0.0845921987307319,0.042083319083934,0.1227880785989
0.0847186598228831,0.0425165188318304,0.122788078657159
0.0848893808444089,0.0429121512074364,0.122788078740145
0.0851084942112419,0.043266516319334,0.122788078850378
0.0853785170299302,0.0435792694850812,0.122788078990121
0.085697550426044,0.0438563171041098,0.122788079155871
0.0860629477519506,0.0441042481027663,0.122788079338479
0.0864720623600153,0.0443296514073959,0.122788079528552
0.0869222476026048,0.0445391159443445,0.122788079716702
0.0874108568320857,0.0447392306399577,0.122788079893539
0.087935243400824,0.0449365844205811,0.122788080049674
0.0884927606611865,0.0451377662125605,0.122788080175716
0.0890807619655392,0.0453493649422414,0.122788080262278
0.0896966006662483,0.0455779695359697,0.122788080299968
0.0903376301156806,0.0458301689200906,0.122788080279397
0.0910012036662027,0.0461125520209507,0.122788080191175
0.0916846746701807,0.0464317077648946,0.122788080025914
0.0923853964799801,0.0467942250782685,0.122788079774223
0.0931007224479687,0.0472066928874184,0.122788079426713
0.0938279455211777,0.0476749868297866,0.122788078973994
0.0945630169479303,0.0481959701084893,0.122788078411832
0.095300572214102,0.0487603300010473,0.12278807776507
0.0960351915881037,0.049358633323785,0.122788077068733
0.096761455338348,0.0499814468930282,0.122788076357859
0.0974739437332477,0.0506193375251018,0.122788075667484
0.0981672370412137,0.0512628720363311,0.122788075032645
0.0988359155306586,0.0519026172430415,0.12278807448838
0.0994745594699942,0.0525291399615575,0.122788074069725
0.100077749127633,0.053133007008205,0.122788073811718
0.100640064771987,0.0537047851993095,0.122788073749395
0.101156086671468,0.0542350413511954,0.122788073917794
0.101620395094489,0.0547143422801886,0.12278807435195
0.102027570309461,0.0551332548026138,0.122788075086902
0.102372192584797,0.0554823457347966,0.122788076157687
0.102648842188908,0.0557521819344855,0.12278807759934
0.102853714369121,0.0559370384590505,0.122788079446385
0.102992112531373,0.0560450403923478,0.122788081679444
0.10307253017579,0.0560875457088477,0.122788084178723
0.103103464209251,0.0560759123830206,0.122788086813465
0.103093411538634,0.0560214983893383,0.12278808945291
0.10305086907082,0.0559356617022697,0.1227880919663
0.102984333712686,0.0558297602962865,0.122788094222877
0.102902302371112,0.0557151521458597,0.122788096091884
0.102813271952976,0.0556031952254588,0.12278809744256
0.102725739365159,0.055505247509555,0.122788098144149
0.102648201514538,0.0554326669726188,0.122788098065891
0.102589155307994,0.055396811589121,0.122788097077029
0.102557097652404,0.0554090393335318,0.122788095046804
0.102560525454648,0.0554807081803226,0.122788091844458
0.102607935621606,0.0556231761039629,0.122788087339232
0.102707791858312,0.0558475744564824,0.122788081400369
0.102865084718901,0.0561563130406224,0.122788073924656
0.103078333938312,0.0565405229341966,0.12278806515693
0.103345352732459,0.056990586534841,0.122788055580535
0.103663954317258,0.0574968862401917,0.12278804568347
0.104031951908625,0.0580498044478854,0.122788035953729
0.104447158722476,0.0586397235555569,0.122788026879308
0.104907387974725,0.0592570259608434,0.122788018948205
0.105410452881288,0.0598920940613805,0.122788012648415
0.105954166658081,0.0605353102548041,0.122788008467934
0.10653634252102,0.0611770569387506,0.12278800689476
0.107154793686019,0.0618077165108564,0.122788008416887
0.107807333368995,0.0624176713687565,0.122788013522313
0.108491774785863,0.0629973039100882,0.122788022699034
0.109205931152539,0.0635369965324868,0.122788036435047
0.109947615684938,0.0640271316335885,0.122788055218346
0.110714573923218,0.0644594346316048,0.122788079536925
0.111503696321587,0.0648362006517202,0.122788109466914
0.112311287371899,0.065164726452273,0.122788143546156
0.113133640136839,0.0654523386343651,0.122788179953423
0.113967047679087,0.0657063637990987,0.122788216867488
0.114807803061324,0.0659341285475765,0.122788252467126
0.115652199346236,0.0661429594809004,0.122788284931109
0.116496529596503,0.0663401832001727,0.12278831243821
0.117337086874806,0.0665331263064959,0.122788333167203
0.11817016424383,0.0667291154009724,0.12278834529686
0.118992054766255,0.0669354770847035,0.122788347005954
0.119799051504764,0.0671595379587926,0.122788336473259
0.120587447522039,0.0674086246243415,0.122788311877548
0.121353535880763,0.0676900636824518,0.122788271397593
0.122093609643617,0.0680111817342273,0.122788213212169
0.122803961880404,0.0683792960484408,0.122788135500048
0.123481523055476,0.0687981702581619,0.122788036533114
0.124125604284796,0.0692626747099663,0.122787918166635
0.12473607237902,0.0697663111577302,0.122787786889916
0.125312794148805,0.0703025813553309,0.122787649499866
0.12585563640481,0.0708649870566445,0.122787512793397
0.12636446595769,0.0714470300155483,0.122787383567422
0.126839149618104,0.0720422119859188,0.12278726861885
0.127279554196709,0.0726440347216328,0.122787174744593
0.12768554650416,0.0732459999765671,0.122787108741563
0.128056993351118,0.0738416095045982,0.12278707740667
0.128393761548237,0.0744243650596028,0.122787087536826
0.128695717906175,0.0749877683954581,0.122787145928942
0.12896272923559,0.0755253212660405,0.122787259379928
0.129194662347139,0.0760305254252267,0.122787434686697
0.129391384051479,0.0764968826268935,0.122787678646159
0.129552794153165,0.0769182058230011,0.122787998055227
0.129680062224707,0.0772943270653401,0.122788397161501
0.129775999905061,0.077630525701432,0.122788860149264
0.129843527833323,0.0779322775587461,0.122789361708747
0.12988556664859,0.0782050584647509,0.12278987647353
0.12990503698996,0.0784543442469152,0.122790379077196
0.129904859496529,0.0786856107327085,0.122790844153328
0.129887954807393,0.0789043337495992,0.122791246335506
0.129857243561651,0.0791159891250564,0.122791560257313
0.129815646398397,0.0793260526865489,0.122791760552332
0.129766083956729,0.0795400002615456,0.122791821854143
0.129711476875744,0.0797633076775155,0.12279171879633
0.129654745794539,0.0800014507619276,0.122791426012475
0.12959881135221,0.0802599053422506,0.122790918136158
0.129546594187855,0.0805441472459534,0.122790169800963
0.129501014940569,0.0808596523005047,0.122789155640472
0.129465415589175,0.0812109077018979,0.122787850369295
0.129446454098501,0.0815973244245241,0.122786259556726
0.129452357572948,0.082016688690959,0.122784465988628
0.129491362479356,0.0824667859933737,0.122782564333761
0.129571705284563,0.0829454018239364,0.122780649260885
0.129701622455408,0.0834503216748168,0.12277881543876
0.129889350458729,0.0839793310381844,0.122777157536149
0.130143125761365,0.0845302154062095,0.12277577022181
0.130471184830154,0.085100760271061,0.122774748164505
0.130881764131935,0.0856887511249083,0.122774186032995
0.131383100133545,0.0862919734599215,0.122774178496039
0.131983429301825,0.0869082127682694,0.122774820222399
0.132690988103611,0.0875352545421222,0.122776205880835
0.133514013005743,0.0881708842736493,0.122778430140107
0.134460740475059,0.0888128874550196,0.122781587668977
0.135539387001687,0.0894590452648873,0.122785773136204
0.136750562190463,0.0901067939103755,0.12279106956792
0.13807583874547,0.0907529784014212,0.122797334802012
0.139493859771769,0.0913943856639172,0.122804222880619
0.140983268374425,0.0920278026237553,0.122811380495116
0.142522707658501,0.0926500162068278,0.122818454336878
0.144090820729059,0.0932578133390258,0.122825091097281
0.145666250691165,0.0938479809462425,0.122830937467701
0.14722764064988,0.0944173059543691,0.122835640139513
0.14875363371027,0.0949625752892982,0.122838845804093
0.150222872977396,0.0954805758769213,0.122840201152817
0.151614001556323,0.0959680946431309,0.12283935287706
0.152905662552113,0.0964219185138184,0.122835947668198
0.15407649906983,0.0968388344148763,0.122829632217606
0.155105154214538,0.0972156292721968,0.122820053216661
0.1559702710913,0.097549090011672,0.122806857356736
0.156651579902686,0.0978366019126071,0.122789691329209
0.157149837164649,0.098082305118758,0.122768416753356
0.157484828243023,0.0982946041715738,0.122743998816035
0.157677024860254,0.0984819705973554,0.122717755924194
0.157746898738784,0.0986528759224044,0.12269100664357
0.157714921601058,0.0988157916730228,0.1226650695399
0.157601565169519,0.098979189375511,0.122641263178921
0.157427301166611,0.0991515405561709,0.12262090612637
0.157212601314778,0.0993413167413044,0.122605316947984
0.156977937336463,0.0995569894572124,0.1225958142095
0.156743780954112,0.0998070302301963,0.122593716476655
0.156530603890167,0.100099910586558,0.122600342315186
0.156358877867071,0.100444102052598,0.12261701029083
0.15624907460727,0.100848076154619,0.122645038969324
0.156221665833207,0.101320304418922,0.122685746916405
0.156297123267325,0.101869257874128,0.12274045269781
0.156491440446101,0.102499635643728,0.122810476416046
0.1567976172376,0.103203285221713,0.122897261076177
0.157201293901219,0.103969319410867,0.123002460308314
0.157688107387847,0.104786851013975,0.123127748436093
0.158243694648371,0.105644992833822,0.123274799783152
0.158853692633678,0.106532857673194,0.123445288673128
0.159503738294658,0.107439558334874,0.12364088942966
0.160179468582197,0.10835420762165,0.123863276376383
0.160866520447184,0.109265918336305,0.124114123836935
0.161550530840506,0.110163803281624,0.124395106134955
0.162217136713052,0.111036975260393,0.124707897594079
0.162851975015709,0.111874547075397,0.125054172537944
0.163440682699365,0.11266563152942,0.125435605290188
0.163968896714908,0.113399341425249,0.125853870174449
0.164422254013226,0.114064789565667,0.126310641514363
0.164786499375567,0.114651352763671,0.126807593633568
0.165056001268373,0.115156945741411,0.127345566898067
0.165239907054199,0.115589668041496,0.127915987052594
0.165348816095205,0.115958215814641,0.128504336319328
0.165393327753555,0.116271285211562,0.12909600356002
0.165384041391407,0.116537572382971,0.129676377636424
0.165331556370923,0.116765773479584,0.130230847410293
0.165246472054264,0.116964584652115,0.130744801743378
0.16513938780359,0.117142702051279,0.131203629497432
0.165020902981063,0.117308821827791,0.131592719534209
0.164901616948844,0.117471640132364,0.13189746071546
0.164792129069094,0.117639853115714,0.132103241902938
0.164703038703973,0.117822156928554,0.132195451958396
0.164644945215642,0.118027247721601,0.132159479743586
0.164628447966262,0.118263821645566,0.131980714120261
0.164664146317994,0.118540574851166,0.131644543950174
0.164761674454769,0.118865063503766,0.131160303178377
0.164919770578364,0.119236718223526,0.131006676049841
0.165130294173525,0.119651441776712,0.13084182543686
0.165384996674602,0.120105122591564,0.130666123118177
0.165675629515947,0.120593649096322,0.130479940872535
0.165993944131911,0.121112909719225,0.130283650478676
0.166331691956845,0.121658792888513,0.130077623715344
0.166680624425101,0.122227187032425,0.129862232361282
0.16703249297103,0.122813980579202,0.129637848195232
0.167379049028982,0.123415061957083,0.129404842995938
0.16771204403331,0.124026319594308,0.129163588542142
0.168023229418365,0.124643641919115,0.128914456612588
0.168304356618498,0.125262917359746,0.128657818986018
0.168547177068059,0.125880034344439,0.128394047441175
0.168743442201402,0.126490881301435,0.128123513756802
0.168884903901561,0.127091352695259,0.127846589711642
0.168966714622963,0.127678798596439,0.127563647084439
0.168995613241784,0.128253907685486,0.127275057653933
0.168980804102534,0.128817834820767,0.12698119319887
0.168931491549726,0.129371734860648,0.126682425497993
0.168856879927872,0.129916762663494,0.126379126330042
0.168766173581485,0.130454073087672,0.126071667473762
0.168668576855075,0.130984820991548,0.125760420707896
0.168573294093156,0.131510161233486,0.125445757811186
0.16848952964024,0.132031248671854,0.125128050562376
0.168426487840838,0.132549238165017,0.124807670740208
0.168393373039463,0.133065284571341,0.124484990123426
0.168399389580627,0.133580542749193,0.124160380490771
0.168453741808841,0.134096167556936,0.123834213620988
0.168565634068619,0.13461331385294,0.123506861292819
0.168744270704472,0.135133136495567,0.123178695285006
0.168998613567291,0.135656739288763,0.122850087376295
0.169329782430583,0.136184359851649,0.122521409345425
0.16972954230092,0.136715512507645,0.122193032971142
0.170189110199787,0.137249689395045,0.121865330032187
0.170699703148665,0.137786382652149,0.121538672307304
0.171252538169038,0.138325084417251,0.121213431575235
0.17183883228239,0.13886528682865,0.120889979614724
0.172449802510203,0.139406482024641,0.120568688204514
0.173076665873961,0.139948162143521,0.120249929123347
0.173710639395146,0.140489819323586,0.119934074149966
0.174342940095241,0.141030945703134,0.119621495063114
0.174964784995731,0.141571033420461,0.119312563641535
0.175567391118097,0.142109574613864,0.11900765166397
0.176141975483823,0.142646061421639,0.118707130909164
0.176679755114392,0.143179985982082,0.118411373155859
0.177171947031286,0.143710840433492,0.118120750182797
0.17761109666981,0.144238313411247,0.117835633768723
0.177999218083906,0.144763012851622,0.117556395692378
0.178342436301286,0.145285815310352,0.117283407732506
0.178646893057622,0.145807597375886,0.117017041667849
0.178918730088587,0.146329235636671,0.116757669277151
0.179164089129853,0.146851606681154,0.116505662339154
0.179389111917094,0.147375587097783,0.116261392632602
0.179599940185982,0.147902053475006,0.116025231936237
0.17980271567219,0.148431882401269,0.115797552028803
0.18000358011139,0.148965950465021,0.115578724689041
0.180208675239255,0.149505134254709,0.115369121695696
0.180424142791459,0.15005031035878,0.11516911482751
0.180656124503672,0.150602355365682,0.114979075863225
0.18091076211157,0.151162145863863,0.114799376581586
0.181194197350823,0.151730558441769,0.114630388761334
0.18151256194504,0.15230844716663,0.114472484181214
0.181869573282579,0.152895248016845,0.114102388819831
0.182263411179278,0.153488159628204,0.113703030559726
0.182691482226885,0.154084183508621,0.113466590780427
0.183151193017147,0.154680321166009,0.1133784580416
0.183639950141813,0.155273574108281,0.113424020902912
0.184155160192631,0.155860943843352,0.113588667924031
0.184694229761348,0.156439431879134,0.113857787664622
0.185254565439712,0.157006039723541,0.114216768684352
0.185833573819471,0.157557768884486,0.114650999542889
0.186428661492374,0.158091620869882,0.115145868799899
0.187037235050167,0.158604597187644,0.115686765015049
0.1876567010846,0.159093699345684,0.116259076748006
0.18828446618742,0.159555928851915,0.116848192558436
0.188917936950375,0.159988287214252,0.117439501006006
0.189554519965212,0.160387775940607,0.118018390650384
0.190191628886761,0.160751836772449,0.118570250051234
0.190826797201473,0.161082369133736,0.119082779402604
0.191457658459538,0.161383863127268,0.119554493753932
0.192081849280331,0.161660840854982,0.119987068252387
0.192697006283228,0.161917824418815,0.12038217842995
0.193300766087603,0.162159335920707,0.120741499818601
0.19389076531283,0.162389897462595,0.121066707950322
0.194464640578285,0.162614031146417,0.121359478357093
0.195020028503341,0.162836259074111,0.121621486570894
0.195554565707374,0.163061103347616,0.121854408123707
0.196065888809758,0.163293086068868,0.122059918547512
0.196551634429868,0.163536729339807,0.12223969337429
0.197009439187079,0.163796555262369,0.122395408136022
0.197436939700764,0.164077085938494,0.122528738364688
0.197831772590301,0.164382843470119,0.12264135959227
0.198191574475061,0.164718349315853,0.122734947350747
0.19851509117382,0.165086762782567,0.122811175071146
0.198806257834265,0.165487006009653,0.122871583894185
0.199070525924542,0.165917179637368,0.122917506243926
0.199313347097444,0.166375384305969,0.122950256154819
0.199540173005764,0.166859720655712,0.122971147661315
0.199756455302294,0.167368289326854,0.122981494797862
0.199967645639825,0.167899190959651,0.122982611598909
0.200179195671151,0.168450526194359,0.122975812098907
0.200396557049065,0.169020395671236,0.122962410332303
0.200625181426358,0.169606900030537,0.12294372033355
0.200870520455823,0.17020813991252,0.122921056137093
0.201138025790253,0.17082221595744,0.122895731777384
0.20143314908244,0.171447228805555,0.122869061288873
0.201761341985176,0.172081279097119,0.122842358706007
0.202128056151255,0.172722467472391,0.122816938063238
0.20253867521018,0.173368867721927,0.122794113395013
0.202994299583451,0.17401781484723,0.122775102124661
0.203489272003224,0.174665830676798,0.122760143418175
0.204017339794877,0.175309395269707,0.122748907906085
0.204572250283787,0.175944988685032,0.122741059196572
0.205147750795331,0.176569090981847,0.122736260897819
0.205737588654886,0.177178182219228,0.12273417661801
0.206335511187831,0.17776874245625,0.122734469965327
0.206935265719541,0.178337251751987,0.122736804547953
0.207530599575395,0.178880190165516,0.122740843974069
0.20811526008077,0.179394037755911,0.122746251851861
0.208682994561043,0.179875274582246,0.122752691789508
0.209227550341591,0.180320380703598,0.122759827395195
0.209742674747792,0.180725836179042,0.122767322277104
0.210222115105024,0.181088121067651,0.122774840043418
0.210659618738663,0.181403715428503,0.12278204430232
0.211049671780096,0.181670383529421,0.122788598698851
0.211394241304822,0.181894195790561,0.122794244924023
0.211699642101218,0.182084527588527,0.122798967441967
0.211972242659062,0.182250762768802,0.122802797785504
0.212218411468129,0.182402285176868,0.122805767487453
0.212444517018197,0.182548478658206,0.122807908080633
0.212656927799041,0.1826987270583,0.122809251097866
0.212862012300437,0.182862414222631,0.122809828071971
0.213066139012163,0.183048923996681,0.122809670535768
0.213275676423994,0.183267640225933,0.122808810022076
0.213496993025706,0.183527946755869,0.122807278063716
0.213736457307077,0.183839227431972,0.122805106193507
0.214000437757881,0.184210866099723,0.12280232594427
0.214295302867897,0.184652246604604,0.122798968848824
0.214627421126899,0.185172752792099,0.122795066439988
0.21500315978246,0.185781726066917,0.122790650250584
0.215426255899544,0.186481514801917,0.122785754774581
0.215892264984571,0.187259750339442,0.122780495984178
0.216395156308983,0.188102203072366,0.122775079533323
0.216928899144218,0.188994643393571,0.122769715682552
0.217487462761716,0.189922841695936,0.122764614692404
0.218064816432916,0.190872568372338,0.122759986823417
0.218654929429257,0.191829593815656,0.122756042336128
0.219251771022177,0.19277968841877,0.122752991491075
0.219849310483118,0.193708622574559,0.122751044548797
0.220441517083517,0.1946021666759,0.12275041176983
0.221022360094814,0.195446091115674,0.122751303414713
0.221585808788448,0.196226166286759,0.122753929743984
0.222125832435859,0.196928162582033,0.12275850101818
0.222636400308485,0.197537850394375,0.122765227497839
0.223111481677767,0.198041000116665,0.122774319443499
0.223545221345846,0.198424417349944,0.122785987115697
0.223936593970009,0.198690411135775,0.122800333009175
0.224289890349973,0.198853232084721,0.122816762598711
0.224609674354283,0.19892743838998,0.122834404020011
0.224900509851484,0.19892758824475,0.122852384698102
0.225166960710119,0.198868239842229,0.122869832058015
0.225413590798735,0.198763951375614,0.122885873524777
0.225644963985877,0.198629281038104,0.122899636523418
0.225865644140088,0.198478787022895,0.122910248478966
0.226080195129914,0.198327027523187,0.12291683681645
0.2262931808239,0.198188560732175,0.1229185289609
0.226509165090591,0.198077944843059,0.122914452337344
0.22673271179853,0.198009738049035,0.12290373437081
0.226968384816265,0.197998498543303,0.122885502486328
0.227220748012338,0.198058784519058,0.122858884108927
0.227494365255295,0.1982051541695,0.122823006663636
0.227792785953962,0.19844816918589,0.122777005039031
0.228112998078482,0.198781346180101,0.122721243904218
0.228449378851182,0.199193658417922,0.122658676035712
0.228796298804404,0.199674079123488,0.12259258147286
0.229148128470491,0.200211581520935,0.122526240255007
0.229499238381784,0.200795138834396,0.122462932421501
0.229843999070626,0.201413724288007,0.122405938011689
0.23017678106936,0.202056311105904,0.122358537064916
0.230491954910327,0.20271187251222,0.122324009620531
0.230783891125869,0.20336938173109,0.122305635717879
0.23104696024833,0.20401781198665,0.122306695396307
0.231275532810051,0.204646136503035,0.122330468695163
0.231463979343375,0.205243328504379,0.122380235653792
0.231606670380643,0.205798361214817,0.122459276311542
0.231697976454198,0.206300207858485,0.122570870707759
0.231732298629485,0.206737999935224,0.12271829888179
0.231709068958659,0.207108903258006,0.122904519666251
0.231638307345687,0.207421761760408,0.123127681451164
0.231531372514694,0.207686338518811,0.123382227369511
0.231399623189806,0.207912396609594,0.123662505116836
0.231254418095148,0.208109699109138,0.123962862388685
0.231107115954845,0.208288009093821,0.124277646880603
0.230969075493021,0.208457089640025,0.124601206288134
0.230851655433803,0.208626703824128,0.124927888306824
0.230766214501315,0.208806614722511,0.12525204063222
0.230724111419682,0.209006585411553,0.125568010959864
0.23073670491303,0.209236378967635,0.125870146985303
0.230815353705484,0.209505758467136,0.126152796404082
0.230971416521168,0.209824486986436,0.126410306911747
0.231216252084209,0.210202327601915,0.126637026203841
0.231561219118731,0.210649043389952,0.126827301975911
0.232016785151678,0.211173199644611,0.126975481923503
0.232580071000636,0.211772446514656,0.127077755544762
0.233237917142475,0.212438599315085,0.127138167625306
0.233976899260195,0.213163418350125,0.127162856768489
0.234783593036799,0.213938663924006,0.127157961596862
0.235644574155286,0.214756096340954,0.127129620732976
0.236546418298659,0.215607475905201,0.12708397279938
0.237475701149916,0.216484562920973,0.127027156418626
0.238418998392061,0.217379117692499,0.126965310213264
0.239362885708093,0.218282900524008,0.126904572805844
0.240293938781013,0.219187671719729,0.126851082818918
0.241198733293823,0.220085191583889,0.126810978875035
0.242063844929524,0.220967220420717,0.126790399596748
0.242875849371116,0.221825518534443,0.126795483606605
0.243621322301599,0.222651846229294,0.126832369527158
0.244286839403976,0.22343796677476,0.126907195980958
0.244862535723601,0.2241783241684,0.127026011373122
0.245353726985055,0.224874983188201,0.127190284536144
0.245769775305305,0.225531353706987,0.127394827753213
0.246120042838419,0.226150845597582,0.127633929394502
0.246413891738461,0.226736868732809,0.127901877830187
0.2466606841595,0.22729283298549,0.128192961430442
0.246869782255601,0.227822148228449,0.12850146856544
0.247050548180831,0.228328224334511,0.128821687605356
0.247212344089256,0.228814471176497,0.129147906920364
0.247364532134943,0.229284298627231,0.129474414880639
0.247516474471957,0.229741116559536,0.129795499856354
0.247677533254367,0.230188334846237,0.130105450217684
0.247857070636238,0.230629363360155,0.130398554334803
0.248064448771636,0.231067611974114,0.130669100577886
0.248309029814628,0.231506490560938,0.130911377317106
0.248600072376088,0.231949364499754,0.131119672922638
0.248941579058618,0.232398546423541,0.131288889797749
0.249329912695548,0.232855279627093,0.131419525903701
0.249760834821497,0.233320759592849,0.131515070380514
0.250230106971078,0.233796181803249,0.131579040569019
0.250733490678909,0.234282741740732,0.131614953810047
0.251266747479605,0.234781634887737,0.131626327444428
0.251825638907783,0.235294056726704,0.131616678812992
0.252405926498058,0.235821202740073,0.131589525256571
0.253003371785047,0.236364268410281,0.131548384115995
0.253613736303366,0.236924449219769,0.131496772732093
0.25423278158763,0.237502940650976,0.131438208445699
0.254856269172456,0.238100938186341,0.13137620859764
0.25547996059246,0.238719637308303,0.131314290528748
0.256099617382258,0.239360233499303,0.131255971579855
0.256711001076465,0.240023922241778,0.131204769091789
0.257310221504088,0.240711589571447,0.131164199061472
0.257896562429672,0.24142230245425,0.131136562531106
0.258471004286546,0.242154465322107,0.1311207066666
0.259034543504219,0.242906481650396,0.131114869012418
0.259588176512199,0.243676754914499,0.131117287113024
0.260132899739994,0.244463688589796,0.131126198512883
0.260669709617112,0.245265686151668,0.131139840756459
0.261199602573063,0.246081151075494,0.131156451388217
0.261723575037354,0.246908486836656,0.131174267952621
0.262242623439494,0.247746096910534,0.131191527994135
0.262757744208992,0.248592384772509,0.131206469057224
0.263269933775355,0.249445753897961,0.131217328686353
0.263780188568092,0.25030460776227,0.131222344425986
0.264289505016713,0.251167349840817,0.131219753820586
0.264798879550724,0.252032383608983,0.13120779441462
0.265309308410339,0.252898113052032,0.13118470375255
0.265821616704144,0.253763002825681,0.131148825769887
0.266336143047306,0.254625634869014,0.131101021674803
0.266853140187174,0.255484604520112,0.131044709622157
0.2673728608711,0.256338507117052,0.130983422093258
0.267895557846433,0.25718593799791,0.130920691569418
0.268421483860524,0.258025492500766,0.13086005053195
0.268950891660723,0.258855765963697,0.130805031462165
0.26948403399438,0.259675353724781,0.130759166841374
0.270021163608845,0.260482851122096,0.130725989150891
0.270562533251469,0.26127685349372,0.130709030872024
0.271108395669602,0.262055956177729,0.130711824486088
0.271659003610594,0.262818754512204,0.130737902474393
0.272214609821795,0.263563843835221,0.130790797318252
0.272775467050556,0.264289819484857,0.130874041498976
0.273341828044226,0.264995276799192,0.130991167497876
0.273913767617918,0.265678895706793,0.131145707796265
0.274487150608739,0.266340480540454,0.131340163609947
0.275053565523524,0.26698063417794,0.131570973903022
0.275604409665404,0.267599976513599,0.131832369671508
0.276131080337508,0.268199127441777,0.132118578723656
0.276624974842967,0.268778706856821,0.132423828867713
0.27707749048491,0.26933933465308,0.132742347911931
0.277480024566466,0.2698816307249,0.133068363664559
0.277823974390766,0.270406214966628,0.133396103933846
0.27810073726094,0.27091370727261,0.133719796528042
0.278301710480115,0.271404727537196,0.134033669255397
0.278418291351425,0.271879895654731,0.13433194992416
0.278441877177996,0.272339831519563,0.134608866342582
0.27836386526296,0.27278515502604,0.134858646318911
0.278175652909446,0.273216486068506,0.135075517661397
0.277868637420583,0.273634444541987,0.135253708178291
0.277437249795227,0.274040490303033,0.135387477935006
0.276893754487299,0.27443934975708,0.135474925226889
0.276256911177497,0.274836543266623,0.135521568115553
0.275545488924041,0.275237591194157,0.135533772330767
0.274778256785152,0.275648013902176,0.135517903602297
0.273973983819055,0.276073331753175,0.135480327659912
0.27315143908397,0.276519065109648,0.13542741023338
0.272329391638118,0.27699073433409,0.135365517052469
0.271526610539723,0.277493859788994,0.135301013846945
0.270761864847005,0.278033961836857,0.135240266346578
0.270053923618187,0.278616560840171,0.135189640281135
0.269421555911491,0.279247177161432,0.135155501380383
0.268883530785137,0.279931331163134,0.135144215374091
0.26845861729735,0.280674543207771,0.135162147992026
0.268165584506349,0.281482333657837,0.135215664963956
0.268023062570168,0.282360076280356,0.135311132019649
0.268033154129347,0.28330702884959,0.135454377322735
0.268166012118699,0.284314254162034,0.135644083533486
0.268388139392011,0.285372241429285,0.135873858619584
0.26866603880307,0.286471479862939,0.13613720240963
0.268966213205663,0.287602458674594,0.136427614732226
0.269255165453578,0.288755667075845,0.136738595415971
0.269499398400602,0.289921594278291,0.137063644289469
0.269665414900524,0.291090729493528,0.137396261181319
0.26971971780713,0.292253561933152,0.137729945920123
0.269628809974207,0.293400580808761,0.13805819833448
0.269359194255543,0.294522275331951,0.138374518252994
0.268877373504925,0.29560913471432,0.138672405504264
0.268149850576142,0.296651648167464,0.138945359916892
0.267143128322979,0.297640304902979,0.139186881319478
0.265823709599225,0.298565594132464,0.139390469540624
0.264162382015714,0.29941918254423,0.139549624410716
0.262186887562931,0.300202421522077,0.13966006451589
0.259965416881895,0.300921419780062,0.139726137020967
0.257567022553509,0.30158231899746,0.139754286325853
0.255060757158675,0.302191260853545,0.139750956830455
0.252515673278294,0.302754387027592,0.139722592934678
0.250000823493268,0.303277839198875,0.139675639038429
0.2475852603845,0.303767759046669,0.139616539541613
0.245338036532891,0.304230288250247,0.139551738844138
0.243328204519343,0.304671568488886,0.139487681345909
0.241624816924758,0.305097741441857,0.139430811446833
0.240296926330037,0.305514948788438,0.139387573546815
0.239413585316084,0.3059293322079,0.139364412045762
0.239043846463799,0.306347033379519,0.13936777134358
0.239256762354085,0.30677419398257,0.139404095840176
0.240121385546072,0.307216951549559,0.139479829935455
0.241679707977125,0.307679452079082,0.139601295814611
0.243868484807616,0.308160661597517,0.139769716840362
0.246598892679238,0.308658714732093,0.139979484330564
0.249782108233687,0.309171746110038,0.140224511412913
0.253329308112654,0.309697890358578,0.140498711215107
0.257151668957834,0.310235282104942,0.14079599686484
0.26116036741092,0.310782055976356,0.141110281489809
0.265266580113605,0.311336346600049,0.141435478217709
0.269381483707584,0.311896288603247,0.141765500176238
0.273416254834549,0.312460016613179,0.14209426049309
0.277282070136194,0.313025665257072,0.142415672295962
0.280890106254213,0.313591369162152,0.14272364871255
0.284151539830298,0.314155262955649,0.14301210287055
0.286977547506145,0.314715481264788,0.143274947897658
0.289279305923446,0.315270158716799,0.14350609692157
0.290969488413163,0.315817506655914,0.143699463069983
0.292023210484811,0.316357311459532,0.14384977186957
0.292499255547078,0.316890835963271,0.143958430793756
0.292462263112804,0.317419399978947,0.144030129631611
0.291976872694824,0.317944323318373,0.14406958091652
0.291107723805974,0.318466925793367,0.144081497181873
0.289919455959091,0.318988527215745,0.144070590961057
0.288476708667012,0.319510447397322,0.144041574787459
0.286844121442574,0.320034006149912,0.143999161194467
0.285086333798611,0.320560523285334,0.143948062715469
0.283267985247962,0.321091318615401,0.143892991883853
0.281453715303462,0.32162771195193,0.143838661233007
0.279708163477948,0.322171023106735,0.143789783296318
0.278095969284257,0.322722571891634,0.143751070607174
0.276681772235224,0.323283678118441,0.143727235698963
0.275530211843687,0.323855661598972,0.143722991105073
0.274699443096102,0.324439260041606,0.143743047139611
0.274194286027619,0.325032097219827,0.143791048281448
0.273993361400698,0.325630759965559,0.143867866776013
0.274075108433822,0.326231834404316,0.143973929917979
0.274417966345475,0.326831906661604,0.144109665002021
0.275000374354139,0.327427562862936,0.144275499322815
0.275800771678298,0.32801538913382,0.144471860175035
0.276797597536433,0.328591971599765,0.144699174853356
0.277969291147029,0.329153896386283,0.144957870652453
0.279294291728568,0.329697749618883,0.145248374867001
0.280751038499533,0.330220117423074,0.145571114791674
0.282317970678407,0.330717585924367,0.145926517721147
0.283973527483672,0.331186741248271,0.146315010950095
0.285696148133813,0.331624169520297,0.146737021773194
0.287464271847311,0.332026456865953,0.147192977485117
0.289256343802034,0.332390223794405,0.14768330538054
0.291053671240585,0.33271517143063,0.148208267791861
0.292845005625172,0.333006476534483,0.148764740304969
0.294620293234816,0.333269879514151,0.149346423721986
0.296369480348535,0.333511120777816,0.149946896330823
0.298082513245348,0.333735940733664,0.150559736419395
0.299749338204275,0.333950079789877,0.151178522275614
0.301359901504336,0.33415927835464,0.151796832187393
0.302904149424548,0.334369276836138,0.152408244442645
0.304372028243932,0.334585815642554,0.153006337329283
0.305753484241507,0.334814635182073,0.15358468913522
0.307038463696291,0.335061475862878,0.15413687814837
0.308216912887305,0.335332078093154,0.154656482656643
0.309278778093567,0.335632182281085,0.155137080947956
0.310214005594097,0.335967528834855,0.155572251310218
0.311012541667914,0.336343858162648,0.155955572031344
0.31166507776957,0.336766327551956,0.156280621399248
0.312177604128,0.337233181955808,0.156542440488206
0.312570452258204,0.337738142508632,0.156743895479194
0.312864507102266,0.338274852008103,0.156890458316823
0.313080653602266,0.338836953251896,0.156987602720885
0.313239776700288,0.339418089037688,0.157040802411169
0.313362761338414,0.340011902163152,0.157055531107467
0.313470492458726,0.340612035425967,0.157037262529568
0.313583855003306,0.341212131623805,0.156991470397263
0.313723733914237,0.341805833554344,0.156923628430344
0.3139110141336,0.342386784015259,0.1568392103486
0.314166580603478,0.342948625804226,0.156743689871821
0.314511318265954,0.343485001718919,0.156642540719799
0.31496611206311,0.343989554557015,0.156541236612324
0.315551846937027,0.344455927116189,0.156445251269186
0.316289407829788,0.344877762332817,0.156360058410177
0.317194797331555,0.3452511136823,0.156291102622162
0.318257900121087,0.345580584362099,0.156241218317453
0.319459903602271,0.345872672217406,0.156208600458411
0.320781989253966,0.34613387509341,0.156190966433883
0.322205338555035,0.346370690835306,0.156186033632716
0.323711132984338,0.346589617288283,0.156191519443756
0.325280554020737,0.346797152297535,0.15620514125585
0.326894783143092,0.346999793708252,0.156224616457846
0.328535001830266,0.347204039365627,0.156247662438589
0.33018239156112,0.34741638711485,0.156271996586926
0.331818133814514,0.347643334801114,0.156295336291706
0.33342341006931,0.347891380269611,0.156315398941774
0.334979401804369,0.348167021365532,0.156329901925976
0.336467290498554,0.348476755934068,0.156336562633161
0.337868257630724,0.348827081820413,0.156333098452174
0.339163637948762,0.349224338208806,0.156317226771863
0.340348498392723,0.349669336125515,0.156286951264858
0.341442314162285,0.350156054970825,0.156243669222447
0.342467072983066,0.350678051122216,0.156190998909933
0.343444762580686,0.351228880957166,0.156132597052139
0.344397370680762,0.351802100853155,0.156072120373887
0.345346885008913,0.352391267187663,0.156013225599999
0.346315293290757,0.352989936338169,0.155959569455297
0.347324583251913,0.353591664682152,0.155914808664604
0.348396742617999,0.354190008597093,0.155882599952742
0.349553759114634,0.35477852446047,0.155866600044532
0.350817620467436,0.355350768649762,0.155870465664798
0.352210314402023,0.355900297542451,0.155897853538362
0.353753828644014,0.356420667516013,0.155952420390046
0.355470150919027,0.35690543494793,0.156037822944672
0.357381268952682,0.357348156215681,0.156157717927062
0.359506398397528,0.357743448278509,0.156315761960555
0.361831894648508,0.358093820942563,0.156513847933952
0.364322607508555,0.358405343044465,0.156747613106127
0.3669430143788,0.358684100673182,0.157011308466904
0.369657592660375,0.358936179917683,0.15729918500611
0.372430819754411,0.359167666866937,0.157605493713568
0.375227173062041,0.359384647609913,0.157924485579105
0.378011129984396,0.35959320823558,0.158250411592545
0.380747167922608,0.359799434832905,0.158577522743713
0.383399764277808,0.360009413490858,0.158900070022435
0.385933396451128,0.360229230298406,0.159212304418535
0.388312541843699,0.36046497134452,0.15950847692184
0.390501677856655,0.360722722718168,0.159782838522173
0.392465281891124,0.361008570508317,0.16002964020936
0.394167831348241,0.361328600803937,0.160243132973227
0.395573804456707,0.361688889768387,0.160417567803598
0.396662062230543,0.362092621642786,0.160547341555633
0.397462478679414,0.36253609043242,0.160631933410104
0.398016232467788,0.363014585959858,0.160677103219913
0.398364502260135,0.363523398047668,0.160688999745012
0.398548466720923,0.364057816518416,0.160673771745359
0.39860930451462,0.364613131194672,0.160637567980909
0.398588194305695,0.365184631899003,0.160586537211616
0.398526314758618,0.365767608453976,0.160526828197436
0.398464844537856,0.36635735068216,0.160464589698324
0.398444962307879,0.366949148406122,0.160405970474236
0.398507846733154,0.367538291448431,0.160357119285127
0.398694676478151,0.368120069631654,0.160324184890952
0.399046630207339,0.368689772778359,0.160313316051667
0.399604886585186,0.369242690711114,0.160330661527227
0.400410624276162,0.369774113252487,0.160382370077587
0.401504058662821,0.370279452360927,0.160474590462702
0.402891841893768,0.370756312765155,0.160612472269085
0.404539149108071,0.371204195981178,0.160793729236909
0.406408587136608,0.371622666073834,0.161012722145877
0.408462762810257,0.372011287107961,0.161263795522265
0.410664282959896,0.372369623148398,0.161541293892348
0.412975754416403,0.372697238259982,0.161839561782401
0.415359784010655,0.372993696507551,0.1621529437187
0.41777897857353,0.373258561955943,0.162475784227521
0.420195944935907,0.373491398669997,0.162802427835138
0.422573289928662,0.37369177071455,0.163127219067828
0.424873620382675,0.373859242154442,0.163444502451865
0.427059543128821,0.373993377054508,0.163748622513526
0.42909366499798,0.374093739479588,0.164033923779085
0.430938592821029,0.374159893494521,0.164294750774818
0.432556933428846,0.374191403164142,0.164525448027001
0.433916623471669,0.374188769318702,0.16472036827916
0.435025264102419,0.374157057330676,0.164876258450042
0.43590834193099,0.374102720793693,0.164995569772185
0.436591430266765,0.374032213625836,0.165081584824611
0.437100102419128,0.373951989745183,0.16513758618634
0.437459931697461,0.373868503069814,0.165166856436392
0.43769649141115,0.373788207517809,0.16517267815379
0.437835354869575,0.373717557007249,0.165158333917554
0.437902095382121,0.373663005456212,0.165127106306705
0.437922286258172,0.373631006782779,0.165082277900264
0.437921500807109,0.37362801490503,0.165027131277251
0.437925312338318,0.373660483741044,0.164964949016689
0.437959294161181,0.373734867208901,0.164899013697597
0.43804901958508,0.373857619226682,0.164832607898997
0.4382200619194,0.374035193712466,0.164769014199909
0.438497963441603,0.374273982877446,0.164711515179355
0.438899224978795,0.374576078221783,0.164663274483684
0.439418805380115,0.374936536267546,0.164625320497884
0.440048523967616,0.37534976311146,0.164596834565946
0.440780200063351,0.375810164850251,0.164576937123472
0.441605652989372,0.376312147580645,0.164564748606064
0.442516702067733,0.376850117399364,0.164559389449322
0.443505166620487,0.377418480403137,0.164559980088849
0.444562865969687,0.378011642688687,0.164565640960247
0.445681619437386,0.37862401035274,0.164575492499115
0.446853246345637,0.379249989492021,0.164588655141058
0.448069566016493,0.379883986203255,0.164604249321676
0.449322397772007,0.380520406583168,0.164621395476571
0.450603560934233,0.381153656728485,0.164639214041345
0.451904874825223,0.381778142735931,0.164656825451599
0.45321815876703,0.382388270702231,0.164673350142935
0.454535293218322,0.38297890665191,0.164687908550954
0.455849256255839,0.383549798797151,0.164699772743087
0.45715397541648,0.384103637765269,0.164708953637569
0.458443409546726,0.384643154695359,0.164715686860456
0.45971151749306,0.385171080726521,0.16472020809032
0.460952258101966,0.38569014699785,0.164722753005733
0.462159590219925,0.386203084648446,0.164723557285268
0.463327472693421,0.386712624817403,0.164722856607498
0.464449864368935,0.38722149864382,0.164720886650994
0.465520724092951,0.387732437266794,0.164717883094328
0.466534010711952,0.388248171825422,0.164714081616075
0.467483683072419,0.388771433458803,0.164709717894805
0.468363700020835,0.389304953306031,0.16470502760909
0.469168020403684,0.389851462506206,0.164700246437505
0.469890603067447,0.390413692198423,0.164695610058621
0.470525406858608,0.390994373042546,0.16469135415101
0.471069517428776,0.391594587368412,0.164687712862695
0.471535256297461,0.39221008208563,0.1646848136689
0.4719395786918,0.392835526541087,0.164682609552574
0.472299440921903,0.393465590081668,0.164681037363827
0.472631799297875,0.394094942054259,0.164680033952768
0.472953610129826,0.394718251805746,0.164679536169505
0.473281829727862,0.395330188683015,0.164679480864147
0.473633414402091,0.395925422032951,0.164679804886802
0.47402532046262,0.396498621202441,0.164680445087581
0.474474504219558,0.39704445553837,0.164681338316591
0.474997921983011,0.397557594387624,0.164682421423941
0.475612530063087,0.398032707097088,0.164683631259741
0.476335284769893,0.398464463013649,0.164684904674098
0.477183142413538,0.398847531484192,0.164686178517121
0.478173059304128,0.399176581855603,0.164687389638921
0.479321791136216,0.399446446203732,0.164688474889604
0.480632111542288,0.3996567557774,0.1646893755429
0.48208392270412,0.39981261353261,0.164690079829787
0.483655012202566,0.399919420386799,0.164690604281611
0.485323167618478,0.399982577257403,0.164690965819365
0.48706617653271,0.400007485061861,0.164691181364041
0.488861826526113,0.399999544717611,0.164691267836632
0.490687905179542,0.39996415714209,0.164691242158129
0.492522200073849,0.399906723252736,0.164691121249526
0.494342498789886,0.399832643966987,0.164690922031816
0.496126588908507,0.39974732020228,0.164690661425989
0.497852258010565,0.399656152876052,0.164690356353039
0.499497293676912,0.399564542905742,0.164690023733959
0.501039483488402,0.399477891208787,0.164689680489741
0.502456615025886,0.399401598702625,0.164689343541377
0.503726475870219,0.399341066304694,0.164689029809859
0.504829137681134,0.399300890542161,0.164688756214905
0.505768917884188,0.399280240199295,0.164688535289486
0.506564746433845,0.399276039933746,0.16468836536727
0.507235754472897,0.399285207284799,0.164688241914178
0.507801073144139,0.39930465979174,0.164688160396133
0.508279833590363,0.399331314993853,0.164688116279056
0.508691166954364,0.399362090430425,0.164688105028867
0.509054204378934,0.399393903640741,0.164688122111489
0.509388077006868,0.399423672164085,0.164688162992843
0.509711915980958,0.399448313539744,0.164688223138849
0.510044852443998,0.399464745307003,0.164688298015431
0.510406017538782,0.399469885005147,0.164688383088509
0.510814542408103,0.399460650173461,0.164688473824003
0.511289558194754,0.399433958351233,0.164688565687837
0.511850196041529,0.399386727077744,0.164688654145931
0.512515585077713,0.399315888789786,0.164688734664207
0.51329792897255,0.399221253683576,0.164688802795768
0.514187014622508,0.399108920040268,0.164688856664855
0.515168101543327,0.398985816785281,0.16468889732716
0.516226449250745,0.398858872844039,0.164688925998004
0.517347317260503,0.39873501714196,0.164688943892709
0.518515965088337,0.398621178604466,0.164688952226597
0.519717652249988,0.398524286156978,0.164688952214991
0.520937638261195,0.398451268724915,0.164688945073211
0.522161182637696,0.3984090552337,0.164688932016579
0.523373544895231,0.398404574608752,0.164688914260418
0.524559984549537,0.398444755775493,0.164688893020051
0.525705761116354,0.398536527659343,0.164688869510797
0.526796134111422,0.398686819185723,0.16468884494798
0.527816363050478,0.398902559280053,0.164688820546921
0.528751707449262,0.399190676867755,0.164688797522942
0.529587854287188,0.399557483772745,0.164688777091365
0.530323097224619,0.399999537942955,0.16468876032125
0.530970103245611,0.400505613489307,0.164688747294732
0.531542322032571,0.401064267726755,0.164688737685894
0.532053203267905,0.401664057970252,0.16468873116753
0.532516196634021,0.402293541534752,0.164688727412429
0.532944751813327,0.402941275735208,0.164688726093382
0.533352318488229,0.403595817886573,0.164688726883181
0.533752346341133,0.404245725303803,0.164688729454616
0.534158285054449,0.404879555301849,0.164688733480479
0.534583584310581,0.405485865195666,0.164688738633559
0.535041693791939,0.406053212300207,0.16468874458665
0.535546063180927,0.406570153930424,0.164688751012539
0.536110142159955,0.407025247401273,0.164688757584021
0.536747380411429,0.407407050027707,0.164688763973885
0.537471227617755,0.407704119124678,0.164688769854921
0.538292656127886,0.407908593691535,0.164688774900548
0.539205922115082,0.40802851978785,0.164688778905118
0.540198370368711,0.408076357947865,0.164688781927239
0.541257323755251,0.4080645688745,0.164688784060424
0.542370105141178,0.408005613270678,0.164688785398188
0.543524037392967,0.407911951839319,0.164688786034045
0.544706443377096,0.407796045283345,0.16468878606151
0.545904645960042,0.407670354305678,0.164688785574096
0.547105968008279,0.407547339609238,0.164688784665318
0.548297732388286,0.407439461896948,0.164688783428689
0.549467261966538,0.407359181871728,0.164688781957725
0.550601879609511,0.407318960236501,0.16468878034594
0.551688908183682,0.407331257694188,0.164688778686847
0.552715670555528,0.407408534947709,0.164688777073961
0.553669489591525,0.407563252699986,0.164688775600797
0.554537723209118,0.40780770558099,0.164688774360868
0.555314500142307,0.408144947731459,0.164688773442973
0.55600874378413,0.408564111952929,0.164688772861392
0.556631331874428,0.409053179230604,0.164688772570933
0.557193142153045,0.40960013054969,0.164688772524747
0.557705052359826,0.41019294689539,0.164688772675988
0.558177940234612,0.410819609252909,0.164688772977806
0.558622683517249,0.411468098607451,0.164688773383354
0.559050159947579,0.412126395944223,0.164688773845784
0.559471247265446,0.412782482248426,0.164688774318248
0.559896823210692,0.413424338505266,0.164688774753898
0.560337765523163,0.414039945699949,0.164688775105887
0.5608049519427,0.414617284817678,0.164688775327366
0.561309260209148,0.415144336843658,0.164688775371487
0.561861568062349,0.415609082763092,0.164688775191402
0.562472753242148,0.415999503561187,0.164688774740264
0.56315295700412,0.416304918037715,0.164688773971225
0.563900679769776,0.416527407430074,0.164688772858522
0.56470513228387,0.416676130564036,0.164688771470044
0.565555266554435,0.416760321684017,0.164688769899667
0.566440034589505,0.416789215034435,0.164688768241268
0.567348388397111,0.416772044859707,0.164688766588725
0.568269279985286,0.416718045404247,0.164688765035915
0.569191661362062,0.416636450912474,0.164688763676715
0.570104484535474,0.416536495628804,0.164688762605003
0.570996701513552,0.416427413797654,0.164688761914657
0.571857264304331,0.416318439663439,0.164688761699554
0.572675124915841,0.416218807470577,0.164688762053572
0.573439235356117,0.416137751463485,0.164688763070587
0.574138547633191,0.416084505886579,0.164688764844477
0.574762013755095,0.416068304984275,0.16468876746912
0.575298585729862,0.416098380483665,0.164688771038394
0.575740898091981,0.41618077259106,0.164688775643309
0.576097940298286,0.416312084918383,0.164688781215377
0.57638324056949,0.416487185336646,0.164688787445819
0.576610327299736,0.416700941716859,0.164688794005972
0.576792728883169,0.416948221930035,0.164688800567175
0.576943973713929,0.417223893847185,0.164688806800765
0.577077590186162,0.417522825339322,0.164688812378081
0.577207106694009,0.417839884277456,0.16468881697046
0.577346051631614,0.418169938532599,0.164688820249242
0.57750795339312,0.418507855975764,0.164688821885763
0.577706340372671,0.418848504477962,0.164688821551362
0.577954740964409,0.419186751910205,0.164688818917378
0.578266683562478,0.419517466143503,0.164688813655147
0.57865569656102,0.41983551504887,0.164688805436009
0.579135308354179,0.420135766497316,0.164688793931301
0.579718842368865,0.420413270166337,0.164688778812361
0.580408217420447,0.420667665942536,0.16468875984806
0.581188170607845,0.420903423132185,0.164688737737688
0.582042017458299,0.42112524072886,0.164688713696518
0.582953073499046,0.421337817726138,0.164688688945321
0.583904654257325,0.421545853117592,0.164688664704866
0.584880075260375,0.421754045896799,0.164688642195924
0.585862652035434,0.421967095057335,0.164688622639264
0.586835700109741,0.422189699592775,0.164688607255658
0.587782535010535,0.422426558496695,0.164688597265874
0.588686472265053,0.422682370762669,0.164688593890684
0.589530827400535,0.422961835384275,0.164688598350857
0.590298915944219,0.423269651355088,0.164688611867164
0.590974053423345,0.423610517668682,0.164688635660374
0.591539555365149,0.423989133318634,0.164688670951259
0.591978737296872,0.424410197298519,0.164688718960587
0.592277238571742,0.424877163852168,0.164688780908118
0.59244286729864,0.425385858531169,0.164688856730639
0.592495725580106,0.425929218222366,0.164688942571488
0.592456046523238,0.426500174358404,0.164689033876245
0.592344063235133,0.427091658371932,0.164689126090493
0.592180008822889,0.427696601695595,0.164689214659812
0.591984116393603,0.428307935762042,0.164689295029784
0.591776619054375,0.428918592003918,0.164689362645989
0.591577749912301,0.42952150185387,0.16468941295401
0.59140774207448,0.430109596744547,0.164689441399427
0.591286828648009,0.430675808108593,0.164689443427821
0.591235242739987,0.431213067378657,0.164689414484775
0.59127321745751,0.431714305987385,0.164689350015868
0.591420985907677,0.432172455367424,0.164689245466683
0.591698781197586,0.432580446951422,0.1646890962828
0.592126829720798,0.432931236636296,0.164688897909801
0.592716846307314,0.43322111797924,0.164688646191814
0.59345537904731,0.433453080425734,0.16468834703541
0.594324346930883,0.433630913417731,0.164688016933981
0.595305668948128,0.433758406397187,0.164687672884434
0.596381264089143,0.433839348806054,0.164687331883675
0.597533051344025,0.433877530086287,0.164687010928606
0.598742949702869,0.43387673967984,0.164686727016134
0.599992878155773,0.433840767028667,0.164686497143163
0.601264755692833,0.433773401574722,0.164686338306598
0.602540501304145,0.433678432759958,0.164686267503345
0.603802033979807,0.433559650026331,0.164686301730307
0.605031272709915,0.433420842815794,0.16468645798439
0.606210136484564,0.433265800570301,0.164686753262499
0.607320544293853,0.433098312731806,0.164687204561539
0.608344415127877,0.432922168742263,0.164687828878415
0.60926423386616,0.432741209418112,0.16468864321003
0.610076772836941,0.432559994641229,0.164689656045551
0.610793836382079,0.432383613489065,0.164690823732791
0.611427943766326,0.43221716731708,0.164692082875827
0.611991614254431,0.432065757480732,0.164693370041459
0.612497367111145,0.43193448533548,0.164694621796486
0.612957721601218,0.431828452236784,0.164695774707707
0.613385196989401,0.431752759540102,0.164696765341921
0.613792312540443,0.431712508600893,0.164697530265927
0.614191587519094,0.431712800774615,0.164698006046525
0.614595541190105,0.431758737416728,0.164698129250514
0.615016692818226,0.431855419882691,0.164697836444692
0.615467561668207,0.432007949527962,0.16469706419586
0.615960667004799,0.432221427708,0.164695749070816
0.616508528092751,0.432500955778265,0.164693827636359
0.617123664196814,0.432851635094214,0.164691236459288
0.617815978745367,0.433275915527693,0.164687912782716
0.618579343502019,0.433765510110397,0.1646838861192
0.619401559713526,0.434309414534641,0.164679371088777
0.620270417164673,0.434896624492558,0.164674604427346
0.621173705640247,0.435516135676282,0.164669822870805
0.622099214925031,0.436156943777943,0.164665263155052
0.623034734803812,0.436808044489675,0.164661162015987
0.623968055061376,0.437458433503609,0.164657756189508
0.624886965482507,0.438097106511879,0.164655282411513
0.625779255851991,0.438713059206616,0.164653977417901
0.626632715954615,0.439295287279953,0.16465407794457
0.627435135575162,0.439832786424022,0.164655820727419
0.628174304498419,0.440314552330956,0.164659442502347
0.628838012509171,0.440729580692887,0.164665180005251
0.629414049392203,0.441066867201948,0.16467326997203
0.629890254840229,0.441315614034081,0.164683949138583
0.630261277483731,0.441474390747237,0.164697410372004
0.630535425787608,0.441554773178895,0.164713232527575
0.630722640236123,0.441569296093221,0.164730542579124
0.630832861313539,0.441530494254385,0.164748457016258
0.630876029504122,0.441450902426554,0.164766092328583
0.630862085292135,0.441343055373896,0.164782565005707
0.630800969161843,0.441219487860578,0.164796991537236
0.63070262159751,0.441092734650769,0.164808488412778
0.6305769830834,0.440975330508635,0.164816172121938
0.630433994103777,0.440879810198347,0.164819159154325
0.630283595142906,0.44081870848407,0.164816565999544
0.63013572668505,0.440804560129972,0.164807509147202
0.630000329214475,0.440849899900223,0.164791105086907
0.629887343215443,0.440967262558989,0.164766470308265
0.629806709172221,0.441169182870438,0.164732721300883
0.629767932459017,0.441466391764393,0.164688974554369
0.629774428411481,0.441854107394481,0.164635034848221
0.62982513040672,0.442319639173063,0.164573494102892
0.629918867834734,0.442850233463179,0.16450764962401
0.630054470085527,0.443433136627871,0.164440798717247
0.630230766549098,0.444055595030177,0.164376238688278
0.630446586615449,0.444704855033137,0.164317266842777
0.630700759674583,0.445368162999793,0.164267180486419
0.6309921151165,0.446032765293184,0.164229276924876
0.6313194823312,0.446685908276349,0.164206853463825
0.631681690708688,0.447314838312329,0.164203207408938
0.632077569638963,0.447906801764165,0.16422163606589
0.632505948512027,0.448449044994895,0.164265436740355
0.632965656717881,0.44892881436756,0.164337906738007
0.633455523646528,0.4493333562452,0.164442343364521
0.633974378687967,0.449649926614737,0.16458204392557
0.634520378315801,0.44987175844536,0.164760226711288
0.635088954115651,0.450008245813786,0.164976525378499
0.635674848043294,0.450071487391844,0.1652255964471
0.636272802054459,0.450073581851362,0.165501729482748
0.636877558104876,0.450026627864168,0.165799214051102
0.637483858150276,0.44994272410209,0.166112339717819
0.638086444146389,0.449833969236957,0.166435396048556
0.638680058048944,0.449712461940597,0.166762672608971
0.639259441813672,0.449590300884838,0.167088458964721
0.639819337396302,0.449479584741508,0.167407044681465
0.640354486752565,0.449392412182436,0.167712719324858
0.640859631838191,0.44934088187945,0.167999772460559
0.641329514608909,0.449337092504378,0.168262493654226
0.64175887702045,0.449393142729049,0.168495172471515
0.642142461028544,0.449521131225291,0.168692098478085
0.642475133767213,0.449732680856116,0.168847561239593
0.642757441231612,0.450029030088804,0.168956710874992
0.642997814315284,0.450401334480193,0.169022098166561
0.643205265249386,0.450840334091774,0.169050046911204
0.643388806265074,0.451336768985037,0.169046910984693
0.643557449593506,0.451881379221473,0.169019044262803
0.643720207465837,0.452464904862572,0.168972800621308
0.643886092113224,0.453078085969826,0.168914533935981
0.644064115766825,0.453711662604725,0.168850598082596
0.644263290657795,0.45435637482876,0.168787346936929
0.644492629017291,0.45500296270342,0.168731134374751
0.64476114307647,0.455642166290198,0.168688314271838
0.64507784506649,0.456264725650584,0.168665240503963
0.645451747218505,0.456861380846068,0.168668266946901
0.645891861763674,0.457422871938141,0.168703747476424
0.646407200933151,0.457939938988294,0.168778035968308
0.647005349115635,0.4584050165622,0.168897481315133
0.647681611412318,0.458819984924113,0.169065337560983
0.648425032684024,0.459189996136705,0.169276490617479
0.649224607884281,0.459520205448303,0.169524425971788
0.650069331966614,0.459815768107233,0.169802629111079
0.65094819988455,0.460081839361821,0.170104585522522
0.651850206591614,0.460323574460394,0.170423780693284
0.652764347041332,0.460546128651277,0.170753700110534
0.653679616187232,0.460754657182797,0.171087829261441
0.654585008982839,0.46095431530328,0.171419653633173
0.655469520381679,0.461150258261052,0.1717426587129
0.656322145337279,0.461347641304439,0.172050329987788
0.657131878803165,0.461551619681769,0.172336152945008
0.657887715732862,0.461767348641366,0.172593613071728
0.658578651079897,0.461999983431558,0.172816195855116
0.659193687400108,0.462254647120519,0.172997386782341
0.659726548720307,0.462533212603807,0.17313096157014
0.660183725409371,0.462831560033442,0.173217030115284
0.660573844310197,0.46314492363259,0.173261852597301
0.660905532265678,0.463468537624414,0.173271942635819
0.661187416118709,0.463797636232081,0.173253813850468
0.661428122712186,0.464127453678756,0.173213979860879
0.661636278889002,0.464453224187605,0.173158954286681
0.661820511492054,0.464770181981793,0.173095250747503
0.661989447364236,0.465073561284485,0.173029382862976
0.662151713348441,0.465358596318846,0.17296786425273
0.662315936287567,0.465620521308042,0.172917208536393
0.662490743024507,0.465854570475239,0.172883929333597
0.662684760402157,0.466055978043601,0.172874540263971
0.662906615263411,0.466219978236294,0.172895554947144
0.663164934451163,0.466341805276484,0.172953487002747
0.663468069834092,0.466417240706266,0.17305485005041
0.663818372044643,0.46644888408145,0.173204645661575
0.664212364710115,0.466443960058063,0.17339944677614
0.664646331339284,0.466409781217154,0.173632906826978
0.665116555440927,0.466353660139777,0.17389867640432
0.665619320523823,0.466282909406981,0.174190406098402
0.666150910096747,0.466204841599819,0.174501746499459
0.666707607668477,0.466126769299342,0.174826348197723
0.66728569674779,0.466056005086601,0.175157861783428
0.667881460843464,0.465999861542648,0.17548993784681
0.668491183464275,0.465965651248534,0.175816226978101
0.669111148119002,0.46596068678531,0.176130379767536
0.66973763831642,0.465992280734028,0.176426046805349
0.670366937565307,0.466067745675738,0.176696878681774
0.67099532937444,0.466194394191493,0.176936525987044
0.671619097252597,0.466379538824344,0.177138639311394
0.672234919715725,0.466628325868936,0.177296908307703
0.672841677173809,0.466937902523534,0.177408967928484
0.673439012728275,0.467303570074648,0.17747972756109
0.674026570223159,0.467720629808791,0.177514880669031
0.674603993502497,0.468184383012475,0.177520120715821
0.675170926410323,0.468690130972212,0.177501141164971
0.675727012790673,0.469233174974514,0.177463635479995
0.676271896487584,0.469808816305892,0.177413297124404
0.676805221345089,0.470412356252859,0.17735581956171
0.677326631207225,0.471039096101927,0.177296896255426
0.677835769918028,0.471684337139607,0.177242220669065
0.678332281321532,0.472343380652412,0.177197486266139
0.678815809261774,0.473011527926853,0.177168386510159
0.679285997582789,0.473684080249444,0.17716061486464
0.679742490128611,0.474356338906694,0.177179864793092
0.680184927181748,0.475023638422309,0.177231829759027
0.680612589312683,0.475682564240283,0.177321798691773
0.681024093846546,0.476331303366966,0.177450021192621
0.681417986620458,0.476968147519336,0.177613328360324
0.681792813471538,0.477591388414372,0.177808486306522
0.682147120236906,0.478199317769054,0.178032261142852
0.682479452753683,0.478790227300359,0.178281418980954
0.682788356858987,0.479362408725268,0.178552725932466
0.68307237838994,0.479914153760758,0.178842948109026
0.68333006318366,0.480443754123809,0.179148851622273
0.683559957077268,0.4809495015314,0.179467202583846
0.683760605907883,0.481429687700509,0.179794767105383
0.683930555512627,0.481882604348115,0.180128311298522
0.684068351728617,0.482306543191198,0.180464601274903
0.684172540392975,0.482699795946735,0.180800403146163
0.684241667342819,0.483060654331708,0.181132483023941
0.684274624023946,0.483387944494804,0.181457607032153
0.684274607168434,0.483684646828053,0.181773241182716
0.684247734062846,0.483955686795088,0.182079435896401
0.684200177514667,0.484206000963522,0.182376837985183
0.684138110331382,0.484440525900965,0.182666094261034
0.684067705320476,0.484664198175029,0.182947851535926
0.683995135289434,0.484881954353326,0.183222756621831
0.68392657304574,0.485098731003468,0.183491456330723
0.683868191396881,0.485319464693066,0.183754597474575
0.68382616315034,0.485549091989731,0.184012826865358
0.683806661113602,0.485792549461076,0.184266791315045
0.683815858094153,0.48605477367471,0.184517137635609
0.683859926899478,0.486340701198247,0.184764512639023
0.683945040337061,0.486655268599298,0.185009563137259
0.684077371214387,0.487003412445475,0.185252935942289
0.684263092308492,0.487390062214688,0.185495277866087
0.684506640691521,0.487817609235331,0.185737235718718
0.68480604416569,0.488282161530895,0.185979456238509
0.68515785149782,0.488778871669874,0.186222586071936
0.685558611454737,0.489302892220765,0.18646727185947
0.686004872803264,0.489849375752067,0.186714160241583
0.686493184310222,0.490413474832274,0.186963897858744
0.687020094742437,0.490990342029885,0.187217131351426
0.68758215286673,0.491575129913395,0.187474507360099
0.688175907449925,0.492162991051303,0.187736672525235
0.688797907258846,0.492749078012103,0.188004273487305
0.689444701060315,0.493328543364294,0.188277956886779
0.690112837621156,0.493896539676372,0.188558369364129
0.690798865708192,0.494448219516834,0.188846157559826
0.691499334088247,0.494978735454177,0.18914196811434
0.692210791528143,0.495483240056896,0.189446447668144
0.692929836677552,0.495957048085953,0.189760242861708
0.693654945585053,0.496398559709102,0.190083688273907
0.694386997946709,0.496808939732485,0.190414692767136
0.695127030609783,0.49718945075858,0.190750029451297
0.695876080421534,0.497541355389866,0.19108646495253
0.696635184229225,0.497865916228822,0.191420765896981
0.697405378880116,0.49816439587793,0.191749698910791
0.698187701221469,0.498438056939667,0.192070030620103
0.698983188100545,0.498688162016513,0.192378527651061
0.699792876364605,0.498915973710948,0.192671956629807
0.700617802860911,0.499122754625451,0.192947084182485
0.701459004436723,0.499309767362501,0.193200676935238
0.702317517939303,0.499478274524578,0.193429501514209
0.703194380215913,0.499629538714161,0.193630324545541
0.704090628113812,0.49976482253373,0.193799912655376
0.705007298480264,0.499885388585764,0.193935032469859
0.705944758335956,0.499992308706431,0.194032457082346
0.706898168007232,0.500085686484283,0.194091274882776
0.707860249977361,0.500165319061777,0.194116305883387
0.708823712812514,0.500231003460497,0.194113241661173
0.709781265078862,0.500282536702029,0.19408777379313
0.710725615342575,0.50031971580796,0.194045593856253
0.711649472169825,0.500342337799873,0.19399239342754
0.712545544126783,0.500350199699356,0.193933864083985
0.713406539779619,0.500343098527994,0.193875697402584
0.714225167694504,0.500320831307371,0.193823584960334
0.714994136437609,0.500283195059075,0.193783218334229
0.715706154575105,0.50022998680469,0.193760289101266
0.716353930673163,0.500161003565801,0.193760488838441
0.716930173297953,0.500076042363996,0.193789509122749
0.717427591015647,0.499974900220858,0.193853041531185
0.717838903721508,0.499857402650581,0.193956777640747
0.718160887184855,0.499725584122095,0.194106089583918
0.71840035767624,0.499585225965806,0.194300272661647
0.718565658249835,0.499442472770855,0.194533177109516
0.718665131959812,0.499303469126378,0.194798460549319
0.718707121860344,0.499174359621516,0.195089780602853
0.718699971005603,0.499061288845408,0.195400794891914
0.718652022449761,0.498970401387194,0.195725161038296
0.718571619246992,0.498907841836011,0.196056536663797
0.718467104451466,0.498879754781001,0.19638857939021
0.718346821117357,0.498892284811301,0.196714946839332
0.718219112298837,0.498951576516052,0.19702929663296
0.718092321050079,0.499063774484392,0.197325286392887
0.717974790425255,0.49923502330546,0.19759657374091
0.717874863478537,0.499471467568397,0.197836816298825
0.717800883264098,0.49977925186234,0.198039671688427
0.71776097933985,0.50016361823933,0.198198797531511
0.717759219898575,0.500619758275331,0.198309521426354
0.717796033999977,0.501136583041655,0.198375647052468
0.71787172197304,0.501702907716081,0.198403660731646
0.717986584146748,0.502307547476387,0.198400049843786
0.718140920850084,0.502939317500355,0.198371301768789
0.71833503241203,0.503587032965762,0.198323903886554
0.71856921916157,0.504239509050388,0.198264343576981
0.718843781427688,0.504885560932014,0.198199108219969
0.719159019539367,0.505514003788417,0.19813468519542
0.719515233825589,0.506113652797378,0.198077561883231
0.719912724615339,0.506673323136675,0.198034225663304
0.720351792237599,0.507181829984088,0.198011163915537
0.720832737021353,0.507627988517397,0.19801486401983
0.721355859295584,0.508000613914381,0.198051813356084
0.721921459389275,0.508288522091912,0.198128499304198
0.722528556203047,0.508485137098472,0.198251351321473
0.723169664659146,0.508599406937862,0.198422308282757
0.723835241199388,0.508643545197979,0.19863569207099
0.724515741453669,0.508629765466725,0.198885086100699
0.725201621051881,0.508570281331997,0.19916407378641
0.725883335623922,0.508477306381696,0.199466238542652
0.726551340799683,0.508363054203721,0.199785163783951
0.727196092209061,0.508239738385972,0.200114432924835
0.727808045481949,0.508119572516348,0.200447629379831
0.728377656248243,0.508014770182748,0.200778336563465
0.728895380137836,0.507937544973073,0.201100137890267
0.729351672780624,0.507900110475223,0.201406616774762
0.7297369898065,0.507914680277095,0.201691356631477
0.73004178684536,0.50799346796659,0.201947940874941
0.730256519527098,0.508148687131609,0.202169952919681
0.730371767531138,0.508392226071295,0.202350976180222
0.730387727761573,0.50872566839062,0.202485240138341
0.730320910000222,0.509138427335634,0.202574168753922
0.730189405564641,0.509619214488806,0.202623681789129
0.730011305772385,0.510156741432598,0.202639767650034
0.729804701941012,0.510739719749481,0.202628414742704
0.729587685388075,0.511356861021918,0.20259561147321
0.729378347431132,0.511996876832376,0.202547346247621
0.729194779387738,0.512648478763322,0.202489607472005
0.729055072575448,0.513300378397221,0.202428383552434
0.728977318311819,0.51394128731654,0.202369662894975
0.728979607914406,0.514559917103746,0.202319433905699
0.729080032700766,0.515144979341303,0.202283684990675
0.729296683988453,0.515685185611679,0.202268404555972
0.729647653095024,0.516169247497339,0.20227958100766
0.730151031338034,0.516585876580751,0.202323202751808
0.730822756968254,0.516925395488591,0.202405257868034
0.731654792107135,0.51718947153206,0.202529699061406
0.732624116283203,0.517384644888048,0.202693622231189
0.733707480264106,0.517517474526948,0.202892680894499
0.73488163481749,0.51759451941915,0.203122528568455
0.736123330711005,0.517622338535047,0.203378818770173
0.737409318712298,0.517607490845032,0.20365720501677
0.738716349589017,0.517556535319494,0.203953340825362
0.74002117410881,0.517476030928828,0.204262879713068
0.741300543039324,0.517372536643423,0.204581475197005
0.742531207148209,0.517252611433673,0.204904780794287
0.743689917203111,0.517122814269968,0.205228450022034
0.74475342397168,0.516989704122701,0.205548136397363
0.745698478221561,0.516859839962264,0.205859493437389
0.746501830720405,0.516739780759049,0.206158174659231
0.747140233669688,0.516636075367356,0.206439833580005
0.747599378988094,0.516552954009971,0.206700250343431
0.747895074871821,0.516489385547035,0.20693921644745
0.748049464709032,0.516443613070438,0.207161260999853
0.748084691887893,0.516413879672067,0.207371186248142
0.748022899796568,0.516398428443811,0.207573794439817
0.747886231823223,0.516395502477558,0.207773887822383
0.747696831356022,0.516403344865197,0.207976268643338
0.747476841783131,0.516420198698614,0.208185739150185
0.747248406492714,0.5164443070697,0.208407101590427
0.747033668872936,0.516473913070342,0.208645158211563
0.746854772311963,0.516507259792429,0.208904711261096
0.746733860197959,0.516542590327849,0.209190562986527
0.74669307591909,0.51657814776849,0.209507515635359
0.746754562863519,0.51661217520624,0.209860371455092
0.746940464419413,0.516642915732987,0.210253932693228
0.74727235233548,0.516668682159795,0.210693001597269
0.747753689619425,0.516688951632276,0.211181200661981
0.748366551950647,0.516704163898197,0.211713844774863
0.749091781954565,0.516714787619615,0.212282680469059
0.749910222256597,0.516721291458585,0.212879440515408
0.750802715482162,0.51672414407716,0.213495857684745
0.751750104256678,0.516723814137397,0.214123664747909
0.752733231205565,0.51672077030135,0.214754594475738
0.753732938954241,0.516715481231075,0.215380379639069
0.754730070128126,0.516708415588626,0.215992753008739
0.755705467352636,0.516700042036059,0.216583447355587
0.756639973253193,0.516690829235428,0.217144195450449
0.757514430455214,0.516681245848788,0.217666730064163
0.758309681584117,0.516671760538195,0.218142783967568
0.759006569265323,0.516662841965704,0.2185640899315
0.759585936124249,0.516654958793369,0.218922380726796
0.760031700373833,0.516648495446405,0.21920940949796
0.760349437962934,0.516643446751917,0.219421599081345
0.760554027455942,0.516639694980832,0.219565968624974
0.760660383295249,0.51663712239304,0.219650998964113
0.760683419923251,0.516635611248433,0.219685170934027
0.760638051782342,0.516635043806902,0.219676965369983
0.760539193314915,0.51663530232834,0.219634863107245
0.760401758963367,0.516636269072638,0.219567344981078
0.76024066317009,0.516637826299688,0.219482891826749
0.760070820377479,0.51663985626938,0.219389984479521
0.759907145027929,0.516642241241608,0.219297103774661
0.759764551563834,0.516644863476262,0.219212730547435
0.759657954427588,0.516647605233234,0.219145345633106
0.759602268061586,0.516650348772415,0.219103429866942
0.759612406908222,0.516652976353698,0.219095464084206
0.759703258113995,0.516655370959312,0.219129929120165
0.759883452542102,0.51665745980462,0.219214856240899
0.760147424502755,0.516659239184664,0.219350768750133
0.760487649990762,0.516660711397825,0.219531982817445
0.76089660500093,0.516661878742479,0.219752628164819
0.76136676552807,0.516662743517005,0.220006834514239
0.761890607566989,0.516663308019783,0.22028873158769
0.762460607112496,0.51666357454919,0.220592449107154
0.763069240159399,0.516663545403605,0.220912116794616
0.763708982702506,0.516663222881408,0.221241864372059
0.764372310736627,0.516662609280976,0.221575821561467
0.765051700256569,0.516661706900687,0.221908118084824
0.765739627257142,0.516660518038921,0.222232883664115
0.766428567733153,0.516659044994056,0.222544248021322
0.767110997679411,0.51665729006447,0.222836340878429
0.767779393090724,0.516655255548543,0.223103291957421
0.768426528033775,0.516652950065436,0.223339230980281
0.769050154479603,0.516650445395748,0.223539390903063
0.76965213983279,0.516647849651329,0.223704107175001
0.770234475115787,0.516645271378772,0.223835189372465
0.770799151351043,0.516642819124671,0.223934447216332
0.771348159561009,0.516640601435622,0.224003690427481
0.771883490768133,0.516638726858216,0.224044728726788
0.772407135994867,0.51663730393905,0.224059371835131
0.772921086263659,0.516636441224717,0.224049429473387
0.77342733259696,0.516636247261811,0.224016711362434
0.77392786601722,0.516636830596927,0.22396302722315
0.774424677546888,0.516638299776658,0.223890186776411
0.774919758208414,0.516640763347599,0.223799999743096
0.775415099024249,0.516644329856344,0.223694275844081
0.775912691016842,0.516649107849487,0.223574824800244
0.776414525208644,0.516655205811283,0.223443456332464
0.776922243392869,0.516662615416723,0.223302000723342
0.777435872166252,0.516670969040041,0.223153547372191
0.77795497148993,0.516679830196482,0.223003152063746
0.778479101279294,0.516688762401291,0.222856041470474
0.779007821449736,0.516697329169711,0.222717442264843
0.779540691916649,0.516705094016989,0.22259258111932
0.780077272595424,0.51671162045837,0.222486684706373
0.780617123401453,0.516716472009096,0.222404979698467
0.781159804250129,0.516719212184414,0.222352692768073
0.781704875056842,0.516719404499568,0.222335050587655
0.782251895736986,0.516716612469804,0.222357279829682
0.782800426205952,0.516710399610365,0.22242460716662
0.783350026379132,0.516700329436498,0.222542259270937
0.783900256171918,0.516685965463445,0.2227154628151
0.784450675499702,0.516666871206453,0.222949444471576
0.785000845537958,0.51664264539563,0.223249430912834
0.785550404624441,0.516613837261133,0.223619771172798
0.786099111602643,0.516582031872995,0.224056044341996
0.786646735788546,0.516548866623645,0.224548784929919
0.787193046498133,0.516515978905508,0.225088467081744
0.787737813047385,0.516485006111011,0.225665564942645
0.788280804752285,0.51645758563258,0.226270552657799
0.788821790928815,0.516435354862643,0.22689390437238
0.789360540892957,0.516419951193626,0.227526094231564
0.789896823960694,0.516413012017955,0.228157596380526
0.790430409448007,0.516416174728057,0.228778884964442
0.790961066670879,0.516431076716359,0.229380434128488
0.791488564945292,0.516459355375287,0.229952718017837
0.792012673587229,0.516502648097268,0.230486210777666
0.79253316191267,0.516562592274729,0.23097138655315
0.7930497992376,0.516640825300096,0.231398719489464
0.793562449676748,0.516738202704361,0.231758685564284
0.794071924636503,0.516850582907882,0.232045194426423
0.794579580417248,0.51697185755297,0.232262717563853
0.795086779839664,0.517095913554673,0.232417750611562
0.795594885724429,0.517216637828041,0.232516789204538
0.796105260892223,0.517327917288121,0.232566328977767
0.796619268163724,0.517423638849962,0.232572865566238
0.797138270359613,0.517497689428615,0.232542894604938
0.797663630300568,0.517543955939127,0.232482911728854
0.798196710807268,0.517556325296546,0.232399412572974
0.798738874700393,0.517528684415922,0.232298892772287
0.799291484800623,0.517454920212303,0.232187847961777
0.799855903928635,0.517328919600739,0.232072773776435
0.80043349490511,0.517144569496277,0.231960165851246
0.801025620550726,0.516895756813967,0.231856519821199
0.801633642933168,0.516576398243096,0.231768331321281
0.802257513184096,0.516185109948824,0.231701930229704
0.802892842450725,0.5157302941813,0.231659172409816
0.803534410134355,0.51522157533198,0.231637038014526
0.804176995636287,0.514668577792319,0.231632260914632
0.804815378357823,0.514080925953777,0.231641574980929
0.805444337700263,0.513468244207808,0.231661714084214
0.806058653064908,0.512840156945869,0.231689412095283
0.806653103853058,0.512206288559416,0.231721402884932
0.807222469466016,0.511576263439907,0.231754420323959
0.807761529305081,0.510959705978798,0.231785198283161
0.808265062771555,0.510366240567546,0.231810470633332
0.808727849266738,0.509805491597606,0.23182697124527
0.809144668191931,0.509287083460436,0.231831433989772
0.809510298948435,0.508820640547492,0.231820592737633
0.809819520937551,0.50841578725023,0.231791181359651
0.810067421664647,0.508081575206295,0.231739933726621
0.810257404809067,0.507818606577135,0.231664575856721
0.810401936884648,0.507621040243756,0.23156917487924
0.810513942187546,0.507482872837127,0.231460293677318
0.810606345013918,0.507398100988216,0.231344501132781
0.81069206965992,0.507360721327993,0.231228366127457
0.810784040421708,0.507364730487426,0.231118457543171
0.810895181595438,0.507404125097484,0.231021344261751
0.811038417477269,0.507472901789135,0.230943595165021
0.811226672363354,0.507565057193349,0.23089177913481
0.811472870549851,0.507674587941094,0.230872465052944
0.811789936332917,0.507795490663339,0.230892221801249
0.812190794008707,0.507921761991052,0.230957618261552
0.812688367873378,0.508047398555203,0.231075223315679
0.813295582223086,0.508166396986759,0.231251605845456
0.814025361353987,0.508272753916691,0.231493334732712
0.814887298556464,0.508361604142419,0.231806947854808
0.81586969766516,0.508432881523807,0.232194089438335
0.816952483345802,0.508487784583094,0.232646213279365
0.818115560124307,0.508527511849029,0.233153500535716
0.819338832526593,0.508553261850355,0.233706132365208
0.820602205078577,0.508566233115822,0.234294289925662
0.821885582306176,0.508567624174175,0.234908154374894
0.823168868735309,0.50855863355416,0.235537906870726
0.824431968891892,0.508540459784524,0.236173728570976
0.825654787301843,0.508514301394015,0.236805800633463
0.826817228491079,0.508481356911379,0.237424304216007
0.827899196985518,0.508442824865361,0.238019420476428
0.828880597311077,0.508399903784709,0.238581330572543
0.829741333993674,0.508353792198169,0.239100215662174
0.830461311559225,0.508305688634488,0.239566256903138
0.831020512833399,0.508256791706705,0.239969635453256
0.831411279237833,0.508208304199895,0.24030112415218
0.831651687462043,0.508161434902314,0.24056022454892
0.831763028160476,0.508117393068006,0.24075309440655
0.831766591987578,0.508077387951015,0.240886059100122
0.831683669597799,0.508042628805387,0.240965444004689
0.831535551645584,0.508014324885167,0.240997574495305
0.831343528785381,0.507993685444399,0.24098877594702
0.831128891671638,0.507981919737129,0.240945373734889
0.830912930958801,0.507980237017401,0.240873693233963
0.830716937301319,0.507989846539261,0.240780059819295
0.830562201353638,0.508011957556753,0.240670798865937
0.830470013770205,0.508047779323922,0.240552235748943
0.830461665205469,0.508098521094814,0.240430695843364
0.830558446313876,0.508165392123472,0.240312504524254
0.830781647749873,0.508249601663943,0.240203987166665
0.831151087182447,0.50835186942751,0.240111469145649
0.831664852254002,0.508468510961028,0.24003991395586
0.832304460034748,0.508593511911363,0.239988542742888
0.833051010326703,0.508720836733589,0.23995506341241
0.833885602931889,0.508844449882778,0.239937183862318
0.834789337652323,0.508958315814005,0.239932611990504
0.835743314290027,0.509056398982344,0.23993905569486
0.83672863264702,0.509132663842868,0.23995422287328
0.837726392525322,0.509181074850652,0.239975821423654
0.838717693726953,0.509195596460768,0.240001559243876
0.839683636053933,0.509170193128291,0.240029144231839
0.840605319308281,0.509098829308294,0.240056284285433
0.841463843292018,0.508975469455852,0.240080687302551
0.842240307807164,0.508794078026037,0.240100061181087
0.842915812655738,0.508548619473924,0.240112113818931
0.84347145763976,0.508233062682707,0.240114553113977
0.843893658716002,0.507845043119946,0.240105127322229
0.844191247331101,0.50739250482592,0.240083582217468
0.844378961924376,0.506885190170369,0.240052537818577
0.844471540965535,0.50633284152303,0.240014837158935
0.844483722924284,0.505745201253641,0.239973323271919
0.844430246270332,0.505132011731941,0.239930839190908
0.844325849473386,0.504503015327669,0.239890227949279
0.844185271003154,0.503867954410561,0.239854332580413
0.844023249329343,0.503236571350357,0.239825996117685
0.843854522921661,0.502618608516795,0.239808061594474
0.843693830249815,0.502023808279612,0.23980337204416
0.843555909783513,0.501461913008548,0.239814770500119
0.843455499992463,0.500942665073339,0.23984509999573
0.843407339346372,0.500475806843725,0.239897203564372
0.843426166314948,0.500071080689444,0.239973924239422
0.843526547913236,0.499737893925405,0.240078105054258
0.843714565037454,0.499477868011718,0.240212229035105
0.84398408783619,0.499284794076551,0.24037554040897
0.844328039018399,0.49915211929772,0.240565570006741
0.844739341293034,0.499073290853042,0.240779833074975
0.845210917369051,0.499041755920334,0.241015844860225
0.845735689955405,0.499050961677415,0.24127112060905
0.846306581761049,0.4990943553021,0.241543175568003
0.846916515494939,0.499165383972207,0.241829524983642
0.847558413866028,0.499257494865554,0.242127684102522
0.848225199583272,0.499364135159957,0.242435168171199
0.848909795355624,0.499478752033234,0.242749492436229
0.84960512389204,0.499594792663201,0.243068172144168
0.850304107901474,0.499705704227675,0.24338872254157
0.85099967009288,0.499804933904476,0.243708658874994
0.851684733175213,0.499885928871419,0.244025496390993
0.852352723767982,0.499943240260971,0.244336751174002
0.853001601914786,0.499977832997502,0.244640633089989
0.853631725940418,0.499992982369791,0.24493730256618
0.854243475983432,0.499991966740911,0.245227260305011
0.85483723218238,0.499978064473932,0.24551100700892
0.855413374675813,0.499954553931926,0.245789043380346
0.855972283602285,0.499924713477963,0.246061870121725
0.856514339100348,0.499891821475116,0.246329987935495
0.857039921308554,0.499859156286455,0.246593897524094
0.857549410365455,0.499829996275051,0.246854099589958
0.858043186409605,0.499807619803976,0.247111094835525
0.858521629579555,0.499795305236301,0.247365383963233
0.858985120013858,0.499796330935097,0.24761746767552
0.859434037851067,0.499813975263435,0.247867846674821
0.859868763229733,0.499851516584387,0.248117021663577
0.860289675890253,0.499912205907633,0.248365493344223
0.860696825890117,0.49999615833656,0.248613762033488
0.861089336385962,0.50009748991604,0.248862319085158
0.861466168836661,0.500209640015968,0.249111646838878
0.861826284701089,0.500326048006243,0.249362227238341
0.862168645438121,0.500440153256764,0.249614542227243
0.862492212506632,0.500545395137428,0.249869073749277
0.862795947365497,0.500635213018133,0.250126303748136
0.863078811473591,0.500703046268776,0.250386714167517
0.863339766289788,0.500742334259257,0.250650786951113
0.863577773272963,0.500746516359473,0.250919004042618
0.863791793881992,0.500709031939321,0.251191847385727
0.863980789575748,0.500623320368701,0.251469798924133
0.864143721813107,0.500482821017508,0.251753340601532
0.864279552052944,0.500280973255643,0.252042954361616
0.864387241754134,0.500011216453002,0.252339122148081
0.864465851329515,0.499667684909418,0.252642325904621
0.864516740640047,0.499253617824186,0.252952720760552
0.864543582130541,0.498778655712679,0.253268563108305
0.864550149826946,0.498252572176312,0.253587425380779
0.864540217755211,0.497685140816499,0.253906879100758
0.864517559941282,0.497086135234655,0.25422449579103
0.864485950411109,0.496465329032197,0.254537846974378
0.864449163190639,0.495832495810539,0.254844504173589
0.864410972305821,0.495197409171096,0.255142038911447
0.864375151782603,0.494569842715284,0.25542802271074
0.864345475646934,0.493959570044517,0.255700027094251
0.864325717924761,0.493376364760211,0.255955623584767
0.864319652642032,0.492830000463782,0.256192383705073
0.864331053824697,0.492330250756643,0.256407878977954
0.864363695498703,0.491886889240211,0.256599680926197
0.864421351689999,0.491509689509796,0.256765361072586
0.864507275277845,0.491205664309678,0.256902505021574
0.864621691366403,0.490971211630268,0.257010312758341
0.864763734400217,0.49080017880785,0.257091072614327
0.86493253737254,0.490686413178709,0.257147421276734
0.865127233276627,0.490623762079131,0.257181995432763
0.865346955105731,0.490606072845401,0.257197431769619
0.865590835853106,0.490627192813804,0.257196366974504
0.865858008512007,0.490680969320625,0.25718143773462
0.866147606075688,0.490761249702149,0.257155280737171
0.866458761537403,0.490861881294663,0.257120532669359
0.866790607890406,0.49097671143445,0.257079830218387
0.867142278127951,0.491099587457796,0.257035810071458
0.867512905243292,0.491224356700986,0.256991108915773
0.867901622229683,0.491344866500306,0.256948363438538
0.868307562080379,0.49145496419204,0.256910210326953
0.868729859348291,0.491548575437905,0.256879286268222
0.86916782739201,0.491622818953979,0.256858050978459
0.869621121629359,0.491679049150943,0.256846645517048
0.870089436061377,0.491718912526319,0.256843580782089
0.870572464689098,0.49174405557763,0.256847333779949
0.871069901513557,0.491756124802397,0.25685638151699
0.871581440535789,0.491756766698143,0.256869200999577
0.872106775756831,0.49174762776239,0.256884269234075
0.872645601177716,0.491730354492661,0.256900063226848
0.873197610799481,0.491706593386476,0.25691505998426
0.873762498623161,0.49167799094136,0.256927736512676
0.874339958649792,0.491646193654834,0.25693656981846
0.874929684880407,0.491612848024419,0.256940036907977
0.875531371316044,0.491579600547639,0.256936614787591
0.876144711957737,0.491548097722016,0.256924780463667
0.876769400806522,0.491519986045071,0.256903010942568
0.87740495325032,0.491496753213495,0.256869783232568
0.878048544506694,0.491478597041163,0.256824437337252
0.878695704506488,0.491465088370458,0.256769631252643
0.879341928974344,0.491455793875006,0.256708820266079
0.879982713634907,0.491450280228435,0.256645459664901
0.88061355421282,0.491448114104369,0.256583004736448
0.881229946432728,0.491448862176434,0.25652491076806
0.881827386019273,0.491452091118257,0.256474633047076
0.882401368697098,0.491457367603463,0.256435626860836
0.882947390190849,0.491464258305679,0.256411347496679
0.883460946225169,0.491472329898529,0.256405250241945
0.8839375325247,0.491481149055641,0.256420790383974
0.884372644814087,0.49149028245064,0.256461423210104
0.884761778817974,0.491499296757153,0.256530604007676
0.885100430261004,0.491507758648804,0.25663178806403
0.885384094871513,0.491515235090253,0.256768430666504
0.885609938940507,0.491521423634385,0.256943895128801
0.885781551637781,0.49152635780159,0.25715779532053
0.885904065507802,0.491530124399843,0.257404771346904
0.88598261309504,0.491532810237117,0.257679120330161
0.886022326943962,0.491534502121385,0.257975139392539
0.886028339599037,0.491535286860623,0.258287125656277
0.886005783604732,0.491535251262803,0.258609376243612
0.885959791505517,0.4915344821359,0.258936188276784
0.885895495845859,0.491533066287889,0.25926185887803
0.885818029170227,0.491531090526742,0.259580685169589
0.885732524023089,0.491528641660434,0.259886964273698
0.885644112948913,0.491525806496939,0.260174993312597
0.885557928492168,0.491522671844232,0.260439069408524
0.885479103197321,0.491519324510284,0.260673489683716
0.885412769608841,0.491515851303072,0.260872551260412
0.885364046486315,0.491512339013006,0.261030551260851
0.885337490627841,0.491508874076025,0.261142693006549
0.8853369133706,0.491505542599064,0.261211540554209
0.885366074645957,0.491502430676601,0.261243235782537
0.885428734385278,0.491499624403115,0.261243944359319
0.88552865251993,0.491497209873083,0.261219831952339
0.885669588981279,0.491495273180984,0.261177064229385
0.88585530370069,0.491493900421296,0.26112180685824
0.886089556609531,0.491493177688496,0.261060225506691
0.886376107639166,0.491493191077064,0.260998485842523
0.886718716720964,0.491494026681477,0.260942753533521
0.887121143786288,0.491495770596214,0.260899194247471
0.887587148766507,0.491498508915751,0.260873973652158
0.888120491592985,0.491502327734568,0.260873257415368
0.88872493219709,0.491507313147143,0.260903211204886
0.889404230510187,0.491513551247953,0.260970000688498
0.890160822737212,0.491521063713094,0.261079784856023
0.890986392923023,0.491529531592867,0.261235726244259
0.891867398825437,0.49153852376978,0.261433278342683
0.892790263452481,0.491547609057949,0.261666671913835
0.893741409812184,0.491556356271486,0.261930137720258
0.894707260912573,0.491564334224504,0.262217906524493
0.895674239761676,0.491571111731118,0.262524209089082
0.896628769367522,0.491576257605441,0.262843276176567
0.897557272738137,0.491579340661587,0.263169338549489
0.898446172881552,0.491579929713669,0.263496626970391
0.899281892805792,0.491577593575801,0.263819372201813
0.900050855518886,0.491571901062096,0.264131805006298
0.900739484028863,0.491562420986668,0.264428156146388
0.90133420134375,0.49154872216363,0.264702656384623
0.901821430471575,0.491530373407097,0.264949536483547
0.902187611849041,0.491506951624448,0.265163027205699
0.902427006287667,0.491478735497848,0.265337592900724
0.902553994266863,0.491447238252099,0.265472412666229
0.902586147433346,0.49141409853627,0.26557104152414
0.902541037433832,0.491380954999429,0.265637200200583
0.902436235915039,0.491349446290642,0.265674609421684
0.902289314523684,0.491321211058978,0.265686989913568
0.902117844906484,0.491297887953504,0.265678062402361
0.901939398710157,0.491281115623286,0.265651547614189
0.901771547581419,0.491272532717394,0.265611166275177
0.901631863166988,0.491273777884895,0.265560639111452
0.901537917113581,0.491286489774855,0.265503686849138
0.901507281067915,0.491312307036343,0.265444030214361
0.901557526676708,0.491352868318426,0.265385389933249
0.901706225586676,0.491409812270171,0.265331486731925
0.901970949444537,0.491484777540647,0.265286041336516
0.902368415551399,0.491579022132048,0.265252774473147
0.902898097001767,0.491689354068303,0.265234629893324
0.903543461932179,0.491809698523809,0.26523044293131
0.904287372415504,0.491933932088182,0.265237696022967
0.905112690524612,0.492055931351039,0.26525387077921
0.906002278332372,0.492169572901995,0.265276448810956
0.90693899791165,0.492268733330668,0.265302911729122
0.907905711335319,0.492347289226673,0.265330741144624
0.908885280676244,0.492399117179625,0.265357418668377
0.909860568007296,0.492418093779143,0.265380425911299
0.910814435401344,0.492398095614842,0.265397244484306
0.911729744931255,0.492332999276339,0.265405355998314
0.9125893586699,0.492216681353249,0.265402242064239
0.913376138690147,0.49204301843519,0.265385384292998
0.914072947064865,0.491805887111777,0.265352264295507
0.914662645866922,0.49149916419622,0.265300363682683
0.915131652123107,0.491119719443548,0.265227198752818
0.915485180429118,0.490674917995792,0.265133293579285
0.915734635404559,0.490174424289497,0.265024463429555
0.915891425443474,0.48962790276121,0.264907061133839
0.915966958939903,0.489045017847474,0.264787439522344
0.915972644287888,0.488435433984836,0.26467195142528
0.915919889881472,0.487808815609841,0.264566949672855
0.915820104114695,0.487174827159034,0.264478787095279
0.9156846953816,0.486543133068961,0.26441381652276
0.915525072076228,0.485923397776167,0.264378390785508
0.915352642592622,0.485325285717197,0.26437886271373
0.915178815324822,0.484758461328597,0.264421585137637
0.915014998666871,0.484232589046912,0.264512910887437
0.91487260101281,0.483757333308688,0.264659192793339
0.914763030756681,0.48334235855047,0.264866783685551
0.91469764341648,0.482997129946518,0.265142036394284
0.914683209578385,0.482724316408363,0.265490516411797
0.914718434144303,0.482518271642758,0.265908584802277
0.914801202577041,0.482372842425749,0.266386639683667
0.914929400339406,0.482281875533381,0.266914978680137
0.915100912894207,0.4822392177417,0.267483899415859
0.915313625704251,0.482238715826754,0.268083699515
0.915565424232346,0.482274216564586,0.268704676601731
0.915854193941301,0.482339566731245,0.269337128300223
0.916177820293923,0.482428613102774,0.269971352234644
0.91653418875302,0.482535202455221,0.270597646029165
0.9169211847814,0.482653181564631,0.271206307307956
0.91733669384187,0.48277639720705,0.271787633695186
0.917778601397239,0.482898696158524,0.272331922815025
0.918244792910314,0.4830139251951,0.272829472291644
0.918733153843904,0.483115931092822,0.273270579749212
0.919241528678178,0.483199239909223,0.273645543035351
0.919767282782987,0.483263371422755,0.273947651060873
0.920307471143974,0.483310073248305,0.27418068153577
0.920859143515867,0.483341103289225,0.274350710021307
0.921419349653391,0.483358219448862,0.274463812078755
0.921985139311274,0.483363179630566,0.27452606326938
0.922553562244242,0.483357741737686,0.274543539154451
0.923121668207023,0.483343663673571,0.274522315295235
0.923686506954343,0.483322703341569,0.274468467253
0.924245128240928,0.48329661864503,0.274388070589015
0.924794581821505,0.483267167487302,0.274287200864546
0.925331917450802,0.483236107771735,0.274171933640863
0.925854184883544,0.483205197401678,0.274048344479232
0.92635843387446,0.483176194280479,0.273922508940922
0.926841714178275,0.483150856311488,0.2738005025872
0.927301075601765,0.483130938814133,0.273688400979335
0.927734264670055,0.483117484605246,0.273592185388214
0.92814147109933,0.483109857113117,0.273514621111403
0.92852341985195,0.483107177948306,0.273454538713837
0.928880835890281,0.483108568721369,0.273410528882194
0.929214444176685,0.483113151042865,0.273381182303155
0.929524969673526,0.483120046523352,0.273365089663402
0.929813137343166,0.483128376773389,0.273360841649614
0.93007967214797,0.483137263403533,0.273367028948472
0.9303252990503,0.483145828024342,0.273382242246657
0.93055074301252,0.483153192246375,0.273405072230848
0.930756728996993,0.48315847768019,0.273434109587728
0.930943981966082,0.483160805936344,0.273467945003975
0.93111322688215,0.483159298625396,0.27350516916627
0.931265188707562,0.483153077357904,0.273544372761295
0.931400592404679,0.483141263744426,0.27358414647573
0.931520154438043,0.483123056222563,0.273623080996254
0.931624301435942,0.483099010481896,0.273659850384006
0.931713105412973,0.483070844613526,0.273693741625366
0.931786616764957,0.483040314271871,0.273724315149548
0.931844885887715,0.483009175111351,0.273751132648561
0.931887963177065,0.482979182786383,0.273773755814416
0.931915899028829,0.482952092951386,0.273791746339122
0.931928743838826,0.48292966126078,0.27380466591469
0.931926548002877,0.482913643368982,0.27381207623313
0.931909361916802,0.482905794930412,0.273813538986453
0.931877235976421,0.482907871599487,0.273808615866667
0.931830220577553,0.482921629030626,0.273796868565784
0.93176836611602,0.482948822878248,0.273777858775813
0.931691722987642,0.482991208796773,0.273751148188765
0.931600341588238,0.483050542440617,0.273716298496649
0.931494272313629,0.483128579464199,0.273672871391476
0.9313740479728,0.483225988234214,0.273620432094575
0.931243747823103,0.483338199775671,0.273559519018612
0.931109033290181,0.483459070171225,0.273492964415441
0.93097557310635,0.483582455192645,0.273423930830342
0.930849036003929,0.483702210611697,0.273355580808593
0.930735090715234,0.483812192200149,0.273291076895474
0.930639405972583,0.483906255729769,0.273233581636264
0.930567650508291,0.483978256972325,0.273186257576241
0.930525493054677,0.484022051699582,0.273152267260684
0.930518602344057,0.48403149568331,0.273134773234874
0.930552647108748,0.484000444695276,0.273136938044088
0.930633296081069,0.483922754507246,0.273161924233606
0.930766217993334,0.483792280890989,0.273212894348707
0.930957081577862,0.483602879618272,0.273293010934669
0.93121155556697,0.483348406460863,0.273405436536773
0.931535293791506,0.483022800972074,0.273553333700296
0.931929841079576,0.482625673929866,0.273739608909712
0.932387057224972,0.482165818494682,0.273962644994462
0.932897407458526,0.48165286536911,0.274216950556098
0.933451357011072,0.481096445255741,0.274496908999453
0.934039371113442,0.480506188857164,0.274796903729365
0.934651914996472,0.479891726875968,0.275111318150665
0.935279453890994,0.479262690014744,0.27543453566819
0.935912453027841,0.478628708976081,0.275760939686774
0.936541377637848,0.477999414462567,0.276084913611252
0.937156692951848,0.477384437176794,0.276400840846458
0.937748864200674,0.47679340782135,0.276703104797228
0.93830835661516,0.476235957098826,0.276986088868395
0.938825635426139,0.47572171571181,0.277244176464794
0.939291165864446,0.475260314362893,0.277471750991261
0.939695413160912,0.474861383754663,0.277663195852629
0.940029298250948,0.474533676849542,0.277812894453733
0.94029179269795,0.474276753445738,0.27791684462196
0.94048876292517,0.474084689334887,0.277978820675058
0.940626298165114,0.473951487046705,0.278004935430877
0.940710487650288,0.473871149110911,0.278001302168876
0.940747420613195,0.473837678057223,0.277974034168517
0.940743186286341,0.473845076415359,0.277929244709259
0.940703873902231,0.473887346715036,0.277873047070563
0.940635572693371,0.473958491485973,0.27781155453189
0.940544371892266,0.474052513257887,0.2777508803727
0.940436360731419,0.474163414560496,0.277697137872452
0.940317628443338,0.474285197923519,0.277656440310609
0.940194264260526,0.474411865876673,0.277634900966629
0.94007235741549,0.474537420949675,0.277638633119975
0.939957997140733,0.474655865672244,0.277673750050105
0.939857272668761,0.474761203072518,0.27774636503648
0.939775210586957,0.474848916798089,0.277862528904544
0.939711718841636,0.474919229368794,0.278024064928583
0.93966516613171,0.474973309407249,0.278225951478297
0.939633920852246,0.475012325536072,0.27846254258693
0.939616351398313,0.47503744637788,0.278728192287727
0.939610826164977,0.475049840555289,0.279017254613936
0.939615713547308,0.475050676690917,0.279324083598799
0.939629381940372,0.47504112340738,0.279643033275564
0.939650199739238,0.475022349327296,0.279968457677476
0.939676535338974,0.474995523073282,0.28029471083778
0.939706757134647,0.474961813267954,0.280616146789722
0.939739233521326,0.47492238853393,0.280927119566547
0.939772332894078,0.474878417493827,0.2812219832015
0.939804423647971,0.474831068770261,0.281495091727828
0.939833874178073,0.474781510985849,0.281740799178775
0.939859063866924,0.474730915163818,0.281953459587589
0.939879115845811,0.474680521735938,0.282127928306981
0.939894357463086,0.474631649484736,0.282264311346265
0.939905225905971,0.474585621390027,0.282365846893683
0.93991215836169,0.474543760431625,0.282435814980872
0.939915592017466,0.474507389589344,0.282477495639467
0.939915964060523,0.474477831842998,0.282494168901105
0.939913711678084,0.474456410172401,0.28248911479742
0.939909272057372,0.474444447557368,0.282465613360048
0.939903082385611,0.474443266977713,0.282426944620626
0.939895579850023,0.474454191413249,0.282376388610789
0.939887201637833,0.474478543843792,0.282317225362173
0.939878384936264,0.474517647249155,0.282252734906413
0.939869566932539,0.474572824609152,0.282186197275146
0.939861184813881,0.474645398903598,0.282120892500006
0.939853675767514,0.474736693112306,0.282060100612631
0.939847445847223,0.474847281955202,0.282007101355392
0.939842575025323,0.474972751407504,0.281964315178399
0.939838948756452,0.475106647032414,0.281931412280006
0.939836449896648,0.47524250828806,0.281907513778387
0.93983496130195,0.475373874632567,0.281891740791713
0.939834365828396,0.475494285524062,0.281883214438156
0.939834546332027,0.475597280420671,0.28188105583589
0.939835385668879,0.475676398780521,0.281884386103087
0.939836766694992,0.475725180061738,0.28189232635792
0.939838572266405,0.475737163722448,0.28190399771856
0.939840685239156,0.475705889220778,0.28191852130318
0.939842988469284,0.475624896014853,0.281935018229953
0.939845364812827,0.475487723562801,0.281952609617051
0.939847697125824,0.475287911322747,0.281970416582648
0.939849868264315,0.475018998752818,0.281987560244914
0.939851761094668,0.474674553268183,0.282003161722023
0.939853289172254,0.474253299389539,0.282016359463271
0.939854464275693,0.473765110970461,0.282026793011033
0.939855317793608,0.473221316642707,0.282034667558784
0.93985588111462,0.472633245038035,0.282040218602198
0.939856185627352,0.472012224788205,0.282043681636948
0.939856262720426,0.471369584524974,0.28204529215871
0.939856143782463,0.470716652880102,0.282045285663159
0.939855860202085,0.470064758485348,0.282043897645967
0.939855443367914,0.46942522997247,0.28204136360281
0.939854924668572,0.468809395973225,0.282037919029361
0.939854335492681,0.468228585119374,0.282033799421296
0.939853707228863,0.467694126042675,0.282029240274289
0.939853071265739,0.467217347374886,0.282024477084013
0.939852458991933,0.466809577747767,0.282019745346144
0.939851901796065,0.466482145793075,0.282015280556355
0.939851430447789,0.466245564959959,0.282011318210321
0.939851057820601,0.466097660344917,0.282008065098482
0.939850776586193,0.466026232256008,0.282005536629793
0.939850578334039,0.466018807819915,0.282003669937591
0.939850454653614,0.46606291416332,0.282002401921008
0.939850397134389,0.466146078412907,0.282001669479172
0.93985039736584,0.466255827695358,0.282001409511214
0.93985044693744,0.466379689137356,0.282001558916264
0.939850537438663,0.466505189865585,0.282002054593453
0.939850660458981,0.466619857006726,0.282002833441909
0.93985080758787,0.466711217687463,0.282003832360764
0.939850970414801,0.466766799034479,0.282004988249148
0.93985114052925,0.466774128174456,0.282006238006191
0.93985130952069,0.466720732234078,0.282007518531023
0.939851468978594,0.466594138340028,0.282008766722774
0.939851610492436,0.466381873618987,0.282009919480573
0.939851726676862,0.466075203380015,0.282010913829292
0.939851816981474,0.465681805957239,0.282011709988424
0.939851883651389,0.4652138629774,0.282012318322755
0.939851928940093,0.464683556190163,0.282012755740091
0.939851955101068,0.464103067345194,0.282013039148236
0.939851964387797,0.463484578192161,0.282013185454997
0.939851959053765,0.462840270480728,0.282013211568178
0.939851941352454,0.462182325960562,0.282013134395585
0.939851913537349,0.461522926381329,0.282012970845021
0.939851877861932,0.460874253492695,0.282012737824292
0.939851836579688,0.460248489044326,0.282012452241205
0.939851791944099,0.45965781478589,0.282012131003563
0.939851746208649,0.45911441246705,0.282011791019171
0.939851701626822,0.458630463837474,0.282011449195835
0.939851660452101,0.458218150646827,0.28201112244136
0.93985162493348,0.457889499995002,0.28201082766355
0.939851596491735,0.457648157841612,0.282010581035972
0.939851574757094,0.457485270910939,0.282010387303716
0.939851559126147,0.457390966189482,0.282010242182489
0.939851548995487,0.457355370663737,0.28201014114194
0.939851543761707,0.457368611320198,0.282010079651717
0.9398515428214,0.457420815145365,0.282010053181472
0.939851545571157,0.457502109125733,0.282010057200853
0.939851551407571,0.457602620247797,0.28201008717951
0.939851559727234,0.457712475498055,0.282010138587092
0.939851569926739,0.457821801863004,0.282010206893249
0.939851581402679,0.457920726329138,0.28201028756763
0.939851593551645,0.457999375882956,0.282010376079886
0.93985160577023,0.458047877510954,0.282010467899664
0.939851617455027,0.458056358199627,0.282010558496616
0.939851628002628,0.458014944935472,0.28201064334039
0.939851636835775,0.457914877224604,0.282010717900636
0.939851643784258,0.457757870607606,0.282010778517912
0.939851648999458,0.457551390330454,0.282010825356625
0.939851652641523,0.457302960863613,0.282010859630344
0.939851654870599,0.457020106677547,0.282010882552664
0.939851655846833,0.456710352242724,0.282010895337184
0.939851655730373,0.456381222029607,0.282010899197499
0.939851654681364,0.456040240508662,0.282010895347207
0.939851652859955,0.455694932150355,0.282010884999904
0.939851650426291,0.455352821425151,0.282010869369187
0.93985164754052,0.455021432803515,0.282010849668654
0.939851644362788,0.454708290755912,0.2820108271119
0.939851641053242,0.454420919752807,0.282010802912524
0.93985163777203,0.454166844264667,0.282010778284121
0.939851634679297,0.453953588761956,0.282010754440288
0.939851631935192,0.453788674866392,0.282010732594622
0.939851629669941,0.453676357339968,0.282010713949939
0.939851627882409,0.453611338566861,0.282010699124729
0.939851626535417,0.453586584234635,0.28201068786605
0.939851625591784,0.453595060030855,0.282010679849866
0.939851625014332,0.453629731643085,0.282010674752139
0.939851624765879,0.453683564758889,0.282010672248832
0.939851624809246,0.453749525065831,0.282010672015909
0.939851625107254,0.453820578251475,0.282010673729334
0.939851625622723,0.453889690003386,0.282010677065068
0.939851626318471,0.453949826009128,0.282010681699075
0.939851627157321,0.453993951956265,0.282010687307318
0.939851628102091,0.45401503353236,0.282010693565761
0.939851629115602,0.454006036424979,0.282010700150366
0.939851630160675,0.453959926321686,0.282010706737096
0.939851631200129,0.453869668910044,0.282010713001916
0.939851632196964,0.453728503632769,0.282010718620787
0.939851633123968,0.453536454664978,0.282010723295673
0.939851633968524,0.453300613856748,0.282010726973367
0.939851634719202,0.453028403431437,0.282010729735036
0.939851635364577,0.452727245612399,0.282010731663231
0.939851635893221,0.45240456262299,0.282010732840501
0.939851636293706,0.452067776686568,0.282010733349398
0.939851636554605,0.451724310026488,0.282010733272473
0.93985163666449,0.451381584866106,0.282010732692277
0.939851636611935,0.451047023428778,0.282010731691359
0.939851636385512,0.450728047937861,0.282010730352271
0.939851635973793,0.45043208061671,0.282010728757563
0.939851635365351,0.450166543688682,0.282010726989786
0.93985163454876,0.449938859377131,0.282010725131491
0.93985163351259,0.449756449905416,0.282010723265228
0.939851632245416,0.449626737496891,0.282010721473548
0.93985163074184,0.449555334312457,0.282010719838984
0.939851629053261,0.449536889474309,0.282010718424163
0.939851627262247,0.449561946164852,0.282010717233501
0.939851625451687,0.449621040359022,0.282010716260834
0.93985162370447,0.449704708031751,0.282010715499994
0.939851622103486,0.449803485157973,0.282010714944815
0.939851620731624,0.449907907712621,0.282010714589133
0.939851619671774,0.450008511670628,0.282010714426781
0.939851619006824,0.450095833006929,0.282010714451593
0.939851618819665,0.450160407696456,0.282010714657404
0.939851619193185,0.450192771714142,0.282010715038047
0.939851620210275,0.450183461034922,0.282010715587357
0.939851621953822,0.450123011633727,0.282010716299168
0.939851624506718,0.450001959485493,0.282010717167314
0.93985162795185,0.449810840565152,0.282010718185629
0.93985163237203,0.449540238372005,0.282010719347947
0.939851637759634,0.449186968782179,0.282010720647123
0.939851643842608,0.44876022014919,0.282010722051738
0.939851650300821,0.448270640516065,0.282010723505086
0.939851656814144,0.447728877925832,0.282010724949281
0.939851663062446,0.447145580421518,0.282010726326435
0.939851668725598,0.446531396046152,0.282010727578661
0.939851673483469,0.445896972842761,0.282010728648072
0.939851677015929,0.445252958854372,0.28201072947678
0.939851679002848,0.444610002124013,0.282010730006898
0.939851679124097,0.443978750694712,0.28201073018054
0.939851677059545,0.443369852609496,0.282010729939817
0.939851672489061,0.442793955911393,0.282010729226843
0.939851665092517,0.442261708643431,0.282010727983731
0.939851654549781,0.441783758848637,0.282010726152592
0.939851640540724,0.441370754570039,0.282010723675541
0.939851622773957,0.441032649961305,0.282010720494689
0.939851601670406,0.440769828778452,0.282010716583836
0.939851578393015,0.440575701972129,0.282010712108693
0.939851554139416,0.440443522507138,0.28201070730685
0.939851530107239,0.440366543348277,0.282010702416021
0.939851507494117,0.440338017460347,0.28201069767392
0.939851487497679,0.440351197808146,0.282010693318263
0.939851471315556,0.440399337356477,0.282010689586764
0.93985146014538,0.440475689070137,0.282010686717138
0.939851455184781,0.440573505913927,0.2820106849471
0.939851457631391,0.440686040852647,0.282010684514364
0.939851468682839,0.440806546851096,0.282010685656645
0.939851489536758,0.440928276874076,0.282010688611658
0.939851521390777,0.441044483886384,0.282010693617118
0.939851565442528,0.441148420852822,0.282010700910739
0.939851622889642,0.441233340738189,0.282010710730237
0.939851694322186,0.441294144560785,0.282010723310653
0.939851776650381,0.441332331056177,0.282010738536651
0.939851865406254,0.441351049766217,0.282010755597323
0.93985195611941,0.441353450232755,0.282010773599696
0.939852044319457,0.441342681997643,0.282010791650798
0.939852125536,0.441321894602731,0.282010808857659
0.939852195298646,0.441294237589871,0.282010824327305
0.939852249137002,0.441262860500913,0.282010837166766
0.939852282580674,0.441230912877709,0.28201084648307
0.939852291159269,0.44120154426211,0.282010851383245
0.939852270402392,0.441177904195966,0.282010850974318
0.939852215839651,0.441163142221128,0.28201084436332
0.939852123000651,0.441160407879449,0.282010830657276
0.939851987415,0.441172850712778,0.282010808963217
0.939851804612304,0.441203620262967,0.28201077838817
0.939851570172156,0.441255784685129,0.282010738039164
0.939851286229507,0.441328807542811,0.282010687191847
0.939850967932967,0.441417197706502,0.282010627447552
0.939850631966478,0.441515104043996,0.282010562102059
0.939850295013983,0.441616675423092,0.282010494489541
0.939849973759426,0.441716060711584,0.28201042794417
0.93984968488675,0.441807408777268,0.282010365800118
0.939849445079899,0.441884868487941,0.282010311391557
0.939849271022816,0.441942588711398,0.28201026805266
0.939849179399443,0.441974718315435,0.282010239117599
0.939849186893725,0.44197540616785,0.282010227920545
0.939849310189605,0.441938801136438,0.282010237795672
0.939849565971026,0.441859052088994,0.282010272077152
0.939849970921931,0.441730307893315,0.282010334099155
0.939850541726264,0.441546717417198,0.282010427195856
0.939851295067967,0.441302429528437,0.282010554701426
0.939852244481698,0.440992528415446,0.282010719950037
0.939853360065894,0.440620040772096,0.282010923648408
0.93985458027221,0.440192000299313,0.282011155984663
0.939855842835267,0.439715471428138,0.282011404515087
0.939857085489684,0.439197518589616,0.282011656795961
0.939858245970083,0.438645206214787,0.282011900383569
0.939859262011083,0.438065598734697,0.282012122834193
0.939860071347304,0.437465760580387,0.282012311704117
0.939860611713368,0.4368527561829,0.282012454549623
0.939860820843894,0.436233649973279,0.282012538926993
0.939860636473503,0.435615506382567,0.282012552392512
0.939859996336814,0.435005389841806,0.282012482502461
0.939858838168449,0.434410364782041,0.282012316813124
0.939857099703027,0.433837495634312,0.282012042880783
0.939854718675169,0.433293846829664,0.282011648261721
0.939851632819496,0.432786478715479,0.282011120512221
0.939847828936819,0.432320099936572,0.282010447721016
0.939843490256566,0.431893129913452,0.28200964155888
0.939838849156311,0.431502947888031,0.28200874611129
0.939834138013631,0.431146933102227,0.282007807818945
0.939829589206101,0.430822464797954,0.282006873122539
0.939825435111297,0.430526922217128,0.28200598846277
0.939821908106793,0.430257684601664,0.282005200280334
0.939819240570165,0.430012131193479,0.282004555015927
0.939817664878989,0.429787641234485,0.282004099110246
0.93981741341084,0.429581593966601,0.282003879003987
0.939818718543294,0.42939136863174,0.282003941137847
0.939821812653926,0.429214344471818,0.282004331952522
0.939826928120312,0.429047900728752,0.282005097888709
0.939834297320026,0.428889416644454,0.282006285387103
0.939844152630645,0.428736271460843,0.282007940888402
0.939856716486635,0.428585831756572,0.282010110833301
0.939871770945445,0.428435192517327,0.282012825747912
0.939888492744088,0.42828118762987,0.282015981015719
0.939906014637643,0.428120640417535,0.28201940384053
0.939923469381186,0.427950374203657,0.282022920903277
0.939939989729796,0.427767212311571,0.282026358884891
0.939954708438551,0.427567978064613,0.282029544466302
0.939966758262528,0.427349494786115,0.282032304328444
0.939975271956805,0.427108585799413,0.282034465152247
0.93997938227646,0.426842074427842,0.282035853618643
0.939978221976571,0.426546783994736,0.282036296408563
0.939970923812216,0.42621953782343,0.282035620202937
0.939956620538473,0.425857159237259,0.2820336516827
0.939934444910419,0.425456471559557,0.282030217528781
0.939903529683133,0.425014298113658,0.282025144422112
0.939863007611691,0.424527462222899,0.282018259043624
0.939812308643999,0.423994205153254,0.282009388420058
0.939753386414062,0.42342058058047,0.281998558723445
0.939689467759674,0.422815318324041,0.281986328705662
0.939623789282947,0.422187150570751,0.281973345202286
0.939559587585994,0.421544809507386,0.281960255048894
0.939500099270929,0.42089702732073,0.281947705081065
0.939448560939865,0.420252536197569,0.281936342134377
0.939408209194914,0.419620068324687,0.281926813044407
0.939382280638191,0.41900835588887,0.281919764646734
0.939374011871808,0.418426131076903,0.281915843776933
0.939386639497879,0.41788212607557,0.281915697270585
0.939423400118516,0.417385073071657,0.281919971963266
0.939487530335832,0.416943704251948,0.281929314690555
0.939582266751942,0.41656675180323,0.281944372288029
0.939710845968958,0.416262947912286,0.281965791591266
0.939876500912089,0.416040954733681,0.281994219435843
0.940080347047299,0.415902601400831,0.282030232934089
0.940317837059743,0.41583724832477,0.282072913821541
0.94058348706385,0.415832929268904,0.282119906236644
0.940871813174051,0.415877677996643,0.282168796156154
0.941177331504777,0.415959528271394,0.282217169556829
0.941494558170457,0.416066513856565,0.282262612415427
0.941818009285523,0.416186668515566,0.282302710708706
0.942142200964406,0.416308026011801,0.282335050413421
0.942461649321534,0.416418620108681,0.28235721750633
0.94277087047134,0.416506484569614,0.282366797964193
0.943064380528253,0.416559653158006,0.282361377763763
0.943336695606703,0.416566159637268,0.282338542881801
0.943582331821122,0.416514037770806,0.282295879295063
0.943795805285939,0.416391321322027,0.282230972980306
0.943971632115586,0.416186044054341,0.282141409914288
0.944104578817217,0.415887379680634,0.282024776073766
0.94419478215062,0.415498503362905,0.281879232287236
0.94424754162763,0.415031992592072,0.281706106632146
0.944268365632491,0.414500599015874,0.281507812128199
0.944262762549444,0.41391707428205,0.281286762754824
0.944236240762734,0.41329417003834,0.281045372491454
0.944194308656603,0.412644637932483,0.280786055317522
0.944142474615296,0.411981229612218,0.280511225212458
0.944086247023054,0.411316696725284,0.280223296155696
0.944031134264121,0.41066379091942,0.279924682126666
0.94398264472274,0.410035263842366,0.279617797104801
0.943946286783154,0.40944386714186,0.279305055069533
0.943927568829607,0.408902352465642,0.278988870000292
0.943931999246341,0.408423471461452,0.278671655876512
0.943965086417601,0.408019975777027,0.278355826677624
0.944032338727628,0.407704616940102,0.27804379638306
0.944138208743905,0.407485512532723,0.277737968616858
0.94428133182176,0.407353862801433,0.277439736630597
0.944458350628425,0.407297008503708,0.277148649974017
0.944665906068418,0.407302290397029,0.276864062030594
0.944900639046258,0.407357049238875,0.276585326183804
0.945159190466465,0.407448625786724,0.276311795817124
0.945438201233556,0.407564360798056,0.276042824314029
0.945734312252051,0.407691595030349,0.275777765057995
0.946044164426469,0.407817669241084,0.275515971432499
0.946364398661329,0.407929924187737,0.275256796821017
0.946691655861149,0.40801570062779,0.274999594607025
0.947022576930448,0.408062339318721,0.274743718173998
0.947353802773744,0.408057181018008,0.274488520905415
0.947681974295559,0.407987566483131,0.27423335618475
0.948003732400408,0.407840836471569,0.273977577395479
0.948315733867367,0.407604607948742,0.273720537921079
0.948616184350603,0.407276666270549,0.273461628920762
0.948906115851981,0.406867685725717,0.273200705534855
0.949186861091222,0.406389170524746,0.2729379344788
0.949459752788045,0.405852624878138,0.272673488239261
0.949726123662173,0.405269552996393,0.2724075393029
0.949987306433325,0.404651459090013,0.272140260156383
0.950244633821221,0.404009847369498,0.271871823286371
0.950499438545584,0.403356222045349,0.27160240117953
0.950753053326131,0.402702087328068,0.271332166322521
0.951006810882585,0.402058947428155,0.271061291202009
0.951262043934666,0.40143830655611,0.270789948304657
0.951520085202095,0.400851668922436,0.27051831011713
0.95178226740459,0.400310538737633,0.270246549126089
0.952049923261875,0.399826420212201,0.2699748378182
0.952324385493668,0.399410817556643,0.269703348680124
0.952606834421267,0.399073726846854,0.269432254197508
0.952896578529703,0.398813565073742,0.269161687499509
0.953191669318383,0.398623385023535,0.26889163803496
0.953490135003906,0.398496210208593,0.268622062473729
0.953790003802872,0.398425064141279,0.268352917485686
0.954089303931879,0.398402970333952,0.268084159740701
0.954386063607527,0.398422952298974,0.267815745908643
0.954678311046414,0.398478033548706,0.267547632659382
0.954964074465141,0.398561237595509,0.267279776662788
0.955241382080305,0.398665587951744,0.267012134588731
0.955508262108506,0.398784108129771,0.26674466310708
0.955762742766343,0.398909821641952,0.266477318887706
0.956002852270416,0.399035752000648,0.266210058600478
0.956226618837322,0.399154922718219,0.265942838915264
0.956432070683663,0.399260357307027,0.265675616501937
0.956617236035154,0.399345087190911,0.265408348030365
0.956780495241159,0.399404810897882,0.265140990675247
0.956921514163262,0.399441758267101,0.26487352019624
0.957040251937384,0.399459140482702,0.264605935910336
0.957136667699449,0.399460168728818,0.264338238651394
0.957210720585378,0.399448054189582,0.26407042925327
0.957262369731094,0.399426008049128,0.263802508549824
0.957291574272519,0.399397241491588,0.26353447737491
0.957298293345574,0.399364965701097,0.263266336562389
0.957282486086182,0.399332391861787,0.262998086946117
0.957244111630266,0.399302731157793,0.262729729359951
0.957183129113746,0.399279194773246,0.262461264637749
0.957099497672546,0.399264993892281,0.262192693613369
0.956993176442588,0.399263339699031,0.261924017120668
0.956864124559793,0.399277443377629,0.261655235993503
0.956712301160085,0.399310516112209,0.261386351065733
0.956537765643419,0.399365522951876,0.261117363171214
0.956344268555824,0.399440823306094,0.260848276339561
0.95614023915171,0.399530690652167,0.260579119136623
0.95593440794875,0.399629256741203,0.260309931495068
0.955735505464617,0.399730653324307,0.260040753409596
0.955552262216985,0.399829012152583,0.259771624874907
0.955393408723526,0.399918464977139,0.259502585885701
0.955267675501915,0.39999314354908,0.259233676436679
0.955183793069823,0.400047179619511,0.258964936522541
0.955150491944925,0.400074704939538,0.258696406137987
0.955176502644894,0.400069851260267,0.258428125277717
0.955270555687402,0.400026750332804,0.258160133936431
0.955441381590123,0.399939533908253,0.25789247210883
0.955697710870731,0.399802333737722,0.257625179789613
0.956048274046898,0.399609281572315,0.257358296973482
0.956501801636298,0.399354509163138,0.257091863655135
0.9570650798226,0.399033853518712,0.256825919673332
0.957729966673239,0.398651707405367,0.256560452296022
0.958481404556261,0.398215141158403,0.256295320053661
0.959304298098936,0.39773122603334,0.25603036213359
0.96018355192853,0.3972070332857,0.255765417723152
0.961104070672311,0.396649634171007,0.255500326009687
0.962050758957548,0.396066099944781,0.255234926180537
0.963008521411507,0.395463501862545,0.254969057423045
0.963962262661457,0.394848911179822,0.254702558924552
0.964896887334666,0.394229399152132,0.2544352698724
0.965797300058402,0.393612037034999,0.254167029453931
0.966648405459931,0.393003896083944,0.253897676856486
0.967435108166522,0.392412047554489,0.253627051267407
0.968142312805444,0.391843562702156,0.253354991874035
0.968754924003962,0.391305512782468,0.253081337863713
0.969257867492487,0.390804923818033,0.252805928423782
0.969643183256706,0.390345420872428,0.252528623454777
0.969920332954577,0.38992491922799,0.252249670439208
0.970101395891591,0.389540787945406,0.251969660706212
0.970198451373237,0.389190396085367,0.251689197511721
0.970223578705006,0.388871112708562,0.25140888411167
0.970188857192388,0.388580306875677,0.25112932376199
0.970106366140872,0.388315347647403,0.250851119718615
0.969988184855948,0.388073604084429,0.250574875237478
0.969846392643107,0.387852445247444,0.25030119357451
0.969693068807838,0.387649240197135,0.250030677985646
0.969540292655632,0.387461357994193,0.249763931726818
0.969400143491978,0.387286167699306,0.249501558053959
0.969284700622366,0.387121038373162,0.249244160223001
0.969206043352287,0.386963339076452,0.248992341489878
0.96917625098723,0.386810438869862,0.248746705110521
0.969206889927831,0.386659679705356,0.248507854340866
0.969299929180346,0.386508105738964,0.248276016123645
0.969448823341448,0.386352576927176,0.248049529332056
0.969646731673754,0.386189950493754,0.247826141958098
0.969886813439879,0.38601708366246,0.247603601790698
0.970162227902439,0.385830833657056,0.247379656618784
0.97046613432405,0.385628057701302,0.247152054231283
0.970791691967329,0.385405613018961,0.24691854241712
0.971132060094891,0.385160356833794,0.246676868965223
0.971480397969353,0.384889146369563,0.24642478166452
0.97182986485333,0.384588838850029,0.246160028303936
0.972173620009439,0.384256291498954,0.245880356672399
0.972504822700295,0.383888361540099,0.245583514558836
0.972816632188514,0.383481906197226,0.245267249752173
0.973102207736713,0.383033782694097,0.244929310041338
0.973354708607508,0.382540848704486,0.244567443215256
0.973568471424849,0.382002300690057,0.244179416002868
0.97374373996685,0.381425125409214,0.243764419189144
0.973882606686282,0.380817929628263,0.243324034369516
0.973987164671271,0.380189320113507,0.242860071854384
0.974059507009941,0.379547903631249,0.242374341954145
0.974101726790416,0.378902286947795,0.241868654979198
0.974115917100819,0.378261076829447,0.241344821239943
0.974104171029275,0.377632880042509,0.240804651046776
0.974068581663907,0.377026303353287,0.240249954710098
0.97401124209284,0.376449953528083,0.239682542540307
0.973934245404198,0.3759124373332,0.239104224847801
0.973839684686105,0.375422361534945,0.23851681194298
0.973729653026684,0.374988332899619,0.237922114136241
0.97360624351406,0.374618958193527,0.237321941737983
0.973471549236357,0.374322844182973,0.236718105058606
0.973327677130911,0.374108312004196,0.236112414408508
0.973177775425519,0.373974817639037,0.235506669290177
0.973026740543322,0.373911450791935,0.234902550478604
0.972879636147171,0.373906713007796,0.234301665310731
0.972741525899913,0.373949105831524,0.233705620034
0.972617473464397,0.374027130808025,0.233116020895849
0.972512542503472,0.374129289482205,0.232534474143718
0.972431796679988,0.374244083398969,0.231962586025046
0.972380299656792,0.374360014103224,0.231401962787273
0.972363115096733,0.374465583139875,0.230854210677839
0.972385306662661,0.374549292053826,0.230320935944181
0.972451938017424,0.374599642389985,0.229803744833741
0.972568072823871,0.374605135693256,0.229304243593958
0.972738774744851,0.374554273508545,0.228824038472271
0.972969107443212,0.374435557380758,0.228364735716118
0.973264134581804,0.374237488854801,0.227927941572942
0.973628166636236,0.373950629522625,0.227515262165845
0.974057240137821,0.373579872962324,0.227127657436513
0.974542273828965,0.373136202854229,0.226763934953151
0.975074110526069,0.37263062514057,0.226422454693562
0.975643593045537,0.372074145763576,0.226101576635552
0.97624156420377,0.371477770665477,0.225799660756925
0.976858866817173,0.370852505788505,0.225515067035484
0.977486343702147,0.370209357074887,0.225246155449036
0.978114837675094,0.369559330466854,0.224991285975383
0.978735191552419,0.368913431906638,0.224748818592331
0.979338248150523,0.368282667336466,0.224517113277684
0.979914850285809,0.367678042698569,0.224294530009246
0.98045584077468,0.367110563935177,0.224079428764823
0.980952062433538,0.36659123698852,0.223870169522217
0.981394358078786,0.366131067800828,0.223665112259235
0.9817735710761,0.365741040197631,0.22346261695368
0.982083399446314,0.365427314485975,0.223261043563262
0.982327049815513,0.36518522211267,0.223058751422019
0.982509706143393,0.365008618875734,0.22285409913471
0.982636552389651,0.364891360573187,0.222645445264718
0.982712772513983,0.364827303003046,0.222431148375423
0.982743550476087,0.364810301963329,0.222209567030208
0.98273407023566,0.364834213252056,0.221979059792454
0.982689515752397,0.364892892667244,0.221737985225544
0.982615070985996,0.364980196006912,0.221484701892858
0.982515919896154,0.365089979069079,0.221217568357779
0.982397246442568,0.365216097651764,0.220934943183689
0.982264234584934,0.365352407552982,0.220635184933968
0.982122068282949,0.365492764570756,0.220316652172001
0.981975931496309,0.365631024503102,0.219977703461167
0.981831008184713,0.365761043148038,0.219616697364848
0.981692431560469,0.365876884799719,0.219231992446427
0.981563759779659,0.365976041533909,0.21882224494992
0.981446709240272,0.366058811143272,0.218388182118033
0.981342891843042,0.366125573937581,0.217931411224588
0.9812539194887,0.366176710226611,0.217453542760293
0.981181404077978,0.366212600320137,0.216956187215853
0.981126957511608,0.366233624527933,0.216440955081978
0.981092191690323,0.366240163159773,0.215909456849375
0.981078718514854,0.366232596525433,0.215363303008751
0.981088149885933,0.366211304934686,0.214804104050814
0.981122097704293,0.366176668697306,0.21423347046627
0.981182173870665,0.366129068123069,0.213653012745829
0.981269990285782,0.366068883521748,0.213064341380196
0.981387158850375,0.365996495203118,0.21246906686008
0.981535291465177,0.365912283476953,0.211868799676188
0.981716000030919,0.365816628653029,0.211265150319228
0.981930287875063,0.365709569009687,0.210659729517528
0.982174924410267,0.365589578967913,0.21005419982327
0.982444879928414,0.365454686247227,0.209450340133843
0.98273511814484,0.365302918532553,0.208849945200995
0.983040602774882,0.365132303508815,0.208254809776475
0.983356297533874,0.364940868860933,0.207666728612033
0.983677166137153,0.364726642273834,0.207087496459418
0.983998172300057,0.364487651432437,0.206518908070379
0.984314279737918,0.364221924021668,0.205962758196666
0.984620452166075,0.363927487726448,0.205420841590027
0.984911653299864,0.363602370231701,0.204894953002212
0.985182846854619,0.36324459922235,0.20438688718497
0.985428996545677,0.362852202383316,0.20389843889005
0.985645066088375,0.362423207399525,0.203431402869202
0.985826019198047,0.361955641955897,0.202987573874174
0.98596683297467,0.361447592787835,0.202568746656717
0.986065403627057,0.360900664481678,0.202176588497715
0.986126180800426,0.360321899864564,0.201810670992796
0.986154507176782,0.359718807887029,0.201468850371722
0.986155725438124,0.359098897499605,0.201148932414751
0.986135178266457,0.358469677652826,0.200848722902138
0.986098208343781,0.357838657297228,0.20056602761414
0.986050158352099,0.357213345383342,0.200298652331015
0.985996370973412,0.356601250861703,0.200044402833018
0.985942188889724,0.356009882682846,0.199801084900405
0.985892954783036,0.355446749797304,0.199566504313435
0.98585401133535,0.35491936115561,0.199338466852363
0.985830701228669,0.354435225708299,0.199114778297446
0.985828367144994,0.354001852405905,0.19889324442894
0.985852351766328,0.35362675019896,0.198671671027101
0.985907997774673,0.353317428038001,0.198447863872188
0.98600037665673,0.353080440499496,0.198219628744456
0.986130101311693,0.352912930271021,0.197985146667466
0.986294135183877,0.3528066817872,0.19774431437554
0.986489334385861,0.352753417394859,0.197497518679978
0.986712555030221,0.35274485944082,0.197245146430046
0.986960653229535,0.352772730271909,0.196987584475008
0.987230485096381,0.35282875223495,0.196725219664126
0.987518906743335,0.352904647676767,0.196458438846663
0.987822774282976,0.352992138944185,0.196187628871884
0.98813894382788,0.353082948384028,0.195913176589053
0.988464271490624,0.35316879834312,0.195635468847432
0.988795613383787,0.353241411168286,0.195354892496286
0.989129825619946,0.353292509206351,0.195071834384877
0.989463764311678,0.353313814804139,0.194786681362469
0.98979428557156,0.353297050308473,0.194499820278327
0.990118245512169,0.353233939896246,0.194211637981712
0.990433050008211,0.353119259250815,0.193922522941036
0.99073861859094,0.352957065869511,0.193632960083112
0.991035588794471,0.352753175580619,0.193343583449669
0.991324598208531,0.352513404212426,0.193055039863395
0.991606284422847,0.352243567593216,0.192767976146981
0.991881285027147,0.351949481551276,0.192483039123114
0.992150237611158,0.351636961914891,0.192200875614484
0.992413779764608,0.351311824512347,0.191922132443781
0.992672549077224,0.35097988517193,0.191647456433694
0.992927183138733,0.350646959721925,0.191377494406913
0.993178319538863,0.350318863990619,0.191112893186126
0.993426595867341,0.350001413806295,0.190854299594022
0.993672649713895,0.349700424997242,0.190602360453292
0.993917118668253,0.349421713391744,0.190357722586624
0.994160640320141,0.349171094818087,0.190121032816708
0.994403851984868,0.348954252680032,0.189892937966233
0.994647374629632,0.348773363600635,0.189673865953748
0.994891803949108,0.348626820404363,0.18946208589916
0.995137733471811,0.348512827987172,0.189254637903481
0.995385756726251,0.348429591245017,0.189048547826694
0.995636467240943,0.348375315073851,0.188840841528776
0.995890458544399,0.34834820436963,0.188628544869707
0.996148324165132,0.348346464028308,0.188408683709467
0.996410657631655,0.34836829894584,0.188178283908034
0.996678052472481,0.34841191401818,0.187934371325389
0.996951102216123,0.348475514141284,0.187673971821509
0.997230400391095,0.348557304211105,0.187394111256376
0.997516540525908,0.348655489123598,0.187091815489967
0.997810116149075,0.348768273774719,0.186764110382263
0.998111720789111,0.348893863060421,0.186408021793242
0.998421947974527,0.34903046187666,0.186020575582884
0.998741173280676,0.349175923835202,0.185598798601758
0.999067622862652,0.349325883927652,0.185141369437131
0.999398299195846,0.349475113407773,0.1846519907891
0.999730190576481,0.349618381585499,0.184135317117096
1.00006028530078,0.349750457770766,0.183596002880554
1.00038557166495,0.349866111273508,0.183038702538905
1.00070303796523,0.349960111403659,0.182468070551581
1.00100967249783,0.350027227471156,0.181888761378016
1.00130246355898,0.350062228785931,0.181305429477642
1.00157839944489,0.350059884657921,0.180722729309891
1.00183446845178,0.350014964397061,0.180145315334196
1.00206765887588,0.349922237313284,0.17957784200999
1.00227495901341,0.349776472716526,0.179024963796704
1.00245335716059,0.349572439916721,0.178491335153772
1.00259984161363,0.349304908223805,0.177981610540626
1.00271140169066,0.348968676313397,0.177500444416699
1.00278673065204,0.348562986381759,0.177052367574483
1.00282970466533,0.348096236478288,0.17663863593846
1.00284518173918,0.347577953911369,0.176256971867145
1.00283801988223,0.347017665989387,0.175904922218752
1.00281307710312,0.346424900020726,0.175580033851492
1.0027752114105,0.34580918331377,0.175279853623579
1.002729280813,0.345180043176904,0.175001928393224
1.00268014331928,0.34454700691851,0.174743805018641
1.00263265693797,0.343919601846975,0.17450303035804
1.00259167967771,0.343307355270682,0.174277151269635
1.00256206954716,0.342719794498016,0.174063714611639
1.00254868455495,0.34216644683736,0.173860267242264
1.00255638270973,0.3416568395971,0.173664356019722
1.00259002202013,0.341200500085619,0.173473527802226
1.00265446049481,0.340806955611301,0.173285329447988
1.00275441542102,0.340485134985039,0.17309730781522
1.00289087759341,0.340235268979493,0.1729071136439
1.00306081693999,0.340051021782388,0.17271305376439
1.00326100368589,0.339925895962095,0.172513690431616
1.00348820805625,0.339853394086988,0.172307586475337
1.00373920027619,0.339827018725437,0.172093304725309
1.00401075057084,0.339840272445815,0.171869408011288
1.00429962916533,0.339886657816493,0.171634459163031
1.00460260628479,0.339959677405843,0.171387021010297
1.00491645215435,0.340052833782238,0.171125656382839
1.00523793699914,0.340159629514049,0.170848928110416
1.0055638310443,0.340273567169647,0.170555399022786
1.00589090451494,0.340388149317405,0.170243631949703
1.0062159276362,0.340496878525694,0.169912189720925
1.00653567063321,0.340593257362886,0.169559635166208
1.0068469037311,0.340670788397355,0.169184531115311
1.00714687727272,0.340724536143749,0.168785446454419
1.00743587390039,0.340756076143584,0.168361866509074
1.00771535677025,0.34076868025483,0.167915164923759
1.00798679169517,0.340765620339692,0.167446948243271
1.00825164448805,0.340750168260376,0.16695882301241
1.00851138096176,0.34072559587909,0.166452395775977
1.00876746692917,0.34069517505804,0.16592927307877
1.00902136820316,0.340662177659431,0.165391061465588
1.0092745505966,0.340629875545472,0.164839367481233
1.00952847992239,0.340601540578367,0.164275797670502
1.00978462199338,0.340580444620324,0.163701958578196
1.01004444262247,0.340569859533548,0.163119456749114
1.01030940762252,0.340573057180248,0.162529898728056
1.01058098280642,0.340593309422627,0.161934891059821
1.01086063398704,0.340633888122894,0.161336040289209
1.01114981882043,0.340697985158039,0.16073495296102
1.01144876069787,0.34078493122539,0.160133235609751
1.01175513981395,0.34088855698022,0.159532494620206
1.01206632269204,0.341002272405332,0.158934336264172
1.01237967585548,0.341119487483528,0.158340366810654
1.01269256582766,0.341233612197611,0.157752192528659
1.01300235913192,0.341338056530383,0.157171419687193
1.01330642229162,0.341426230464646,0.15659965455526
1.01360212183014,0.341491543983203,0.156038503401869
1.01388682427082,0.341527407068856,0.155489572496024
1.01415789613703,0.341527229704407,0.154954468106732
1.01441270395214,0.341484421872659,0.154434796502998
1.0146486142395,0.341392393556415,0.153932163953829
1.01486299352247,0.341244554738477,0.153448176728231
1.01505320832441,0.341034315401646,0.152984441095208
1.01521662516869,0.340755085528725,0.152542563323768
1.01535080129023,0.340401406498837,0.152124149682917
1.01545606555869,0.339977868806093,0.151730319979039
1.01553483928969,0.339494323963728,0.151360166182326
1.01558959529895,0.338960669622403,0.151012251951236
1.01562280640218,0.338386803432781,0.150685140942906
1.0156369454151,0.337782623045523,0.150377396814474
1.01563448515343,0.337158026111292,0.150087583223076
1.01561789843288,0.33652291028075,0.149814263825851
1.01558965806918,0.335887173204559,0.149556002279936
1.01555223687805,0.335260712533381,0.149311362242468
1.01550810767518,0.334653425917879,0.149078907370584
1.01545974327632,0.334075211008714,0.148857201321424
1.01540961649717,0.333535965456548,0.148644807752123
1.01536020015344,0.333045586912044,0.148440290319819
1.01531396706087,0.332613973025864,0.148242212681649
1.01527339003516,0.332251016353208,0.148049138494752
1.0152404406063,0.331962733381145,0.147859623144865
1.01521500067741,0.33174436289534,0.147671822726991
1.0151964077416,0.331589285422186,0.147483324568022
1.01518399929059,0.331490881488076,0.147291672492442
1.01517711281611,0.331442531619403,0.147094410324734
1.0151750858099,0.331437616342559,0.146889081889381
1.01517725576367,0.331469516183937,0.146673231010866
1.01518296016917,0.331531611669931,0.146444401513674
1.01519153651813,0.331617283326933,0.146200137222287
1.01520232230227,0.331719911681335,0.145937981961188
1.01521465501333,0.331832877259531,0.14565547955486
1.01522787214303,0.331949560587913,0.145350173827788
1.01524131118311,0.332063342192875,0.145019608604454
1.0152543096253,0.332167602600809,0.144661327709341
1.01526620496132,0.332255722338108,0.144272874966933
1.01527634149355,0.332321292497946,0.143851794201713
1.01528439229854,0.33236271040313,0.143396117951279
1.01529049877397,0.33238315924664,0.142908219525957
1.0152948381372,0.33238602871632,0.142392744763389
1.01529758760558,0.332374708500015,0.141854359430544
1.01529892439648,0.332352588285571,0.14129772929439
1.01529902572726,0.33232305776083,0.140727520121896
1.01529806881527,0.332289506613638,0.140148397680029
1.01529623087788,0.332255324531841,0.13956502773576
1.01529368913245,0.332223901203281,0.138982076056056
1.01529062079634,0.332198626315804,0.138404208407885
1.01528720308691,0.332182889557256,0.137836090558217
1.01528361322152,0.332180080615479,0.13728238827402
1.01528002841752,0.332193589178319,0.136747767322261
1.01527662589228,0.332226804933621,0.136236893469911
1.01527358286317,0.332283117569228,0.135754432483937
1.0152710612054,0.332364741730569,0.135305047761412
1.01526908652471,0.332467144834,0.134891599942724
1.01526761308556,0.332583390541463,0.134511936966578
1.01526659452678,0.332706539575188,0.134163042496536
1.0152659844872,0.332829652657401,0.133841900196165
1.01526573660565,0.332945790510332,0.133545493729029
1.01526580452096,0.33304801385621,0.133270806758692
1.01526614187195,0.333129383417262,0.133014822948718
1.01526670229745,0.333182959915719,0.132774525962672
1.0152674394363,0.333201804073808,0.132546899464119
1.01526830692732,0.333178976613757,0.132328927116624
1.01526925840933,0.333107538257796,0.132117592583751
1.01527024752118,0.332980549728153,0.131909879529063
1.01527122790168,0.332791071747057,0.131702771616126
1.01527215318966,0.332532165036736,0.131493252508506
1.0152729770408,0.332196942971444,0.131278305869764
1.01527366592103,0.331784338372675,0.13105499573976
1.01527422191619,0.331304301208163,0.13082222076358
1.0152746532536,0.33076800834523,0.130580706420053
1.01527496816061,0.330186636651192,0.130331257009991
1.01527517486452,0.329571362993369,0.130074676834205
1.01527528159267,0.328933364239082,0.12981177019351
1.01527529657238,0.328283817255648,0.129543341388717
1.01527522803098,0.327633898910387,0.129270194720637
1.01527508419579,0.326994786070617,0.128993134490086
1.01527487329415,0.326377655603659,0.128712964997873
1.01527460355336,0.32579368437683,0.128430490544811
1.01527428320077,0.32525404925745,0.128146515431715
1.01527392046369,0.324769927112839,0.127861843959395
1.01527352356946,0.324352494810314,0.127577280428663
1.01527310074539,0.324012929217196,0.127293629140333
1.01527266032873,0.323761429826352,0.127011694395217
1.01527221316545,0.323595573222765,0.126732166144381
1.01527177259963,0.323504150482046,0.12645507772946
1.01527135208313,0.323475774524536,0.12618022856972
1.01527096506784,0.323499058270574,0.125907417798347
1.01527062500561,0.323562614640497,0.125636444548525
1.01527034534832,0.323655056554645,0.125367107953442
1.01527013954783,0.323764996933357,0.125099207146283
1.01527002105601,0.323881048696972,0.124832541260234
1.01527000332473,0.323991824765827,0.12456690942848
1.01527009980587,0.324085938060264,0.124302110784207
1.01527032395128,0.32415200150062,0.124037944460602
1.01527068921283,0.324178628007233,0.123774209590849
1.0152712090424,0.324154430500444,0.123510705308135
1.01527189689186,0.32406802190059,0.123247230745645
1.01527276621307,0.323908015143905,0.122983585036566
1.01527382187039,0.323666420294528,0.122719567895451
1.01527501941775,0.323348160137211,0.122455043293516
1.01527629684184,0.322961225011436,0.122189996850133
1.01527759210785,0.322513605256687,0.121924427731747
1.01527884318098,0.322013291212443,0.121658335104802
1.01527998802644,0.321468273218187,0.121391718135743
1.01528096460942,0.320886541613401,0.121124575991014
1.01528171089513,0.320276086737567,0.120856907837058
1.01528216484877,0.319644898930165,0.120588712840322
1.01528226443553,0.319000968530679,0.120319990167249
1.01528194762061,0.318352285878589,0.120050738984284
1.01528115236922,0.317706841313377,0.119780958457871
1.01527981664656,0.317072625174527,0.119510647754454
1.01527787841783,0.316457627801518,0.119239806040478
1.01527527564821,0.315869839533832,0.118968432482387
1.01527194716531,0.315317159951324,0.118696526246626
1.01526792711271,0.314803872393579,0.118424095380868
1.01526343008251,0.314329511047053,0.118151262634915
1.01525869076204,0.313893287467364,0.117878230590939
1.01525394383863,0.313494413210128,0.117605203449976
1.01524942399961,0.313132099830961,0.117332385413062
1.0152453659323,0.312805558885481,0.117059980681234
1.01524200432405,0.312514001929305,0.116788193455529
1.01523957386218,0.31225664051805,0.116517227936984
1.01523830923403,0.312032686207332,0.116247288326633
1.01523844512691,0.311841350552768,0.115978578825515
1.01524021622817,0.311681845109976,0.115711303634667
1.01524385722514,0.311553381434572,0.115445666955123
1.01524960280514,0.311455171082173,0.115181872987921
1.01525768765551,0.311386425608397,0.114920125934098
1.01526834646357,0.311346356568859,0.11466062999469
1.01528176577545,0.311333861826638,0.114403589369896
1.01529751038774,0.311345322833454,0.11414902940981
1.01531471236108,0.311375910743133,0.113896295642761
1.01533249498093,0.311420788993728,0.113644572098159
1.01534998153278,0.311475121023288,0.113393042805414
1.0153662953021,0.311534070269865,0.113140891793935
1.01538055957437,0.311592800171509,0.112887303093132
1.01539189763507,0.311646474166271,0.112631460732413
1.01539943276967,0.311690255692201,0.112372548741189
1.01540228826365,0.31171930818735,0.112109751148869
1.01539958740248,0.311728795089769,0.111842251984861
1.01539045347166,0.311713879837507,0.111569235278577
1.01537400975664,0.311669725868617,0.111289885059424
1.01534937954291,0.311591496621148,0.111003385356812
1.01531568611594,0.311474355533152,0.110708920200152
1.01527205276462,0.311313473150563,0.110405673618851
1.01521833013444,0.311107005462618,0.110092869710823
1.01515713360421,0.310860705832686,0.109771329069433
1.01509173534472,0.310581518397026,0.109443968941149
1.01502540752671,0.310276387291897,0.109113849007297
1.01496142232094,0.309952256653556,0.108784028949203
1.01490305189819,0.309616070618264,0.108457568448192
1.01485356842921,0.309274773322277,0.10813752718559
1.01481624408476,0.308935308901856,0.107826964842724
1.01479435103561,0.308604621493259,0.107528941100919
1.01479116145251,0.308289655232745,0.107246515641501
1.01480994750623,0.307997354256571,0.106982748145796
1.01485398136754,0.307734662700997,0.106740698295129
1.01492653520719,0.307508524702282,0.106523425770827
1.01503088119594,0.307325884396685,0.106333990254215
1.01517029150456,0.307193685920463,0.10617545142662
1.01534794640614,0.307118453561086,0.106050868969366
1.01556336458935,0.30709837930603,0.105962691380286
1.01581125603996,0.307123998202395,0.10590846430203
1.01608600406739,0.307185560823019,0.105883375290898
1.01638199198108,0.307273317740737,0.105882596870138
1.01669360309047,0.307377519528385,0.105901301562999
1.01701522070499,0.307488416758802,0.105934661892729
1.01734122813409,0.307596260004822,0.105977850382575
1.0176660086872,0.307691299839284,0.106026039555786
1.01798394567375,0.307763786835022,0.106074401935611
1.01828942240318,0.307803971564874,0.106118110045297
1.01857682218493,0.307802104601676,0.106152336408092
1.01884052832843,0.307748436518266,0.106172253547246
1.01907492414312,0.307633217887479,0.106173033986005
1.01927439293845,0.307446699282151,0.106149850247619
1.01943331802383,0.30717913127512,0.106097874855336
1.01954698321,0.306823540988579,0.106012285091113
1.01961789604237,0.30638746788672,0.105890256983358
1.01965203840721,0.305883177141837,0.10573405298251
1.01965541434008,0.305322936492442,0.105546732758327
1.01963402787656,0.304719013677048,0.105331355980569
1.01959388305222,0.304083676434167,0.105090982318996
1.01954098390264,0.303429192502311,0.104828671443367
1.01948133446336,0.302767829619993,0.104547483023441
1.01942093876998,0.302111855525724,0.104250476728978
1.01936580085806,0.301473537958018,0.103940712229738
1.01932192476316,0.300865144655386,0.10362124919548
1.01929531452087,0.300298943356341,0.103295147295964
1.01929197416674,0.299787201799395,0.102965466200948
1.01931790773635,0.29934218772306,0.102635265580194
1.01937911926527,0.298976168865848,0.102307605103459
1.01948160602374,0.298701310410838,0.101985544440505
1.01962852372117,0.298521167001236,0.101672045788582
1.01981579684574,0.298424301404364,0.101368136909991
1.02003821650166,0.298397773205178,0.101073067924229
1.02029057379313,0.298428641988637,0.100786022906973
1.02056765982436,0.298503967339699,0.100506185933898
1.02086426569955,0.298610808843323,0.100232741080676
1.02117518252291,0.298736226084465,0.0999648724229836
1.02149520139865,0.298867278648084,0.0997017640364948
1.02181911343097,0.298991026119138,0.0994425999968846
1.02214170972407,0.299094528082586,0.0991865643798275
1.02245778138217,0.299164844123384,0.0989328412609984
1.02276211950946,0.299189033826491,0.0986806147160715
1.02304951521015,0.299154156776865,0.0984290688207221
1.02331475958845,0.299047272559464,0.0981773876506242
1.02355264374856,0.298855440759246,0.0979247552814531
1.02375813107169,0.298567020683144,0.0976703557888829
1.02392960394047,0.298185357523753,0.0974135018730788
1.02406858661798,0.29772340652095,0.0971541785228422
1.02417672009589,0.297194280484548,0.0968925896468338
1.02425564536589,0.296611092224359,0.0966289392725965
1.02430700341968,0.295986954550195,0.0963634314276709
1.02433243524893,0.295334980271867,0.0960962701395995
1.02433358184534,0.294668282199188,0.0958276594359242
1.02431208420058,0.293999973141969,0.0955578033441866
1.02426958330636,0.293343165910023,0.0952869058919283
1.02420772015434,0.292710973313161,0.0950151711066922
1.02412813573623,0.292116508161196,0.0947428030160182
1.0240324710437,0.29157288326394,0.0944700056474499
1.02392236706844,0.291093211431203,0.0941969830285279
1.02379946480214,0.290690605472799,0.093923939186795
1.02366540523649,0.290378177721617,0.0936510781497921
1.02352228325443,0.290164011375097,0.0933786031142514
1.02337456611709,0.29003875308163,0.0931066475221924
1.02322749361197,0.289989273128854,0.092835223365181
1.02308630594609,0.290002441804408,0.0925643304573749
1.02295624332646,0.290065129395928,0.0922939686129327
1.02284254596007,0.290164206191053,0.0920241376460118
1.02275045405395,0.290286542477421,0.0917548373707708
1.0226852078151,0.290419008542669,0.0914860676013676
1.02265204745052,0.290548474674436,0.0912178281519602
1.02265621316724,0.29066181116036,0.0909501188367068
1.02270294517225,0.290745888288077,0.0906829394697657
1.02279748367258,0.290787576345227,0.0904162898652945
1.02294506887522,0.290773745619447,0.0901501698374516
1.02315094098718,0.290691266398374,0.089884579200395
1.02342034021548,0.290527008969648,0.0896195177682828
1.02375844715991,0.290268182092399,0.0893549853552731
1.02416543780643,0.289913297404643,0.0890909716435204
1.02463277457017,0.289474558113144,0.0888273494924674
1.02515104618733,0.288964989145693,0.0885639168462784
1.02571084139411,0.288397615430083,0.0883004704207801
1.0263027489267,0.287785461894108,0.0880368069317978
1.02691735752131,0.287141553465559,0.0877727230951577
1.02754525591413,0.286478915072229,0.0875080156266847
1.02817703284136,0.285810571641911,0.0872424812422061
1.0288032770392,0.285149548102398,0.086975916657547
1.02941457724385,0.284508869381483,0.086708118588533
1.03000152219151,0.283901560406958,0.0864388837509904
1.03055470061836,0.283340646106616,0.086168008860745
1.03106470126063,0.282839151408249,0.0858952906336228
1.03152211285449,0.28241010123965,0.085620525785449
1.03191752413616,0.282066520528612,0.08534351103205
1.03224229385049,0.281819203382838,0.085064043107727
1.03249665899633,0.281662743067453,0.0847821135700082
1.03268654995915,0.281584582123005,0.0844983894493323
1.03281799047529,0.281572131662528,0.084213684068237
1.03289700428111,0.281612802799058,0.0839288107492611
1.03292961511296,0.28169400664563,0.083644582814943
1.03292184670719,0.281803154315278,0.0833618135878213
1.03287972280016,0.281927656921039,0.0830813163904345
1.03280926712822,0.282054925575946,0.0828039045453208
1.03271650342773,0.282172371393036,0.082530391375019
1.03260745543503,0.282267405485342,0.0822615902020674
1.03248814688649,0.282327438965901,0.0819983143490044
1.03236460151845,0.282339882947748,0.0817413771383693
1.03224284306726,0.282292148543916,0.0814915918926993
1.03212889526929,0.282171646867443,0.0812497719345338
1.03202878172427,0.281965813594468,0.0810167305864107
1.03194708549521,0.281668502785227,0.0807932311749005
1.03188339515057,0.281288534835825,0.0805783674668272
1.03183621756466,0.280836859254484,0.0803692108334617
1.0318040596118,0.280324425549428,0.0801627112688239
1.03178542816629,0.279762183228879,0.079955818766934
1.03177883010244,0.279161081801061,0.0797454833218121
1.03178277229457,0.278532070774197,0.0795286549274785
1.03179576161698,0.27788609965651,0.0793022835779533
1.03181630494399,0.277234117956224,0.0790633192672572
1.0318429091499,0.276587075181561,0.0788087119894099
1.03187408110903,0.275955920840745,0.0785354117384318
1.03190832769568,0.275351604441999,0.0782403685083428
1.03194415578417,0.274785075493547,0.0779205322931635
1.0319800722488,0.27426728350361,0.0775728530869135
1.03201458396389,0.273809177980414,0.0771942808836139
1.03204621646351,0.27342123877933,0.0767817656772842
1.03207411840374,0.273105780613616,0.0763329404066138
1.03209819324991,0.272858194660888,0.0758503977464526
1.03211838976842,0.272673652887062,0.0753389194989833
1.03213465672569,0.272547327258054,0.074803297087624
1.03214694288812,0.272474389739779,0.0742483219357955
1.03215519702212,0.272450012298154,0.0736787854669168
1.03215936789409,0.272469366899095,0.0730994791044088
1.03215940427043,0.272527625508516,0.0725151942716904
1.03215525491755,0.272619960092334,0.0719307223921815
1.03214686860186,0.272741542616465,0.0713508548893018
1.03213419408976,0.272887545046825,0.0707803831864715
1.03211718014765,0.273053139349329,0.0702240987071101
1.03209577554195,0.273233497489893,0.0696867928746372
1.03206992903906,0.273423791434434,0.0691732571124728
1.03203958940537,0.273619193148866,0.0686882828440363
1.03200485776101,0.273814874613912,0.0682366534402639
1.03196694166146,0.274006007880797,0.0678210481432928
1.03192753702046,0.27418776502171,0.0674392398048349
1.03188834189808,0.274355318108841,0.0670883032931129
1.03185105435438,0.274503839214383,0.0667653134763497
1.03181737244943,0.274628500410526,0.0664673452227673
1.0317889942433,0.274724473769464,0.0661914734005886
1.03176761779607,0.274786931363387,0.0659347728780366
1.03175494116779,0.274811045264487,0.065694318523333
1.03175266241853,0.274791987544954,0.0654671852047009
1.03176247960837,0.274724930276983,0.065250447790363
1.03178609079738,0.274605045532763,0.0650411811485419
1.03182519404561,0.274427505384486,0.06483646014746
1.03188148741315,0.274187481904344,0.0646333596553403
1.03195666896005,0.273880147164529,0.0644289545404047
1.03205242793994,0.273500760088483,0.0642203196708762
1.0321681524652,0.273050291674347,0.0640044300068019
1.03229786486578,0.272538867397293,0.0637765235562391
1.03243482413501,0.271977436446717,0.0635303654993591
1.0325722892662,0.271376948012014,0.06325967438393
1.03270351925268,0.27074835128258,0.0629581687577196
1.03282177308776,0.270102595447811,0.0626195671684959
1.03292030976477,0.269450629697104,0.0622375881640267
1.03299238827703,0.268803403219853,0.06180595029208
1.03303126761786,0.268171865205456,0.061318372100424
1.03303020678058,0.267566964843306,0.0607685721368263
1.03298246475851,0.266999651322802,0.060150268949055
1.03288130054497,0.266480873833338,0.0594571810848781
1.03271997313329,0.26602158156431,0.0586830270920635
1.03249174151678,0.265632723705114,0.0578215255183794
1.03218986468876,0.265325249445147,0.0568663949115933
1.03180816175413,0.265108764210889,0.0558113538194731
1.03135018962861,0.264978986080638,0.0546530662152669
1.03082776228938,0.26492343357695,0.0534022215781544
1.03025295514716,0.264929518981893,0.0520736796055132
1.02963784361268,0.264984654577535,0.0506823006821278
1.02899450309666,0.265076252645945,0.0492429451927823
1.02833500900983,0.265191725469191,0.0477704735222588
1.02767143676292,0.265318485329343,0.046279746055343
1.02701586176665,0.265443944508469,0.0447856231768176
1.02638035943175,0.265555515288638,0.0433029652714663
1.02577700516894,0.265640609951917,0.041846632724073
1.02521787438895,0.265686640780377,0.0404314859194217
1.02471504250251,0.265681020056086,0.0390723852422952
1.02428058492034,0.265611160061111,0.0377841910774781
1.02392657705317,0.265464473077523,0.0365817638097539
1.02366509431172,0.265228373455131,0.0354799638239063
1.02350441502039,0.264895622003633,0.0344934948972617
1.02343473656512,0.26447589996411,0.0336267609728365
1.02344088030769,0.263982227907048,0.0328676589272019
1.02350766672372,0.263427626402931,0.0322026003412201
1.02361991628884,0.262825116022247,0.0316179967957542
1.02376244947865,0.262187717335479,0.031100259871667
1.02392008676877,0.261528450913116,0.0306358011498213
1.02407764863484,0.260860337325641,0.0302110322110796
1.02421995555246,0.260196397143541,0.0298123646363055
1.02433182799725,0.259549650937301,0.0294262100063609
1.02439808644484,0.258933119277408,0.0290389799021089
1.02440355137084,0.258359822734346,0.0286370859044125
1.02433304325087,0.257842781878603,0.0282069395941345
1.02417138256055,0.257395017280663,0.0277349525521373
1.0239033897755,0.257029549511012,0.0272075363592841
1.0235140551741,0.256758982365263,0.026611102596438
1.02299953670458,0.256584103999207,0.0259332106921573
1.02237389022132,0.256492496833309,0.0251732827037907
1.02165278202131,0.256471047415402,0.024337744782247
1.02085187840154,0.256506642293316,0.0234331138294868
1.01998684565901,0.256586168014884,0.02246590674747
1.01907335009071,0.256696511127939,0.0214426404381578
1.01812705799363,0.256824558180313,0.0203698318035097
1.01716363566478,0.256957195719837,0.0192539977454869
1.01619874940113,0.257081310294343,0.0181016551660493
1.0152480654997,0.257183788451665,0.0169193209671572
1.01432725025746,0.257251516739634,0.015713512050771
1.01345196997142,0.257271381706082,0.0144907453188516
1.01263789093856,0.257230269898841,0.0132575376733595
1.01190067945589,0.257115067865744,0.0120204060162541
1.01125600182038,0.256912662154622,0.0107858672494967
1.01071817808918,0.256612489416197,0.00956043780627947
1.01028761537273,0.256220785715005,0.00834942204899414
1.00995650611151,0.255750584022699,0.00715428838853804
1.0097169363097,0.25521493646562,0.00597574819212876
1.00956099197147,0.254626895170111,0.00481451282698342
1.00948075910099,0.253999512262514,0.00367129366031982
1.00946832370244,0.25334583986917,0.00254680205935554
1.00951577177998,0.252678930116422,0.0014417493913077
1.00961518933779,0.252011835130612,0.000356847023393669
1.00975866238004,0.251357607038081,-0.000707193677168316
1.0099382769109,0.250729297965171,-0.0017496613431609
1.01014611893455,0.250139960038225,-0.00276984460736718
1.01037427445516,0.249602645383584,-0.00376703210256957
1.01061482947689,0.249130406127591,-0.00474051246154961
1.01085987000392,0.248736294396586,-0.00568957431709061
1.01110148237292,0.248433319592529,-0.00661350630197521
1.01133261263871,0.248226958165887,-0.0075116525220662
1.01154892768494,0.248106572899771,-0.00838492975468674
1.01174663136404,0.248059449852826,-0.00923601247148165
1.01192192752844,0.248072875083695,-0.0100676677653198
1.01207102003058,0.248134134651022,-0.0108826627290712
1.0121901127229,0.248230514613451,-0.0116837644556054
1.01227540945783,0.248349301029626,-0.0124737400377914
1.01232311408781,0.24847777995819,-0.0132553565684992
1.01232943046527,0.248603237457787,-0.0140313811405981
1.01229056244265,0.248712959587062,-0.0148045808469575
1.01220271387238,0.248794232404657,-0.0155777227804466
1.0120620886069,0.248834341969217,-0.0163535740339353
1.01186489049864,0.248820574339386,-0.0171349017002933
1.01160732340004,0.248740215573808,-0.0179244728723893
1.01128559116354,0.248580551731125,-0.0187250546430933
1.01089611619027,0.24832971164371,-0.0195394141052749
1.01044151677516,0.247988743149941,-0.0203696820516874
1.00993133604617,0.24756879940629,-0.0212137974956117
1.00937548203347,0.247081302939995,-0.0220680034902136
1.00878386276722,0.246537676278295,-0.0229285383091933
1.00816638627759,0.24594934194843,-0.0237916402262517
1.00753296059474,0.245327722477638,-0.0246535475150897
1.00689349374883,0.244684240393158,-0.0255104984494074
1.00625789377003,0.244030318222231,-0.0263587313029054
1.0056360686885,0.243377378492093,-0.0271944843492844
1.00503792653441,0.242736843729985,-0.0280139958622447
1.00447337533792,0.242120136463146,-0.0288135041154867
1.0039523231292,0.241538679218814,-0.0295892473827115
1.0034846779384,0.241003894524229,-0.0303374639376193
1.00308034779571,0.24052720490663,-0.0310543920539099
1.00274924073127,0.240120032893255,-0.0317362700052854
1.0024993776637,0.239791036790334,-0.0323793517289013
1.00232634771215,0.239536876361926,-0.0329826528647938
1.00222071019009,0.239350956612922,-0.0335510965862693
1.00217301023627,0.239226682487564,-0.0340903674276958
1.00217379298945,0.239157458930096,-0.0346061499234398
1.00221360358837,0.239136690884763,-0.0351041286078693
1.0022829871718,0.239157783295808,-0.0355899880153516
1.00237248887847,0.239214141107475,-0.0360694126802541
1.00247265384714,0.239299169264007,-0.0365480871369444
1.00257402721656,0.239406272709649,-0.0370316959197898
1.00266715412548,0.239528856388644,-0.0375259235631582
1.00274257971265,0.239660325245237,-0.0380364546014167
1.00279084911683,0.239794084223669,-0.0385689735689327
1.00280250747676,0.239923538268187,-0.0391291650000738
1.00276809993119,0.240042092323033,-0.0397227134292075
1.00267820077015,0.240143211917461,-0.0403553033907014
1.00252852409078,0.240223561572124,-0.0410322189070178
1.00232577850443,0.240284528525182,-0.0417526044930205
1.00207808959204,0.240327879916498,-0.0425108023067053
1.00179358293458,0.240355382885936,-0.0433010264928246
1.00148038411299,0.240368804573361,-0.0441174911961288
1.00114661870821,0.240369912118637,-0.0449544105613697
1.00080041230121,0.240360472661626,-0.0458059987332991
1.00044989047291,0.240342253342193,-0.0466664698566681
1.00010317880429,0.240317021300203,-0.0475300380762285
0.999768402876273,0.240286543675519,-0.0483909175367314
0.999453688269824,0.240252587608004,-0.0492433223829287
0.999167160565886,0.240216920237523,-0.0500814667595713
0.99891694534541,0.24018130870394,-0.050899564811411
0.998711168189344,0.240147520147118,-0.0516918306831995
0.998557954678638,0.240117321706922,-0.0524524785196876
0.998464802499234,0.240092334974283,-0.0531757224656273
0.998429584239516,0.240072828626774,-0.0538573191585707
0.998442643683216,0.240058336473705,-0.054499720672087
0.998494123923706,0.240048385011378,-0.0551071953030391
0.998574168054363,0.240042500736091,-0.0556840113821324
0.998672919168561,0.240040210144147,-0.0562344372400714
0.998780520359675,0.240041039731845,-0.0567627412075606
0.998887114721079,0.240044515995486,-0.0572731916153062
0.998982845346149,0.24005016543137,-0.0577700567940112
0.999057855328259,0.240057514535798,-0.0582576050743811
0.999102287760783,0.240066089805071,-0.0587401047871208
0.999106285737097,0.24007541773549,-0.059221824262935
0.999059992350575,0.240085024823354,-0.0597070318325286
0.998953550694592,0.240094437564964,-0.0601999958266062
0.998777103862522,0.240103182456621,-0.0607049845758727
0.998520794947741,0.240110786125299,-0.0612262664110326
0.998178046064047,0.240116911267641,-0.0617680447428537
0.997756512436374,0.240121614051711,-0.0623310950991993
0.997267710204452,0.240125021352442,-0.0629111323745664
0.996723155579948,0.240127260044769,-0.0635034643793451
0.996134364774534,0.240128457003626,-0.0641033989239264
0.995512853999877,0.240128739103947,-0.0647062438187003
0.994870139467647,0.240128233220665,-0.0653073068740564
0.994217737389515,0.240127066228714,-0.0659018959003863
0.993567163977147,0.240125365003028,-0.0664853187080798
0.992929935442215,0.240123256418542,-0.0670528831075266
0.992317567996387,0.240120867350188,-0.0675998969091181
0.991741577851332,0.240118324672901,-0.0681216679232441
0.99121348121872,0.240115755261615,-0.0686135039602949
0.99074479431022,0.240113285991264,-0.0690707128306605
0.990347033337501,0.240111043736781,-0.0694886023447319
0.990031559879605,0.240109152254305,-0.0698624803128993
0.989801570650255,0.24010765941291,-0.0701884728503144
0.989648208453813,0.240106534812015,-0.0704703124174708
0.98956164646207,0.240105744455586,-0.0707158630489633
0.98953205784682,0.240105254347586,-0.0709330298945641
0.989549615779853,0.240105030491978,-0.0711297181040471
0.989604493432962,0.240105038892727,-0.0713138328271852
0.989686863977939,0.240105245553797,-0.0714932792137502
0.989786900586576,0.240105616479151,-0.0716759624135164
0.989894776430664,0.240106117672754,-0.0718697875762562
0.990000664681997,0.240106715138569,-0.0720826598517421
0.990094738512365,0.240107374880561,-0.0723224843897476
0.990167171093561,0.240108062902693,-0.0725971663400458
0.990208135597377,0.240108745208928,-0.0729146108524092
0.990207805195606,0.240109387803233,-0.0732827230766109
0.990156353060038,0.240109956689569,-0.0737094081624241
0.990045110709336,0.240110422553885,-0.0742025679844434
0.989876176783086,0.240110784107133,-0.0747666940044538
0.9896574983482,0.240111050441622,-0.0753964158244231
0.989397080671958,0.24011123066656,-0.0760845908687524
0.989102929021639,0.240111333891158,-0.0768240765618413
0.988783048664523,0.240111369224628,-0.0776077303280918
0.988445444867891,0.240111345776179,-0.0784284095919039
0.988098122899021,0.240111272655021,-0.0792789717776781
0.987749088025194,0.240111158970365,-0.0801522743098155
0.987406345513689,0.240111013831422,-0.0810411746127167
0.987077900631788,0.240110846347402,-0.0819385301107825
0.986771758646768,0.240110665627516,-0.0828371982284128
0.986495924825911,0.240110480780972,-0.0837300363900089
0.986258404436495,0.240110300916983,-0.0846099020199722
0.986067202745802,0.240110135144759,-0.0854696525427017
0.985930321319066,0.240109992544907,-0.0863021453825996
0.985851906816727,0.240109878590074,-0.0871003934840315
0.98582495870596,0.240109791665147,-0.0878611939297476
0.985840473301776,0.240109729329322,-0.0885852467496511
0.985889446919184,0.240109689141794,-0.0892734312624834
0.985962875873197,0.240109668661755,-0.0899266267869858
0.986051756478823,0.240109665448401,-0.0905457126419005
0.986147085051074,0.240109677060926,-0.0911315681459688
0.986239857904959,0.240109701058525,-0.0916850726179319
0.98632107135549,0.240109735000392,-0.0922071053765312
0.986381721717677,0.240109776445721,-0.0926985457405085
0.986412805306531,0.240109822953707,-0.0931602730286054
0.986405318437061,0.240109872083545,-0.0935931665595626
0.986350257424278,0.240109921394428,-0.0939981056521228
0.986238618583193,0.240109968445552,-0.0943759696250268
0.986061398228817,0.24011001079611,-0.0947276377970163
0.985809926661212,0.240110046131036,-0.0950539894868327
0.985483660761821,0.240110073844346,-0.0953562022748953
0.985090439139828,0.240110094562785,-0.0956372390499551
0.984638485434028,0.240110108940364,-0.0959007240358287
0.984136023283217,0.240110117631093,-0.0961502825331495
0.983591276326189,0.240110121288986,-0.0963895398425501
0.98301246820174,0.240110120568056,-0.0966221212646643
0.982407822548667,0.240110116122311,-0.0968516521001257
0.981785563005764,0.240110108605766,-0.0970817576495666
0.981153913211826,0.240110098672432,-0.0973160632136214
0.980521096805649,0.24011008697632,-0.0975581940929222
0.979895337426028,0.240110074171444,-0.0978117755881036
0.97928485871176,0.240110060911814,-0.098080432999798
0.97869788430164,0.240110047851442,-0.098367791628639
0.978142637834462,0.240110035644341,-0.0986774767752598
0.977627342949022,0.240110024944522,-0.0990131137402939
0.977158884174296,0.240110016266318,-0.0993783134236714
0.976736130514296,0.240110009571237,-0.0997748701681178
0.976354981767318,0.240110004684037,-0.100201009733431
0.97601133289705,0.240110001429475,-0.100654542154258
0.975701078867184,0.240109999632311,-0.101133277465246
0.97542011464141,0.240109999117301,-0.101635025701043
0.975164335183419,0.240109999709204,-0.102157596896294
0.974929635456902,0.240110001232777,-0.102698801085648
0.974711910425548,0.240110003512781,-0.103256448303753
0.974507055053049,0.240110006373971,-0.103828348585254
0.974310964303096,0.240110009641105,-0.1044123119648
0.974119533139377,0.240110013138944,-0.105006148477036
0.973928656525586,0.240110016692243,-0.105607668156611
0.973734229425411,0.240110020125761,-0.106214681038173
0.973532146802544,0.240110023264257,-0.106824997156367
0.973318317751451,0.240110025934558,-0.107436426545841
0.973090433874304,0.240110028053042,-0.108046808869878
0.972849688466775,0.240110029657938,-0.108654386511863
0.972597682757344,0.240110030796203,-0.109257692329146
0.972336017974493,0.240110031514793,-0.109855265604543
0.972066295346704,0.240110031860664,-0.110445645620873
0.971790116102457,0.240110031880771,-0.111027371660952
0.971509081470235,0.240110031622071,-0.111598983007597
0.971224792678518,0.24011003113152,-0.112159018943625
0.970938850955788,0.240110030456073,-0.112706018751854
0.970652857530526,0.240110029642686,-0.1132385217151
0.970368413631213,0.240110028738316,-0.11375506711618
0.970087120486331,0.240110027789918,-0.114254194237912
0.969810579324361,0.240110026844449,-0.114734442363112
0.969540391373784,0.240110025948864,-0.115194350774597
0.969278157863082,0.240110025150119,-0.115632458755185
0.96902532152263,0.240110024490793,-0.116047305587714
0.968781170735487,0.240110023976762,-0.11643791873795
0.968543439997005,0.24011002359558,-0.116805257817762
0.968309829429571,0.240110023334665,-0.117150760383271
0.968078039155567,0.240110023181435,-0.117475863990602
0.967845769297377,0.240110023123309,-0.117782006195878
0.967610719977388,0.240110023147703,-0.118070624555223
0.967370591317981,0.240110023242038,-0.118343156624761
0.967123083441542,0.24011002339373,-0.118601039960616
0.966865896470454,0.240110023590198,-0.118845712118911
0.966596730527103,0.240110023818861,-0.11907861065577
0.966313285733871,0.240110024067136,-0.119301173127316
0.966013262213143,0.240110024322441,-0.119514837089674
0.965694360087304,0.240110024572196,-0.119721040098967
0.965354279478737,0.240110024803817,-0.119921219711319
0.964990720509852,0.240110025004731,-0.120116813482854
0.964601939637901,0.240110025166273,-0.120309267059826
0.964188395200083,0.240110025290125,-0.120500375985922
0.96375109020042,0.240110025379658,-0.120692411940503
0.963291027642933,0.240110025438241,-0.120887680694217
0.962809210531642,0.240110025469249,-0.121088488017715
0.962306641870569,0.24011002547605,-0.121297139681644
0.961784324663734,0.240110025462017,-0.121515941456654
0.961243261915159,0.240110025430521,-0.121747199113394
0.960684456628866,0.240110025384933,-0.121993218422513
0.960108911808874,0.240110025328625,-0.122256305154659
0.959517630459205,0.240110025264968,-0.122538765080482
0.95891161558388,0.240110025197332,-0.122842903970631
0.95829187018692,0.24011002512909,-0.123171027595755
0.957659397272347,0.240110025063613,-0.123525441726504
0.957015199844181,0.240110025004271,-0.123908452133524
0.956360317062029,0.240110024954337,-0.124322364587466
0.955697351811276,0.240110024914985,-0.124769016474373
0.955031034874123,0.240110024885388,-0.125246317636144
0.954366249390062,0.240110024864646,-0.125750217167673
0.953707878498584,0.240110024851854,-0.1262766497082
0.953060805339183,0.24011002484611,-0.126821549896968
0.952429913051351,0.240110024846508,-0.127380852373217
0.95182008477458,0.240110024852147,-0.127950491776189
0.951236203648364,0.240110024862124,-0.128526402745125
0.950683152812193,0.240110024875533,-0.129104519919266
0.950165815405562,0.240110024891473,-0.129680777937853
0.949689074567962,0.24011002490904,-0.130251111440128
0.949257813438886,0.240110024927331,-0.130811455065332
0.948876915157827,0.240110024945442,-0.131357743452706
0.948551262864276,0.24011002496247,-0.131885911241491
0.948285739697726,0.240110024977512,-0.132391893070929
0.948084329824667,0.240110024989802,-0.132871625792693
0.947943479255735,0.240110024999328,-0.133322230387809
0.947855870729672,0.240110025006331,-0.1337439600213
0.947814159240408,0.240110025011053,-0.134137579809632
0.947810999781874,0.240110025013736,-0.134503854869268
0.947839047348001,0.240110025014624,-0.134843550316673
0.94789095693272,0.240110025013957,-0.13515743126831
0.947959383529961,0.240110025011977,-0.135446262840645
0.948036982133656,0.240110025008927,-0.13571081015014
0.948116407737735,0.240110025005049,-0.135951838313261
0.948190315336129,0.240110025000584,-0.136170112446472
0.948251359922769,0.240110024995774,-0.136366397666236
0.948292196491586,0.240110024990863,-0.136541459089018
0.948305480036511,0.240110024986092,-0.136696061831283
0.948283865551474,0.240110024981703,-0.136830971009494
0.948220013552265,0.240110024977936,-0.136946951740116
0.94810953994195,0.240110024974931,-0.137044774723645
0.947955878026925,0.240110024972642,-0.137125328366812
0.947763738858093,0.240110024971005,-0.137189613114889
0.947537833486354,0.240110024969954,-0.137238633862777
0.94728287296261,0.240110024969425,-0.137273395505379
0.947003568337761,0.240110024969353,-0.137294902937597
0.94670463066271,0.240110024969672,-0.137304161054332
0.946390770988357,0.240110024970319,-0.137302174750487
0.946066700365605,0.240110024971228,-0.137289948920963
0.945737129845353,0.240110024972335,-0.137268488460663
0.945406770478504,0.240110024973573,-0.137238798264488
0.945080333315959,0.24011002497488,-0.13720188322734
0.94476252940862,0.24011002497619,-0.137158748244121
0.944458069807386,0.240110024977437,-0.137110398209734
0.944171665563161,0.240110024978557,-0.13705783801908
0.943907803810494,0.24011002497949,-0.13700207256706
0.943666251735139,0.24011002498022,-0.136944203910702
0.943442283844977,0.240110024980765,-0.136885863240472
0.943230996220435,0.240110024981142,-0.136828860994756
0.943027484941937,0.240110024981369,-0.136775007755442
0.942826846089909,0.240110024981462,-0.136726114104419
0.942624175744774,0.24011002498144,-0.136683990623576
0.942414569986958,0.240110024981319,-0.136650447894802
0.942193124896885,0.240110024981117,-0.136627296499985
0.941954936554981,0.240110024980851,-0.136616347021016
0.941695101041669,0.24011002498054,-0.136619410039782
0.941408714437376,0.240110024980199,-0.136638296138172
0.941090872822525,0.240110024979846,-0.136674815898078
0.940736672277541,0.2401100249795,-0.136730779901385
0.940341208882851,0.240110024979176,-0.136807998729984
0.939899578718877,0.240110024978893,-0.136908282965764
0.939408471325164,0.240110024978665,-0.137033430977439
0.938873254031318,0.240110024978488,-0.137184089346163
0.938302233833294,0.24011002497836,-0.137358824584362
0.93770372008053,0.240110024978274,-0.137555984747541
0.937086022122464,0.240110024978228,-0.1377739178912
0.936457449308535,0.240110024978215,-0.138010972070845
0.93582631098818,0.240110024978232,-0.138265495341978
0.93520091651084,0.240110024978273,-0.138535835760102
0.934589575225952,0.240110024978334,-0.138820341380721
0.934000596482954,0.24011002497841,-0.139117360259337
0.933442289631286,0.240110024978497,-0.139425240451454
0.932922964020385,0.240110024978591,-0.139742330012576
0.932450928999691,0.240110024978685,-0.140066976998204
0.932034493918642,0.240110024978776,-0.140397529463842
0.931681968126676,0.240110024978859,-0.140732335464994
0.931401601514507,0.24011002497893,-0.141069743057163
0.931196036600216,0.240110024978985,-0.141408093437293
0.931057789277102,0.240110024979028,-0.141745644737186
0.93097831190087,0.240110024979058,-0.142080599871206
0.930949056827223,0.240110024979076,-0.142411160757493
0.930961476411866,0.240110024979085,-0.142735529314181
0.931007023010503,0.240110024979085,-0.143051907459409
0.931077148978837,0.240110024979078,-0.143358497111315
0.931163306672572,0.240110024979066,-0.143653500188037
0.931256948447413,0.240110024979047,-0.143935118607711
0.931349526659063,0.240110024979025,-0.144201554288475
0.931432493663226,0.240110024979002,-0.144451009148466
0.931497301815607,0.240110024978976,-0.144681685105822
0.931535403471909,0.240110024978951,-0.144891784078681
0.931538250987837,0.240110024978927,-0.14507950798518
0.931497296719093,0.240110024978906,-0.145243058743456
0.931404680252279,0.240110024978889,-0.14538063829886
0.931260864343882,0.240110024978875,-0.145491194810677
0.931071844565126,0.240110024978865,-0.145576369809706
0.930843716309875,0.240110024978858,-0.145638412289934
0.930582574971991,0.240110024978854,-0.145679571245347
0.930294515945337,0.240110024978853,-0.14570209566993
0.929985634623776,0.240110024978853,-0.145708234557671
0.929662026401171,0.240110024978856,-0.145700236902554
0.929329786671384,0.24011002497886,-0.145680351698566
0.928995010828278,0.240110024978865,-0.145650827939693
0.928663794265717,0.240110024978872,-0.145613914619921
0.928342232377563,0.240110024978878,-0.145571860733236
0.928036420557679,0.240110024978885,-0.145526915273625
0.927752454199927,0.240110024978892,-0.145481327235073
0.927496428698171,0.240110024978898,-0.145437345611566
0.927274439387511,0.240110024978903,-0.14539721939709
0.927090970318382,0.240110024978907,-0.1453631640705
0.926944689798534,0.240110024978911,-0.145336187959043
0.926832954452732,0.240110024978913,-0.145315784504959
0.926753120905743,0.240110024978915,-0.145301351092128
0.926702545782334,0.240110024978915,-0.145292285104429
0.926678585707271,0.240110024978915,-0.14528798392574
0.926678597305322,0.240110024978915,-0.145287844939941
0.926699937201253,0.240110024978914,-0.145291265530912
0.92673996201983,0.240110024978913,-0.145297643082532
0.92679602838582,0.240110024978912,-0.145306374978679
0.92686549292399,0.24011002497891,-0.145316858603233
0.926945712259106,0.240110024978908,-0.145328491340074
0.927034043015935,0.240110024978906,-0.14534067057308
0.927127841819245,0.240110024978905,-0.145352793686131
0.9272244652938,0.240110024978903,-0.145364258063106
0.927321276248877,0.240110024978902,-0.145374461087884
0.927415860248053,0.240110024978901,-0.145382863407172
0.927506082394899,0.240110024978899,-0.145389405436305
0.927589825518523,0.240110024978899,-0.145394247499604
0.927664972448037,0.240110024978899,-0.145397551067566
0.92772940601255,0.240110024978898,-0.145399477610688
0.92778100904117,0.240110024978899,-0.145400188599468
0.927817664363008,0.240110024978899,-0.145399845504402
0.927837254807174,0.240110024978899,-0.145398609795987
0.927837663202777,0.240110024978899,-0.14539664294472
0.927816772378927,0.2401100249789,-0.1453941064211
0.927772465164733,0.2401100249789,-0.145391161695621
0.927702624389305,0.240110024978901,-0.145387970238782
0.927605132881754,0.240110024978901,-0.145384693521079
0.927477873471187,0.240110024978902,-0.14538149301301
0.927318728986716,0.240110024978902,-0.145378530185072
0.927126131517881,0.240110024978903,-0.145375966337635
0.926902678600702,0.240110024978903,-0.145373908683147
0.926652877064692,0.240110024978903,-0.145372333407882
0.926381243690684,0.240110024978903,-0.145371197245971
0.926092295259513,0.240110024978903,-0.145370456931548
0.925790548552012,0.240110024978903,-0.145370069198745
0.925480520349015,0.240110024978903,-0.145369990781695
0.925166727431356,0.240110024978903,-0.145370178414531
0.924853686579868,0.240110024978903,-0.145370588831385
0.924545914575386,0.240110024978903,-0.145371178766389
0.924247928198742,0.240110024978903,-0.145371904953677
0.923964244230772,0.240110024978903,-0.145372724127381
0.923699379452308,0.240110024978902,-0.145373593021635
0.923457850644184,0.240110024978902,-0.145374468370569
0.923244174587234,0.240110024978902,-0.145375306908317
0.923062862016144,0.240110024978902,-0.145376065369012
0.922916501421213,0.240110024978902,-0.145376702005324
0.922803024720461,0.240110024978902,-0.145377203022609
0.922719672517365,0.240110024978902,-0.145377579178891
0.922663685415402,0.240110024978901,-0.145377842067143
0.922632304018049,0.240110024978902,-0.145378003280339
0.922622768928783,0.240110024978902,-0.14537807441145
0.922632320751082,0.240110024978902,-0.145378067053448
0.922658200088423,0.240110024978902,-0.145377992799306
0.922697647544283,0.240110024978902,-0.145377863241997
0.922747903722139,0.240110024978902,-0.145377689974493
0.922806209225468,0.240110024978902,-0.145377484589765
0.922869804657747,0.240110024978902,-0.145377258680787
0.922935930622454,0.240110024978902,-0.145377023840531
0.923001827723065,0.240110024978902,-0.145376791661969
0.923064736563059,0.240110024978902,-0.145376573738073
0.923121972066785,0.240110024978902,-0.145376381661817
0.923172217230401,0.240110024978902,-0.145376225064988
0.923215356716901,0.240110024978902,-0.145376103852455
0.923251316053582,0.240110024978902,-0.145376014919087
0.92328002076774,0.240110024978902,-0.145375955158864
0.923301396386673,0.240110024978902,-0.145375921465764
0.923315368437677,0.240110024978902,-0.145375910733764
0.923321862448049,0.240110024978902,-0.145375919856843
0.923320803945085,0.240110024978902,-0.145375945728977
0.923312118456082,0.240110024978902,-0.145375985244145
0.923295731508337,0.240110024978902,-0.145376035296325
0.923271568629146,0.240110024978902,-0.145376092779494
0.923239555345807,0.240110024978902,-0.145376154587631
0.923199617185614,0.240110024978902,-0.145376217614714
0.923151679675867,0.240110024978902,-0.145376278754719
0.92309566834386,0.240110024978902,-0.145376334901625
0.923031926565606,0.240110024978902,-0.145376382968466
0.922962870130081,0.240110024978902,-0.145376421258364
0.922891556134035,0.240110024978902,-0.145376450384399
0.922821041864806,0.240110024978902,-0.145376471177687
0.922754384609731,0.240110024978902,-0.145376484469343
0.922694641656143,0.240110024978902,-0.145376491090484
0.922644870291382,0.240110024978902,-0.145376491872227
0.922608127802781,0.240110024978902,-0.145376487645688
0.922587471477678,0.240110024978902,-0.145376479241982
0.922585958603408,0.240110024978902,-0.145376467492226
0.922606646467309,0.240110024978902,-0.145376453227537
0.922652592356715,0.240110024978902,-0.14537643727903
0.922726853558964,0.240110024978902,-0.145376420477823
0.922832487361391,0.240110024978902,-0.145376403655029
0.922972551051333,0.240110024978902,-0.145376387641767
0.923150060211982,0.240110024978902,-0.145376373269153
0.923364988123398,0.240110024978902,-0.145376361311777
0.923612252575825,0.240110024978902,-0.145376351931652
0.923886294170584,0.240110024978902,-0.145376344915738
0.924181553508994,0.240110024978902,-0.145376340045594
0.924492471192373,0.240110024978902,-0.145376337102777
0.924813487822042,0.240110024978902,-0.145376335868842
0.925139043999321,0.240110024978902,-0.145376336125349
0.925463580325527,0.240110024978902,-0.145376337653854
0.925781537401983,0.240110024978902,-0.145376340235914
0.926087355830006,0.240110024978902,-0.145376343653087
0.926375476210916,0.240110024978902,-0.14537634768693
0.926640339146033,0.240110024978902,-0.145376352119
0.926876385236677,0.240110024978902,-0.145376356730854
0.927078055084166,0.240110024978902,-0.14537636130405
0.927239789289821,0.240110024978902,-0.145376365620145
0.927356650444605,0.240110024978902,-0.145376369460708
0.927430441851625,0.240110024978902,-0.145376372659835
0.927467093793829,0.240110024978902,-0.145376375224618
0.927472596022679,0.240110024978902,-0.145376377197711
0.927452938289641,0.240110024978902,-0.14537637862177
0.927414110346177,0.240110024978902,-0.14537637953945
0.927362101943752,0.240110024978902,-0.145376379993404
0.927302902833829,0.240110024978902,-0.145376380026288
0.927242502767872,0.240110024978902,-0.145376379680756
0.927186891497346,0.240110024978902,-0.145376378999464
0.927142058773713,0.240110024978902,-0.145376378025067
0.927113994348439,0.240110024978902,-0.145376376800218
0.927108687972985,0.240110024978902,-0.145376375367572
0.927132129398817,0.240110024978902,-0.145376373769786
0.927190308377399,0.240110024978902,-0.145376372049513
0.927289214146133,0.240110024978902,-0.145376370249408
0.927432583002829,0.240110024978902,-0.145376368412201
0.927616731240759,0.240110024978902,-0.145376366582915
0.927836449808668,0.240110024978902,-0.145376364809225
0.928086529655303,0.240110024978902,-0.145376363138953
0.928361761729411,0.240110024978902,-0.145376361619925
0.92865693697974,0.240110024978902,-0.145376360299963
0.928966846355036,0.240110024978902,-0.145376359226892
0.929286280804047,0.240110024978902,-0.145376358448534
0.92961003127552,0.240110024978902,-0.145376358012713
0.929932888718201,0.240110024978902,-0.145376357967254
0.930249644080837,0.240110024978902,-0.145376358359978
0.930555088312177,0.240110024978902,-0.145376359238711
0.930844012360966,0.240110024978902,-0.145376360651275
0.931111207175952,0.240110024978902,-0.145376362645495
0.931351463705882,0.240110024978902,-0.145376365269193
0.931559672983723,0.240110024978902,-0.145376368570194
0.931733770036084,0.240110024978902,-0.145376372570165
0.93187521400572,0.240110024978902,-0.145376377110995
0.931985660790259,0.240110024978902,-0.145376381958996
0.932066766287325,0.240110024978902,-0.145376386880218
0.932120186394545,0.240110024978902,-0.145376391640713
0.932147577009545,0.240110024978902,-0.145376396006532
0.932150594029952,0.240110024978902,-0.145376399743724
0.93213089335339,0.240110024978902,-0.145376402618342
0.932090130877487,0.240110024978902,-0.145376404396436
0.932029962499869,0.240110024978902,-0.145376404844057
0.931952044118161,0.240110024978902,-0.145376403727256
0.931858031629989,0.240110024978902,-0.145376400812084
0.931749580932981,0.240110024978902,-0.145376395864591
0.931628347924761,0.240110024978902,-0.145376388650829
0.931495988502956,0.240110024978902,-0.145376378936848
0.931354485753697,0.240110024978902,-0.145376366490232
0.931208071733913,0.240110024978902,-0.145376351396842
0.931061923911026,0.240110024978902,-0.145376334449487
0.930921223023745,0.240110024978902,-0.145376316536139
0.930791149810779,0.240110024978902,-0.145376298544773
0.930676885010839,0.240110024978902,-0.14537628136336
0.930583609362632,0.240110024978902,-0.145376265879873
0.93051650360487,0.240110024978902,-0.145376252982286
0.930480748476261,0.240110024978902,-0.145376243558571
0.930481524715515,0.240110024978902,-0.145376238496702
0.930524013061341,0.240110024978902,-0.14537623868465
0.93061339425245,0.240110024978902,-0.145376245010389
0.930754849027549,0.240110024978902,-0.145376258361892
0.93095355812535,0.240110024978902,-0.145376279627132
0.931214702284562,0.240110024978902,-0.145376309694081
0.931543442621841,0.240110024978902,-0.145376349450713
0.931940863890354,0.240110024978902,-0.145376399647915
0.932398996611492,0.240110024978902,-0.145376458817672
0.932908652488712,0.240110024978902,-0.145376523693812
0.933460643225471,0.240110024978902,-0.145376590958393
0.934045780525228,0.240110024978902,-0.145376657293472
0.93465487609144,0.240110024978902,-0.145376719381107
0.935278741627565,0.240110024978902,-0.145376773903354
0.935908188837061,0.240110024978902,-0.145376817542273
0.936534029423386,0.240110024978902,-0.14537684697992
0.937147075089997,0.240110024978902,-0.145376858898353
0.937738137540351,0.240110024978902,-0.145376849979629
0.938298028477908,0.240110024978902,-0.145376816905806
0.938817559606125,0.240110024978902,-0.145376756358942
0.939287542628458,0.240110024978902,-0.145376665021094
0.939698789248367,0.240110024978902,-0.145376539574319
0.940042579853078,0.240110024978902,-0.145376376700676
0.940317781044734,0.240110024978902,-0.145376175392409
0.940529407163136,0.240110024978902,-0.145375945084097
0.940682649543898,0.240110024978902,-0.14537569815936
0.940782699522636,0.240110024978902,-0.145375447001997
0.940834748434966,0.240110024978902,-0.145375203995802
0.940843987616504,0.240110024978902,-0.145374981524574
0.940815608402865,0.240110024978902,-0.145374791972109
0.940754802129665,0.240110024978902,-0.145374647722204
0.940666760132519,0.240110024978902,-0.145374561158656
0.940556673747044,0.240110024978902,-0.145374544665262
0.940429734308855,0.240110024978902,-0.145374610625819
0.940291133153568,0.240110024978902,-0.145374771424123
0.940146061616798,0.240110024978902,-0.145375039443972
0.939999711034162,0.240110024978902,-0.145375427069163
0.939857272741274,0.240110024978902,-0.145375946683492
0.939723411670443,0.240110024978902,-0.145376610293158
0.939600413345552,0.240110024978902,-0.145377408012634
0.939489891316834,0.240110024978902,-0.145378296456458
0.939393459094289,0.240110024978902,-0.145379229407383
0.939312730187919,0.240110024978902,-0.145380160648165
0.939249318107725,0.240110024978902,-0.145381043961558
0.939204836363708,0.240110024978902,-0.145381833130317
0.93918089846587,0.240110024978902,-0.145382481937198
0.939179117924212,0.240110024978902,-0.145382944164955
0.939201108248735,0.240110024978902,-0.145383173596342
0.939248482949441,0.240110024978902,-0.145383124014115
0.939322855536331,0.240110024978902,-0.145382749201029
0.939425839519406,0.240110024978902,-0.145382002939838
0.939559048408667,0.240110024978902,-0.145380839013298
0.939724095714116,0.240110024978902,-0.145379211204163
0.939922552008566,0.240110024978902,-0.145377073295187
0.94015349852559,0.240110024978902,-0.145374392503796
0.940412207173432,0.240110024978902,-0.145371266810078
0.940693627854432,0.240110024978902,-0.145367867872903
0.940992710470931,0.240110024978902,-0.145364368177454
0.941304404925269,0.240110024978902,-0.145360940208915
0.941623661119785,0.240110024978902,-0.145357756452471
0.94194542895682,0.240110024978902,-0.145354989393303
0.942264658338713,0.240110024978902,-0.145352811516598
0.942576299167805,0.240110024978902,-0.145351395307536
0.942875301346436,0.240110024978902,-0.145350913251304
0.943156614776945,0.240110024978902,-0.145351537833083
0.943415189361674,0.240110024978902,-0.145353441538059
0.943645975002961,0.240110024978902,-0.145356796851414
0.943843921603147,0.240110024978902,-0.145361776258332
0.944003979064572,0.240110024978902,-0.145368552243996
0.94412173900276,0.240110024978902,-0.145377297173884
0.944199038972189,0.240110024978902,-0.145388004882588
0.944241235828328,0.240110024978902,-0.145400132201639
0.944253725895896,0.240110024978902,-0.14541303540755
0.944241905499608,0.240110024978902,-0.145426070776829
0.944211170964182,0.240110024978902,-0.145438594585988
0.944166918614333,0.240110024978902,-0.145449963111537
0.944114544774779,0.240110024978902,-0.145459532629987
0.944059445770237,0.240110024978902,-0.145466659417848
0.944007017925422,0.240110024978902,-0.14547069975163
0.943962657565052,0.240110024978902,-0.145471009907845
0.943931761013843,0.240110024978902,-0.145466946163002
0.943919724596512,0.240110024978902,-0.145457864793613
0.943931944637775,0.240110024978902,-0.145443122076186
0.943973817462349,0.240110024978902,-0.145422074287235
0.944050738112977,0.240110024978902,-0.145394077703268
0.944166189703315,0.240110024978902,-0.14535854289851
0.944317904455384,0.240110024978902,-0.145316291370441
0.944502537723899,0.240110024978902,-0.145269651926402
0.944716744863574,0.240110024978902,-0.145221026975169
0.944957181229126,0.240110024978902,-0.145172818925515
0.945220502175269,0.240110024978902,-0.145127430186215
0.945503363056718,0.240110024978902,-0.145087263166044
0.94580241922819,0.240110024978902,-0.145054720273775
0.946114326044398,0.240110024978902,-0.145032203918184
0.946435738860058,0.240110024978902,-0.145022116508044
0.946763313029886,0.240110024978902,-0.14502686045213
0.947093703908596,0.240110024978902,-0.145048838159216
0.947423566850904,0.240110024978902,-0.145090452038077
0.947749557211525,0.240110024978902,-0.145154104497487
0.948068330345174,0.240110024978902,-0.14524219794622
0.948376625948393,0.240110024978902,-0.145357134793051
0.948673375335612,0.240110024978902,-0.145500822813514
0.948959851158584,0.240110024978902,-0.145672082667961
0.949237440395769,0.240110024978902,-0.145868546223031
0.949507530025629,0.240110024978902,-0.146087842845078
0.949771507026627,0.240110024978902,-0.146327601900453
0.950030758377224,0.240110024978902,-0.146585452755511
0.95028667105588,0.240110024978902,-0.146859024776604
0.950540632041058,0.240110024978902,-0.147145947330084
0.95079402831122,0.240110024978902,-0.147443849782306
0.951048246844826,0.240110024978902,-0.147750361499623
0.951304674620339,0.240110024978902,-0.148063111848385
0.95156469861622,0.240110024978902,-0.148379730194949
0.95182970581093,0.240110024978902,-0.148697845905664
0.952101083182931,0.240110024978902,-0.149015088346886
0.952380217710685,0.240110024978902,-0.149329086884966
0.952668124313208,0.240110024978902,-0.149637476857119
0.952963495804427,0.240110024978902,-0.149938760446006
0.953264130796477,0.240110024978903,-0.150233207224572
0.953567826020797,0.240110024978903,-0.150521302040669
0.953872378208825,0.240110024978903,-0.150803529742152
0.954175584092001,0.240110024978904,-0.151080375176872
0.954475240401762,0.240110024978904,-0.151352323192682
0.954769143869547,0.240110024978904,-0.151619858637436
0.955055091226795,0.240110024978904,-0.151883466358985
0.955330879204944,0.240110024978904,-0.152143631205184
0.955594304535432,0.240110024978904,-0.152400838023884
0.955843163949699,0.240110024978904,-0.15265557166294
0.956075254179182,0.240110024978904,-0.152908316970202
0.95628837195532,0.240110024978903,-0.153159558793526
0.956480314009553,0.240110024978902,-0.153409781980762
0.956648883417643,0.240110024978902,-0.153659471379764
0.956792804320325,0.240110024978901,-0.153909109798385
0.956912678795479,0.2401100249789,-0.154159150835132
0.957009337660931,0.240110024978899,-0.154410026257297
0.957083611734503,0.240110024978898,-0.154662167307113
0.957136331834018,0.240110024978897,-0.154916005226817
0.957168328777301,0.240110024978896,-0.155171971258645
0.957180433382174,0.240110024978896,-0.155430496644833
0.957173476466461,0.240110024978895,-0.155692012627615
0.957148288847986,0.240110024978895,-0.155956950449228
0.957105701344571,0.240110024978895,-0.156225741351906
0.957046544774041,0.240110024978895,-0.156498816577886
0.956971649954218,0.240110024978896,-0.156776607369403
0.956881847702926,0.240110024978898,-0.157059544968692
0.956777968837988,0.240110024978899,-0.15734806061799
0.956660844177229,0.240110024978902,-0.157642585559533
0.956531481286727,0.240110024978904,-0.157943551035554
0.956393418466334,0.240110024978908,-0.158250961113447
0.956252085499918,0.240110024978911,-0.15856305941446
0.956112957662709,0.240110024978915,-0.15887763612223
0.955981510229936,0.240110024978919,-0.159192481419963
0.955863218476827,0.240110024978922,-0.159505385490862
0.955763557678612,0.240110024978925,-0.159814138518132
0.955688003110517,0.240110024978928,-0.16011653068498
0.955642030047774,0.240110024978929,-0.160410352174609
0.95563111376561,0.240110024978929,-0.160693393170223
0.955660729539254,0.240110024978929,-0.160963443855028
0.955736352643935,0.240110024978927,-0.161218294412229
0.955863458354882,0.240110024978923,-0.161455735025031
0.956047521947323,0.240110024978918,-0.161673555876637
0.956294018696488,0.24011002497891,-0.161869547150253
0.956608423877604,0.240110024978901,-0.162041499029084
0.956993783918257,0.240110024978889,-0.162187235353854
0.957443135631616,0.240110024978876,-0.162306165096068
0.957946937657326,0.240110024978862,-0.162399932485746
0.958495648632569,0.240110024978848,-0.162470350269874
0.95907972719453,0.240110024978835,-0.162519231195435
0.959689631980391,0.240110024978823,-0.162548388009414
0.960315821627337,0.240110024978813,-0.162559633458796
0.96094875477255,0.240110024978805,-0.162554780290564
0.961578890053213,0.240110024978801,-0.162535641251703
0.962196686106511,0.2401100249788,-0.162504029089197
0.962792601569627,0.240110024978805,-0.162461756550031
0.963357095079743,0.240110024978815,-0.162410636381189
0.963880625274044,0.240110024978831,-0.162352481329656
0.964353650789713,0.240110024978854,-0.162289104142416
0.964766630263933,0.240110024978884,-0.162222317566452
0.965110154957281,0.240110024978923,-0.16215393434875
0.965381062146832,0.240110024978968,-0.162085749214062
0.965584996876027,0.240110024979018,-0.162019398842311
0.965728268209061,0.240110024979071,-0.161956438032231
0.965817185210128,0.240110024979122,-0.161898420890641
0.965858056943423,0.240110024979171,-0.161846901524361
0.965857192473139,0.240110024979213,-0.161803434040208
0.965820900863469,0.240110024979248,-0.161769572545003
0.965755491178608,0.240110024979272,-0.161746871145562
0.965667272482751,0.240110024979282,-0.161736883948706
0.96556255384009,0.240110024979277,-0.161741165061252
0.96544764431482,0.240110024979253,-0.16176126859002
0.965328852971135,0.240110024979207,-0.161798748641829
0.965212488873228,0.240110024979138,-0.161855159323497
0.965104861085294,0.240110024979043,-0.161932054741843
0.965012278671527,0.240110024978918,-0.162030989003685
0.964940436571976,0.240110024978764,-0.162153515205535
0.964889644203218,0.240110024978587,-0.162300478402552
0.964857420804946,0.240110024978395,-0.162470776501619
0.964841262039121,0.2401100249782,-0.162662975606438
0.964838663567707,0.24011002497801,-0.162875641820711
0.964847121052665,0.240110024977836,-0.163107341248139
0.96486413015596,0.240110024977686,-0.163356639992424
0.964887186539553,0.240110024977571,-0.163622104157268
0.964913785865407,0.240110024977501,-0.163902299846371
0.964941423795485,0.240110024977483,-0.164195793163436
0.96496759599175,0.240110024977529,-0.164501150212165
0.964989798116164,0.240110024977648,-0.164816937096258
0.965005525830689,0.24011002497785,-0.165141719919418
0.96501227479729,0.240110024978144,-0.165474064785346
0.965007540677928,0.240110024978539,-0.165812537797744
0.964988821235188,0.240110024979047,-0.166155705060313
0.964955086384102,0.24011002497966,-0.166502111588729
0.964909354530792,0.240110024980346,-0.166849829538478
0.964855333963212,0.24011002498107,-0.16719646486574
0.964796732969319,0.240110024981795,-0.167539603770931
0.964737259837067,0.240110024982486,-0.167876832454462
0.964680622854412,0.240110024983106,-0.168205737116749
0.964630530309308,0.240110024983619,-0.168523903958206
0.964590690489711,0.24011002498399,-0.168828919179245
0.964564811683577,0.240110024984184,-0.169118368980281
0.964556602178861,0.240110024984163,-0.169389839561728
0.964569770263517,0.240110024983891,-0.169640917124
0.964608024225502,0.240110024983334,-0.16986918786751
0.964675072352771,0.240110024982455,-0.170072237992672
0.964774622933278,0.240110024981219,-0.170247653699901
0.964910384254979,0.240110024979588,-0.17039302118961
0.965085861412888,0.240110024977536,-0.170505926662213
0.965300003274255,0.240110024975128,-0.170584752389244
0.965547266659252,0.240110024972498,-0.170632398576588
0.965821918032056,0.24011002496978,-0.170653357257071
0.966118223856844,0.240110024967107,-0.170652122247375
0.966430450597792,0.240110024964614,-0.170633187364181
0.96675286471908,0.240110024962435,-0.170601046424172
0.967079732684883,0.240110024960703,-0.170560193244029
0.967405320959378,0.240110024959554,-0.170515121640436
0.967723896006743,0.24011002495912,-0.170470325430073
0.968029724291155,0.240110024959536,-0.170430298429622
0.968317072276791,0.240110024960936,-0.170399534455767
0.968580206427829,0.240110024963454,-0.170382527325187
0.968813393208444,0.240110024967225,-0.170383770854566
0.969010899082815,0.240110024972381,-0.170407758860586
0.969166990515119,0.240110024979057,-0.170458985159928
0.96927729027386,0.240110024987276,-0.170541922725326
0.969345118547749,0.240110024996635,-0.17065882213754
0.969376507596955,0.240110025006634,-0.17080777025378
0.969377492720893,0.240110025016773,-0.170986396162828
0.969354109218978,0.240110025026553,-0.171192328953464
0.969312392390623,0.240110025035472,-0.171423197714467
0.969258377535243,0.240110025043031,-0.171676631534618
0.969198099952253,0.240110025048729,-0.171950259502697
0.969137594941066,0.240110025052066,-0.172241710707483
0.969082897801097,0.240110025052541,-0.172548614237758
0.96904004383176,0.240110025049656,-0.1728685991823
0.96901506833247,0.240110025042909,-0.17319929462989
0.969014006602641,0.240110025031799,-0.173538329669309
0.969042893941686,0.240110025015828,-0.173883333389335
0.969107765649021,0.240110024994494,-0.17423193487875
0.969214622857439,0.240110024967322,-0.174581763226332
0.969365823837895,0.24011002493482,-0.174930481274951
0.969556901841378,0.240110024898767,-0.175276181621201
0.969782639761976,0.240110024861031,-0.175617252960516
0.970037820493775,0.240110024823479,-0.175952089843133
0.970317226930864,0.240110024787978,-0.17627908681929
0.97061564196733,0.240110024756395,-0.176596638439223
0.97092784849726,0.240110024730596,-0.176903139253168
0.971248629414742,0.240110024712449,-0.177196983811363
0.971572767613864,0.240110024703821,-0.177476566664046
0.971895045988713,0.240110024706579,-0.177740282361451
0.972210247433377,0.240110024722588,-0.177986525453817
0.972513154841943,0.240110024753717,-0.178213690491381
0.972798551108498,0.240110024801833,-0.178420172024378
0.973061219127131,0.240110024868802,-0.178604364603046
0.97329594179193,0.24011002495649,-0.178764662777622
0.973497804483858,0.240110025066071,-0.178899461104064
0.973665743817067,0.240110025193213,-0.179007828348248
0.973801349892125,0.240110025330964,-0.179091366899393
0.973906265277348,0.240110025472355,-0.17915227418981
0.973982132541047,0.240110025610421,-0.179192747651809
0.974030594251538,0.240110025738193,-0.179214984717704
0.974053292977134,0.240110025848704,-0.179221182819805
0.974051871286148,0.240110025934986,-0.179213539390425
0.974027971746893,0.240110025990073,-0.179194251861874
0.973983236927684,0.240110026006996,-0.179165517666464
0.973919309396834,0.240110025978788,-0.179129534236507
0.973837831722658,0.240110025898482,-0.179088499004314
0.973740446473467,0.24011002575911,-0.179044609402197
0.973628796217577,0.240110025553704,-0.179000062862468
0.9735045235233,0.240110025275298,-0.178957056817437
0.973369270964366,0.240110024916945,-0.178917788699417
0.973225319274477,0.240110024480132,-0.178884426293102
0.97307734733806,0.240110023987575,-0.178857982555837
0.972930597265734,0.240110023465275,-0.178837968965222
0.972790311168117,0.240110022939237,-0.178823796519736
0.97266173115583,0.240110022435463,-0.178814876217857
0.972550099339489,0.240110021979957,-0.178810619058062
0.972460657829715,0.24011002159872,-0.17881043603883
0.972398648737126,0.240110021317757,-0.178813738158637
0.97236931417234,0.24011002116307,-0.178819936415964
0.972377896245977,0.240110021160661,-0.178828441809286
0.972429637068656,0.240110021336535,-0.178838665337081
0.972529778750996,0.240110021716694,-0.178850017997828
0.972683563403614,0.240110022327141,-0.178861910790005
0.972896233137131,0.240110023193879,-0.178873754712089
0.973173030062164,0.24011002434291,-0.178884960762557
0.973519040279841,0.240110025797077,-0.178894939939889
0.973933273044443,0.24011002751752,-0.178903162032004
0.9744068366349,0.240110029409239,-0.178909562597957
0.974930310596344,0.240110031375191,-0.178914298857722
0.975494274473908,0.240110033318331,-0.178917529385076
0.976089307812726,0.240110035141616,-0.178919412753796
0.97670599015793,0.240110036747999,-0.178920107537659
0.977334901054653,0.240110038040438,-0.178919772310444
0.977966620048027,0.240110038921888,-0.178918565645925
0.978591726683187,0.240110039295304,-0.178916646117882
0.979200800505264,0.240110039063642,-0.17891417230009
0.979784421059392,0.240110038129857,-0.178911302766327
0.980333167890704,0.240110036396906,-0.178908196090371
0.980837620544331,0.240110033767744,-0.178905010845998
0.981288358565408,0.240110030145325,-0.178901905606985
0.981675961499067,0.240110025432607,-0.178899038947109
0.981992226165599,0.240110019591186,-0.178896569307758
0.982238593491416,0.24011001288563,-0.178894602985553
0.982421094042129,0.240110005678068,-0.178893115016405
0.982545786414745,0.240109998330674,-0.178892060106727
0.98261872920627,0.240109991205623,-0.178891392962933
0.98264598101371,0.240109984665089,-0.178891068291438
0.982633600434069,0.240109979071247,-0.178891040798652
0.982587646064355,0.240109974786272,-0.178891265190993
0.982514176501573,0.240109972172337,-0.178891696174872
0.982419250342728,0.240109971591619,-0.178892288456703
0.982308926184828,0.24010997340629,-0.178892996742901
0.982189262624877,0.240109977978526,-0.178893775739878
0.982066318259882,0.240109985670502,-0.178894580154048
0.981946151686848,0.240109996844392,-0.178895364691826
0.981834821502781,0.24011001186237,-0.178896084059625
0.981738381316032,0.240110031079361,-0.178896692963857
0.981660919855837,0.240110054260545,-0.178897147855431
0.981601579785497,0.240110080154828,-0.178897439230244
0.981558737727777,0.240110107410557,-0.178897588559942
0.981530770305441,0.240110134676077,-0.178897618445091
0.981516054141257,0.240110160599734,-0.178897551486261
0.981512965857988,0.240110183829875,-0.17889741028402
0.981519882078401,0.240110203014846,-0.178897217438935
0.981535179425261,0.240110216802993,-0.178896995551575
0.981557234521335,0.24011022384266,-0.178896767222508
0.981584423989386,0.240110222782196,-0.178896555052302
0.981615124452182,0.240110212269945,-0.178896381641526
0.981647712532487,0.240110190954254,-0.178896269590748
0.981680564853067,0.240110157483469,-0.178896241500534
0.981712058036687,0.240110110505936,-0.178896319971455
0.981740568706114,0.240110048670001,-0.178896527604078
0.981764526370394,0.240109970948577,-0.178896886998971
0.98178339265161,0.240109880005715,-0.17889741211042
0.981797568237067,0.240109780848492,-0.178898072221093
0.981807488038696,0.240109678521351,-0.178898822229222
0.98181358696843,0.240109578068732,-0.178899617026119
0.9818162999382,0.240109484535077,-0.1789004115031
0.981816061859938,0.240109402964827,-0.178901160551477
0.981813307645577,0.240109338402422,-0.178901819062565
0.981808472207048,0.240109295892305,-0.178902341927676
0.981801990456282,0.240109280478917,-0.178902684038126
0.981794297305213,0.240109297206698,-0.178902800285226
0.981785827665772,0.240109351120091,-0.178902645560292
0.98177701644989,0.240109447263536,-0.178902174754636
0.981768298569501,0.240109590681474,-0.178901342759573
0.981760108936535,0.240109786418348,-0.178900104466416
0.981752882462926,0.240110039518051,-0.178898414766479
0.981746983676154,0.240110350400244,-0.178896229409685
0.981742413457527,0.240110703632768,-0.178893573980295
0.98173905559287,0.240111080389512,-0.178890594404681
0.98173679381169,0.240111461844364,-0.178887448517022
0.981735511843494,0.240111829171215,-0.178884294151494
0.981735093417789,0.240112163543951,-0.178881289142273
0.98173542226408,0.240112446136463,-0.178878591323538
0.981736382111875,0.24011265812264,-0.178876358529465
0.98173785669068,0.240112780676371,-0.178874748594231
0.981739729730002,0.240112794971544,-0.178873919352014
0.981741884959347,0.240112682182048,-0.178874028636991
0.981744206108223,0.240112423481773,-0.178875234283338
0.981746576906135,0.240112000044607,-0.178877694125233
0.981748881082591,0.240111393044439,-0.178881565996853
0.981751002367097,0.240110583655159,-0.178887007732375
0.98175282510872,0.240109554234704,-0.178894177165977
0.981754284047939,0.240108325861807,-0.17890319437465
0.981755400762303,0.240106966053018,-0.178913750042932
0.981756205421852,0.24010554506834,-0.178925262289276
0.981756728196629,0.240104133167774,-0.17893714488566
0.981756999256676,0.240102800611326,-0.17894881160406
0.981757048772033,0.240101617658998,-0.178959676216455
0.981756906912741,0.240100654570792,-0.178969152494823
0.981756603848843,0.240099981606712,-0.178976654211142
0.981756169750381,0.24009966902676,-0.17898159513739
0.981755634787394,0.24009978709094,-0.178983389045545
0.981755029129926,0.240100406059254,-0.178981449707583
0.981754382948016,0.240101596191705,-0.178975190895485
0.981753726411708,0.240103427748296,-0.178964026381227
0.981753089691042,0.24010597098903,-0.178947369936786
0.981752502956059,0.240109296173911,-0.178924635334142
0.981751994622066,0.240113444193371,-0.178895236408722
0.981751573148686,0.240118245229143,-0.178859124244489
0.981751234328247,0.240123437451755,-0.17881809160642
0.981750973751075,0.240128758647305,-0.178774325572428
0.981750787007497,0.240133946601894,-0.178730013220424
0.981750669687841,0.24013873910162,-0.178687341628318
0.981750617382436,0.240142873932583,-0.178648497874023
0.981750625681607,0.240146088880883,-0.17861566903545
0.981750690175683,0.240148121732618,-0.178591042190509
0.981750806454991,0.240148710273888,-0.178576804417113
0.981750970109858,0.240147592290793,-0.178575142793172
0.981751176730613,0.240144505569431,-0.178588244396598
0.981751421907581,0.240139187895902,-0.178618296305302
0.981751701231092,0.240131377056306,-0.178667485597195
0.981752010291471,0.240120810836741,-0.17873799935019
0.981752344678862,0.240107228400121,-0.178832024642196
0.981752698410062,0.240090710248682,-0.178951698658005
0.981753060108474,0.240072124309137,-0.179097526977408
0.981753417242747,0.240052449177087,-0.179268058397502
0.981753757281528,0.240032663448132,-0.179461726112625
0.981754067693468,0.240013745717871,-0.179676963317116
0.981754335947214,0.239996674581905,-0.179912203205312
0.981754549511415,0.239982428635832,-0.18016587897155
0.98175469585472,0.239971986475253,-0.180436423810169
0.981754762445779,0.239966326695767,-0.180722270915506
0.981754736753238,0.239966427892974,-0.181021853481899
0.981754606245748,0.239973268662474,-0.181333604703685
0.981754358391957,0.239987827599866,-0.181655957775203
0.981753980660514,0.240011083300751,-0.181987345890791
0.981753460520067,0.240044014360728,-0.182326202244785
0.981752785439265,0.240087599375396,-0.182670960031525
0.981751943778142,0.240142676278254,-0.183020052445347
0.981750953046788,0.240207676161609,-0.183371828908689
0.981749865714935,0.240279009527195,-0.183724037831787
0.981748736317661,0.240353024206514,-0.18407416517794
0.981747619390043,0.240426068031069,-0.184419695813926
0.98174656946716,0.24049448883236,-0.184758114606521
0.981745641084089,0.240554634441889,-0.185086906422502
0.981744888775907,0.240602852691159,-0.185403556128645
0.981744367077692,0.240635491411669,-0.185705548591728
0.981744130524522,0.240648898434924,-0.185990368678526
0.981744233651474,0.240639421592424,-0.186255501255816
0.981744730993626,0.240603408715671,-0.186498431190376
0.981745677086055,0.240537207636165,-0.186716643348981
0.981747126463839,0.240437166185411,-0.186907622598409
0.981749133662057,0.240299632194909,-0.187068853805436
0.981751753215784,0.24012095349616,-0.187197821836838
0.981755016679895,0.239898984944139,-0.187292019933834
0.981758790740346,0.239638675511253,-0.187351017525814
0.981762870088974,0.239347059714552,-0.187379173532555
0.981767049116819,0.23903117235447,-0.187381520014653
0.981771122214922,0.238698048231439,-0.187363089032702
0.981774883774325,0.23835472214589,-0.187328912647297
0.981778128186069,0.238008228898257,-0.187284022919032
0.981780649841193,0.237665603288971,-0.187233451908502
0.98178224313074,0.237333880118466,-0.187182231676302
0.981782702445749,0.237020094187174,-0.187135394283026
0.981781822177261,0.236731280295528,-0.187097971789269
0.981779396716319,0.236474473243959,-0.187074996255625
0.981775220453961,0.2362567078329,-0.18707149974269
0.98176908778123,0.236085018862785,-0.187092514311057
0.981760793089166,0.235966441134044,-0.187143072021322
0.981750131849025,0.235907942512273,-0.187228204934078
0.981737167338805,0.235912212058595,-0.187352657920632
0.981722580631079,0.235975151046806,-0.187516261813584
0.981707139626609,0.236092058277556,-0.187714722013281
0.981691612226151,0.236258232551495,-0.187943615966492
0.981676766330466,0.236468972669276,-0.188198521119982
0.981663369840312,0.236719577431549,-0.188475014920519
0.981652190656449,0.237005345638965,-0.188768674814868
